method,effect_scale,estimate,conf_low,conf_high,std_error_link_scale,reference_df,p_value,covariates_used,covariates_dropped_no_variation,exposure,module_rds,outcome,transform,n,events,non_events,n_strata,n_psu,cycles,weight_variables,status,error,p_fdr_bh
same_sample_unweighted,odds_ratio,0.5495966861852395,0.38547154370713443,0.783602635257784,0.1809815590947541,2212,9.418089213963732e-4,age+sex+eth+marital+PIR_level+edu+smoke+alcohol.user+PA_level+BMI_level,,As_III_binary_U,HM_urine.rds,CVD,binary_above_detection_threshold,2235,178,2057,30,4,2013-2014|2015-2016,WTSA2YR,ok,,0.08199344070163958
same_sample_unweighted,odds_ratio,0.566061177120405,0.3971361717796413,0.806839766841316,0.1808313510369279,974,0.00165027174092152,age+sex+eth+marital+PIR_level+edu+smoke+alcohol.user+PA_level+BMI_level,,n_PFOA_ln_S,PFC_serum.rds,CVD,natural_log_transformed,997,97,900,15,2,2015-2016,WTSB2YR,ok,,0.08199344070163958
same_sample_unweighted,odds_ratio,2.110520485239511,1.325389104917657,3.3607464419985216,0.23736584742938402,1028,0.0016508746449994548,age+sex+eth+marital+PIR_level+edu+smoke+alcohol.user+PA_level+BMI_level,,IPM1_Cys_ln_U,VOC_urine.rds,CVD,natural_log_transformed,1051,89,962,15,2,2015-2016,WTSA2YR,ok,,0.08199344070163958
same_sample_unweighted,odds_ratio,1.443184916006435,1.1323060951484019,1.8394166654340298,0.12377578114306827,3236,0.0030381977580968564,age+sex+eth+marital+PIR_level+edu+smoke+alcohol.user+PA_level+BMI_level,,Cd_ln_S,HM_serum.rds,CVD,natural_log_transformed,3259,257,3002,30,4,2013-2014|2015-2016,WTSH2YR,ok,,0.09190176852138048
same_sample_unweighted,odds_ratio,1.480134497157622,1.1415828404337791,1.9190881748394064,0.13251121257363413,2210,0.0030839519638047137,age+sex+eth+marital+PIR_level+edu+smoke+alcohol.user+PA_level+BMI_level,,Cd_ln_U,HM_urine.rds,CVD,natural_log_transformed,2233,177,2056,30,4,2013-2014|2015-2016,WTSA2YR,ok,,0.09190176852138048
same_sample_unweighted,odds_ratio,1.1952370863130108,1.0593983876006623,1.3484933611551995,0.06155387400524455,2168,0.0037630144237557404,age+sex+eth+marital+PIR_level+edu+smoke+alcohol.user+PA_level+BMI_level,,CEMA_CYM_ln_U,VOC_urine.rds,CVD,natural_log_transformed,2191,173,2018,30,4,2013-2014|2015-2016,WTSA2YR,ok,,0.09344819152326755
same_sample_unweighted,odds_ratio,1.3434735457922393,1.087922642142913,1.6590528575527819,0.1076491277869336,2204,0.006092048034579494,age+sex+eth+marital+PIR_level+edu+smoke+alcohol.user+PA_level+BMI_level,,X2_FL_ln_U,PAH_urine.rds,CVD,natural_log_transformed,2227,176,2051,30,4,2013-2014|2015-2016,WTSA2YR,ok,,0.12967359387890637
same_sample_unweighted,odds_ratio,0.7761869170737703,0.6432759004276075,0.936559460467902,0.09582811208695294,2144,0.0081951888565798,age+sex+eth+marital+PIR_level+edu+smoke+alcohol.user+PA_level+BMI_level,,ATCA_ln_U,VOC_urine.rds,CVD,natural_log_transformed,2167,171,1996,30,4,2013-2014|2015-2016,WTSA2YR,ok,,0.13878349020007313
same_sample_unweighted,odds_ratio,1.2628978364261487,1.0617058518807738,1.5022154605482487,0.08853838286493478,2210,0.008382895381212471,age+sex+eth+marital+PIR_level+edu+smoke+alcohol.user+PA_level+BMI_level,,U_ln_U,HM_urine.rds,CVD,natural_log_transformed,2233,177,2056,30,4,2013-2014|2015-2016,WTSA2YR,ok,,0.13878349020007313
same_sample_unweighted,odds_ratio,0.4220598883796244,0.21842054409265244,0.8155576670638528,0.33609031540851053,989,0.010270219184142367,age+sex+eth+marital+PIR_level+edu+smoke+alcohol.user+PA_level+BMI_level,,PFHxA_binary_U,PFC_urine.rds,CVD,binary_above_detection_threshold,1012,83,929,15,2,2013-2014,WTSSBH2Y,ok,,0.15302626584372128
same_sample_unweighted,odds_ratio,1.4176873132276375,1.0788482988580428,1.8629471077759532,0.13935603471438632,1028,0.012260047337335234,age+sex+eth+marital+PIR_level+edu+smoke+alcohol.user+PA_level+BMI_level,,IPM3_Cys_ln_U,VOC_urine.rds,CVD,natural_log_transformed,1051,89,962,15,2,2015-2016,WTSA2YR,ok,,0.1570801235354245
same_sample_unweighted,odds_ratio,1.4944945497103908,1.089768051894801,2.0495315083155625,0.16113723576459546,1055,0.012650748204195263,age+sex+eth+marital+PIR_level+edu+smoke+alcohol.user+PA_level+BMI_level,,o_TLD_ln_U,AA_urine.rds,CVD,natural_log_transformed,1078,77,1001,15,2,2013-2014,WTSA2YR,ok,,0.1570801235354245
same_sample_unweighted,odds_ratio,1.3409816173042404,1.0617595044209212,1.6936337188039994,0.11912180837005018,2186,0.013776416774559168,age+sex+eth+marital+PIR_level+edu+smoke+alcohol.user+PA_level+BMI_level,,CEMA_CEM_ln_U,VOC_urine.rds,CVD,natural_log_transformed,2209,175,2034,30,4,2013-2014|2015-2016,WTSA2YR,ok,,0.15789893072379355
same_sample_unweighted,odds_ratio,1.2901666985014557,1.0500395599188626,1.585207046914276,0.10507519307549194,2125,0.015322803531049404,age+sex+eth+marital+PIR_level+edu+smoke+alcohol.user+PA_level+BMI_level,,X3_HPMA_ln_U,VOC_urine.rds,CVD,natural_log_transformed,2148,169,1979,30,4,2013-2014|2015-2016,WTSA2YR,ok,,0.1630784090090258
same_sample_unweighted,odds_ratio,0.3390002020472187,0.1345659110085008,0.8540137403803206,0.47140997844636756,989,0.021749094387777997,age+sex+eth+marital+PIR_level+edu+smoke+alcohol.user+PA_level+BMI_level,,PFBA_binary_U,PFC_urine.rds,CVD,binary_above_detection_threshold,1012,83,929,15,2,2013-2014,WTSSBH2Y,ok,,0.2160410042519281
same_sample_unweighted,odds_ratio,0.7974886691642628,0.6533143146631142,0.9734796302042431,0.10174129487238488,2050,0.026138518154194837,age+sex+eth+marital+PIR_level+edu+smoke+alcohol.user+PA_level+BMI_level,,PFHS_ln_S,PFC_serum.rds,CVD,natural_log_transformed,2073,185,1888,30,4,2013-2014|2015-2016,WTSB2YR,ok,,0.2303211628494314
same_sample_unweighted,odds_ratio,1.2818390731329297,1.029721521904856,1.5956852163007502,0.11174053491091641,2204,0.026278253479465326,age+sex+eth+marital+PIR_level+edu+smoke+alcohol.user+PA_level+BMI_level,,X1_PY_ln_U,PAH_urine.rds,CVD,natural_log_transformed,2227,176,2051,30,4,2013-2014|2015-2016,WTSA2YR,ok,,0.2303211628494314
same_sample_unweighted,odds_ratio,1.36411497469164,1.0329248643145623,1.8014956638814057,0.14189617680887995,1097,0.028650607078301096,age+sex+eth+marital+PIR_level+edu+smoke+alcohol.user+PA_level+BMI_level,,X4_ABP_ln_U,AA_urine.rds,CVD,natural_log_transformed,1120,77,1043,15,2,2013-2014,WTSA2YR,ok,,0.23716335859260354
same_sample_unweighted,odds_ratio,1.3387566104511217,1.0094015142348898,1.7755761575066464,0.14407595635283066,2162,0.04287629595623571,age+sex+eth+marital+PIR_level+edu+smoke+alcohol.user+PA_level+BMI_level,,PGA_ln_U,VOC_urine.rds,CVD,natural_log_transformed,2185,171,2014,30,4,2013-2014|2015-2016,WTSA2YR,ok,,0.31061320207551163
same_sample_unweighted,odds_ratio,1.2129530440681833,1.0049023461462026,1.4640776715832449,0.09600561609402451,2203,0.04433577251855475,age+sex+eth+marital+PIR_level+edu+smoke+alcohol.user+PA_level+BMI_level,,X3_FL_ln_U,PAH_urine.rds,CVD,natural_log_transformed,2226,177,2049,30,4,2013-2014|2015-2016,WTSA2YR,ok,,0.31061320207551163
same_sample_unweighted,odds_ratio,0.8139700121028217,0.6640153592154405,0.9977889387761941,0.1038887684692435,2180,0.04756094507011122,age+sex+eth+marital+PIR_level+edu+smoke+alcohol.user+PA_level+BMI_level,,X24D_ln_U,pesticides_urine.rds,CVD,natural_log_transformed,2203,194,2009,30,4,2013-2014|2015-2016,WTSB2YR|WTSC2YR,ok,,0.31061320207551163
same_sample_unweighted,odds_ratio,1.2455791287254443,1.0012988911883063,1.5494547927394684,0.1113808920773782,2121,0.04865321672666722,age+sex+eth+marital+PIR_level+edu+smoke+alcohol.user+PA_level+BMI_level,,MECPP_ln_U,Phthalates_urine.rds,CVD,natural_log_transformed,2144,190,1954,30,4,2013-2014|2015-2016,WTSB2YR,ok,,0.31061320207551163
same_sample_unweighted,odds_ratio,1.4574353064788885,1.001359237091502,2.121234412078544,0.19149328274267807,2076,0.04917661011313853,age+sex+eth+marital+PIR_level+edu+smoke+alcohol.user+PA_level+BMI_level,,DHB_Cys_ln_U,VOC_urine.rds,CVD,natural_log_transformed,2099,165,1934,30,4,2013-2014|2015-2016,WTSA2YR,ok,,0.31061320207551163
same_sample_unweighted,odds_ratio,1.1457515624082795,0.9999812019179297,1.3127713203440328,0.0694296463576847,2137,0.05003165671014953,age+sex+eth+marital+PIR_level+edu+smoke+alcohol.user+PA_level+BMI_level,,X1_NP_ln_U,PAH_urine.rds,CVD,natural_log_transformed,2160,163,1997,30,4,2013-2014|2015-2016,WTSA2YR,ok,,0.31061320207551163
same_sample_unweighted,odds_ratio,1.179706803151074,0.9982097082106894,1.3942041736856987,0.08523515395799057,2209,0.05250852128450126,age+sex+eth+marital+PIR_level+edu+smoke+alcohol.user+PA_level+BMI_level,,Sn_ln_U,HM_urine.rds,CVD,natural_log_transformed,2232,177,2055,30,4,2013-2014|2015-2016,WTSA2YR,ok,,0.3129507868556275
same_sample_unweighted,odds_ratio,0.7085366743314017,0.4971885426610696,1.0097260411224511,0.18073419118103,2214,0.05659704061367691,age+sex+eth+marital+PIR_level+edu+smoke+alcohol.user+PA_level+BMI_level,,Hg_binary_U,HM_urine.rds,CVD,binary_above_detection_threshold,2237,178,2059,30,4,2013-2014|2015-2016,WTSA2YR,ok,,0.3243445789014561
same_sample_unweighted,odds_ratio,1.2158843199997083,0.9912461456068022,1.4914304445705053,0.10421826294165885,2139,0.060710393260287286,age+sex+eth+marital+PIR_level+edu+smoke+alcohol.user+PA_level+BMI_level,,MB3_Cys_ln_U,VOC_urine.rds,CVD,natural_log_transformed,2162,170,1992,30,4,2013-2014|2015-2016,WTSA2YR,ok,,0.3350314294734372
same_sample_unweighted,odds_ratio,1.2147953026298342,0.9838476702906729,1.4999554014855918,0.10758350132413537,2121,0.07051307181986191,age+sex+eth+marital+PIR_level+edu+smoke+alcohol.user+PA_level+BMI_level,,MiBP_ln_U,Phthalates_urine.rds,CVD,natural_log_transformed,2144,190,1954,30,4,2013-2014|2015-2016,WTSB2YR,ok,,0.3597019203358031
same_sample_unweighted,odds_ratio,0.5096298479326221,0.24541525978807396,1.0582984209217816,0.37282978969716374,820,0.07060886113950535,age+sex+eth+marital+PIR_level+edu+smoke+alcohol.user+PA_level+BMI_level,,X5OHIMI_binary_U,pesticides_urine.rds,CVD,binary_above_detection_threshold,843,86,757,15,2,2015-2016,WTSSBI2Y,ok,,0.3597019203358031
same_sample_unweighted,odds_ratio,0.7993064001325323,0.6259957721607357,1.020599099395804,0.12469654358917354,2050,0.07242320543673889,age+sex+eth+marital+PIR_level+edu+smoke+alcohol.user+PA_level+BMI_level,,PFNA_ln_S,PFC_serum.rds,CVD,natural_log_transformed,2073,185,1888,30,4,2013-2014|2015-2016,WTSB2YR,ok,,0.3597019203358031
same_sample_unweighted,odds_ratio,0.7319575857554278,0.5148051500799335,1.0407081344499505,0.1795615084712232,2123,0.08225517050197105,age+sex+eth+marital+PIR_level+edu+smoke+alcohol.user+PA_level+BMI_level,,TCC_binary_U,PCCP_urine.rds,CVD,binary_above_detection_threshold,2146,190,1956,30,4,2013-2014|2015-2016,WTSB2YR,ok,,0.3953554969288286
same_sample_unweighted,odds_ratio,1.1525740705384746,0.9779778331311842,1.3583405912426605,0.08381074309584606,2121,0.09021458780118442,age+sex+eth+marital+PIR_level+edu+smoke+alcohol.user+PA_level+BMI_level,,MBzP_ln_U,Phthalates_urine.rds,CVD,natural_log_transformed,2144,190,1954,30,4,2013-2014|2015-2016,WTSB2YR,ok,,0.42006167444926495
same_sample_unweighted,odds_ratio,1.2367673446018441,0.9589982256642371,1.5949909225473742,0.1297814917352281,2115,0.1015520978158933,age+sex+eth+marital+PIR_level+edu+smoke+alcohol.user+PA_level+BMI_level,,EO_ln_S,gas_serum.rds,CVD,natural_log_transformed,2138,170,1968,30,4,2013-2014|2015-2016,WTSA2YR,ok,,0.45361546696756927
same_sample_unweighted,odds_ratio,1.5053187089240936,0.9152222666671976,2.475884272012451,0.2538786300404051,1010,0.10717442593899386,age+sex+eth+marital+PIR_level+edu+smoke+alcohol.user+PA_level+BMI_level,,MCOCH_binary_U,Phthalates_urine.rds,CVD,binary_above_detection_threshold,1033,103,930,15,2,2015-2016,WTSB2YR,ok,,0.45361546696756927
same_sample_unweighted,odds_ratio,1.1812024547339386,0.9639594292314629,1.4474045242566547,0.10369528306382413,2171,0.10827746028767915,age+sex+eth+marital+PIR_level+edu+smoke+alcohol.user+PA_level+BMI_level,,X2_NP_ln_U,PAH_urine.rds,CVD,natural_log_transformed,2194,172,2022,30,4,2013-2014|2015-2016,WTSA2YR,ok,,0.45361546696756927
same_sample_unweighted,odds_ratio,1.3603949996296425,0.9296504905534526,1.9907207857391278,0.1942493237458369,2173,0.11309514733294716,age+sex+eth+marital+PIR_level+edu+smoke+alcohol.user+PA_level+BMI_level,,OXY_binary_U,pesticides_urine.rds,CVD,binary_above_detection_threshold,2196,193,2003,30,4,2013-2014|2015-2016,WTSB2YR|WTSC2YR,ok,,0.45361546696756927
same_sample_unweighted,odds_ratio,1.2263325552723334,0.9507577572863564,1.581782030801582,0.12986158321509664,2210,0.11615491664608657,age+sex+eth+marital+PIR_level+edu+smoke+alcohol.user+PA_level+BMI_level,,Co_ln_U,HM_urine.rds,CVD,natural_log_transformed,2233,177,2056,30,4,2013-2014|2015-2016,WTSA2YR,ok,,0.45361546696756927
same_sample_unweighted,odds_ratio,1.1814513976576215,0.9590753589244351,1.455388663715135,0.10639445865381546,2121,0.11706293198079723,age+sex+eth+marital+PIR_level+edu+smoke+alcohol.user+PA_level+BMI_level,,MEOHP_ln_U,Phthalates_urine.rds,CVD,natural_log_transformed,2144,190,1954,30,4,2013-2014|2015-2016,WTSB2YR,ok,,0.45361546696756927
same_sample_unweighted,odds_ratio,1.4965013638228895,0.9018397409753922,2.483275276272036,0.25839679152808254,1148,0.11873156517943087,age+sex+eth+marital+PIR_level+edu+smoke+alcohol.user+PA_level+BMI_level,,TTCA_binary_U,VOC_urine.rds,CVD,binary_above_detection_threshold,1171,86,1085,15,2,2013-2014,WTSA2YR,ok,,0.45361546696756927
same_sample_unweighted,odds_ratio,1.1751036770051935,0.9550363822882474,1.4458806777628654,0.10579899614405275,2169,0.12722866411632452,age+sex+eth+marital+PIR_level+edu+smoke+alcohol.user+PA_level+BMI_level,,PMM_Cys_ln_U,VOC_urine.rds,CVD,natural_log_transformed,2192,173,2019,30,4,2013-2014|2015-2016,WTSA2YR,ok,,0.4739267738333089
same_sample_unweighted,odds_ratio,1.1996310377690123,0.9464946836383625,1.5204677338986672,0.12092261290097056,2205,0.1322698509524033,age+sex+eth+marital+PIR_level+edu+smoke+alcohol.user+PA_level+BMI_level,,X1_PH_ln_U,PAH_urine.rds,CVD,natural_log_transformed,2228,177,2051,30,4,2013-2014|2015-2016,WTSA2YR,ok,,0.4806879949245876
same_sample_unweighted,odds_ratio,0.47479688699992983,0.17831066489656322,1.2642658476743145,0.49968253323799866,1945,0.13604478609335022,age+sex+eth+marital+PIR_level+edu+smoke+alcohol.user+PA_level+BMI_level,,FA_ln_S,gas_serum.rds,CVD,natural_log_transformed,1968,162,1806,30,4,2013-2014|2015-2016,WTSA2YR,ok,,0.48263507447402815
same_sample_unweighted,odds_ratio,1.1988482920175088,0.9307756000948109,1.5441286032067212,0.12913421016006235,2135,0.1601876612248292,age+sex+eth+marital+PIR_level+edu+smoke+alcohol.user+PA_level+BMI_level,,CEMA_AAM_ln_U,VOC_urine.rds,CVD,natural_log_transformed,2158,166,1992,30,4,2013-2014|2015-2016,WTSA2YR,ok,,0.5238879772929297
same_sample_unweighted,odds_ratio,0.8607370533686778,0.6981689205144449,1.06115905946642,0.10680195284210589,2050,0.1602734738934355,age+sex+eth+marital+PIR_level+edu+smoke+alcohol.user+PA_level+BMI_level,,PFDA_ln_S,PFC_serum.rds,CVD,natural_log_transformed,2073,185,1888,30,4,2013-2014|2015-2016,WTSB2YR,ok,,0.5238879772929297
same_sample_unweighted,odds_ratio,1.1758703591179687,0.9371485328879513,1.4754023006271273,0.11577870615312154,2205,0.1617244350233757,age+sex+eth+marital+PIR_level+edu+smoke+alcohol.user+PA_level+BMI_level,,X23_OH_PH_ln_U,PAH_urine.rds,CVD,natural_log_transformed,2228,177,2051,30,4,2013-2014|2015-2016,WTSA2YR,ok,,0.5238879772929297
same_sample_unweighted,odds_ratio,1.141958038899759,0.947932377849739,1.3756974580464187,0.09501015281949592,2189,0.16236551946276734,age+sex+eth+marital+PIR_level+edu+smoke+alcohol.user+PA_level+BMI_level,,BMA_ln_U,VOC_urine.rds,CVD,natural_log_transformed,2212,175,2037,30,4,2013-2014|2015-2016,WTSA2YR,ok,,0.5238879772929297
same_sample_unweighted,odds_ratio,0.7350887514551369,0.4759367595190718,1.1353514132043396,0.22179298108502543,3116,0.16525325458233353,age+sex+eth+marital+PIR_level+edu+smoke+alcohol.user+PA_level+BMI_level,,BDCM_binary_S,VOC_serum.rds,CVD,binary_above_detection_threshold,3139,243,2896,30,4,2013-2014|2015-2016,WTSVOC2Y,ok,,0.5238879772929297
same_sample_unweighted,odds_ratio,0.8879556212653474,0.7470358780116062,1.0554582564834714,0.08816924882690007,1913,0.17772636785902307,age+sex+eth+marital+PIR_level+edu+smoke+alcohol.user+PA_level+BMI_level,,BDCPP_ln_U,BFR_urine.rds,CVD,natural_log_transformed,1936,174,1762,30,4,2013-2014|2015-2016,WTSSBI2Y|WTSSCH2Y,ok,,0.5516922668957174
same_sample_unweighted,odds_ratio,1.1303302164158313,0.942336744434501,1.3558278457128186,0.09280905593336372,2177,0.18682831563587504,age+sex+eth+marital+PIR_level+edu+smoke+alcohol.user+PA_level+BMI_level,,X2_HPMA_ln_U,VOC_urine.rds,CVD,natural_log_transformed,2200,173,2027,30,4,2013-2014|2015-2016,WTSA2YR,ok,,0.5577720755169837
same_sample_unweighted,odds_ratio,1.5739823045910242,0.8021705676955875,3.0883959034829838,0.34390577007240575,3138,0.18717183742180662,age+sex+eth+marital+PIR_level+edu+smoke+alcohol.user+PA_level+BMI_level,,X25_DMF_binary_S,VOC_serum.rds,CVD,binary_above_detection_threshold,3161,243,2918,30,4,2013-2014|2015-2016,WTSVOC2Y,ok,,0.5577720755169837
same_sample_unweighted,odds_ratio,1.1253730835235762,0.940627575444935,1.3464038373745315,0.09149280544269199,1921,0.19671353677639297,age+sex+eth+marital+PIR_level+edu+smoke+alcohol.user+PA_level+BMI_level,,DPHP_ln_U,BFR_urine.rds,CVD,natural_log_transformed,1944,178,1766,30,4,2013-2014|2015-2016,WTSSBI2Y|WTSSCH2Y,ok,,0.5747120976408343
same_sample_unweighted,odds_ratio,1.1257720513385396,0.9285780273122608,1.364842451897472,0.09825177171642753,2121,0.22790607064709661,age+sex+eth+marital+PIR_level+edu+smoke+alcohol.user+PA_level+BMI_level,,MCNP_ln_U,Phthalates_urine.rds,CVD,natural_log_transformed,2144,190,1954,30,4,2013-2014|2015-2016,WTSB2YR,ok,,0.6428823028584596
same_sample_unweighted,odds_ratio,1.61227057651685,0.740783981971243,3.5090073154455497,0.396787750215556,1024,0.2286762553791836,age+sex+eth+marital+PIR_level+edu+smoke+alcohol.user+PA_level+BMI_level,,DPCP_binary_U,BFR_urine.rds,CVD,binary_above_detection_threshold,1047,83,964,15,2,2013-2014,WTSSCH2Y,ok,,0.6428823028584596
same_sample_unweighted,odds_ratio,0.91702774203681,0.7935637726371876,1.0597004407982251,0.07377881453359668,2120,0.24038837038297783,age+sex+eth+marital+PIR_level+edu+smoke+alcohol.user+PA_level+BMI_level,,BPS_ln_U,PCCP_urine.rds,CVD,natural_log_transformed,2143,190,1953,30,4,2013-2014|2015-2016,WTSB2YR,ok,,0.6632938367974758
same_sample_unweighted,odds_ratio,0.7358619181387793,0.43784832977671073,1.2367130938766588,0.2648874788715222,1012,0.2469054988405078,age+sex+eth+marital+PIR_level+edu+smoke+alcohol.user+PA_level+BMI_level,,DETP_binary_U,pesticides_urine.rds,CVD,binary_above_detection_threshold,1035,104,931,15,2,2015-2016,WTSB2YR,ok,,0.663438023367821
same_sample_unweighted,odds_ratio,0.6443325247300107,0.30501486243667625,1.361128435212371,0.3815653944521403,1013,0.24934583428589246,age+sex+eth+marital+PIR_level+edu+smoke+alcohol.user+PA_level+BMI_level,,MDA_binary_U,pesticides_urine.rds,CVD,binary_above_detection_threshold,1036,105,931,15,2,2015-2016,WTSB2YR,ok,,0.663438023367821
same_sample_unweighted,odds_ratio,0.8419349263677999,0.6252864167055496,1.1336475594219657,0.15178488865629142,974,0.2569922272550761,age+sex+eth+marital+PIR_level+edu+smoke+alcohol.user+PA_level+BMI_level,,Sm_PFOS_ln_S,PFC_serum.rds,CVD,natural_log_transformed,997,97,900,15,2,2015-2016,WTSB2YR,ok,,0.6677657960058193
same_sample_unweighted,odds_ratio,1.351895683276998,0.7974320850611448,2.291884127439949,0.26932455352017315,3142,0.26292850626633996,age+sex+eth+marital+PIR_level+edu+smoke+alcohol.user+PA_level+BMI_level,,Furan_binary_S,VOC_serum.rds,CVD,binary_above_detection_threshold,3165,244,2921,30,4,2013-2014|2015-2016,WTSVOC2Y,ok,,0.6677657960058193
same_sample_unweighted,odds_ratio,0.9450375293097443,0.8550983389930753,1.0444365180916322,0.051025509836028576,2157,0.26790943802238765,age+sex+eth+marital+PIR_level+edu+smoke+alcohol.user+PA_level+BMI_level,,DEA_ln_U,pesticides_urine.rds,CVD,natural_log_transformed,2180,189,1991,30,4,2013-2014|2015-2016,WTSB2YR|WTSC2YR,ok,,0.6677657960058193
same_sample_unweighted,odds_ratio,0.8802904193294683,0.7022006683551888,1.1035466886956644,0.11532490455925448,2200,0.2688989782573769,age+sex+eth+marital+PIR_level+edu+smoke+alcohol.user+PA_level+BMI_level,,Perchlorate_ln_U,PERNT_urine.rds,CVD,natural_log_transformed,2223,176,2047,30,4,2013-2014|2015-2016,WTSA2YR,ok,,0.6677657960058193
same_sample_unweighted,odds_ratio,1.6164538959104617,0.6615751494254334,3.9495485885063677,0.4558076072803343,1029,0.29207020736128775,age+sex+eth+marital+PIR_level+edu+smoke+alcohol.user+PA_level+BMI_level,,CYHA_Cys_binary_U,VOC_urine.rds,CVD,binary_above_detection_threshold,1052,89,963,15,2,2015-2016,WTSA2YR,ok,,0.70280270122912
same_sample_unweighted,odds_ratio,1.2152243858544858,0.8453788544424474,1.7468739609643846,0.18515602631984018,1924,0.29244139245775463,age+sex+eth+marital+PIR_level+edu+smoke+alcohol.user+PA_level+BMI_level,,BCPP_binary_U,BFR_urine.rds,CVD,binary_above_detection_threshold,1947,178,1769,30,4,2013-2014|2015-2016,WTSSBI2Y|WTSSCH2Y,ok,,0.70280270122912
same_sample_unweighted,odds_ratio,0.6322576916029338,0.258432217745317,1.5468264447779527,0.45646941074700287,877,0.31520658940917495,age+sex+eth+marital+PIR_level+edu+smoke+alcohol.user+PA_level+BMI_level,,TBPPP_binary_U,BFR_urine.rds,CVD,binary_above_detection_threshold,900,95,805,15,2,2015-2016,WTSSBI2Y,ok,,0.7454886003486836
same_sample_unweighted,odds_ratio,1.338215364163236,0.7459807585046578,2.400625405502815,0.29816485666394343,1042,0.32851960282985493,age+sex+eth+marital+PIR_level+edu+smoke+alcohol.user+PA_level+BMI_level,,X26_DMA_binary_U,AA_urine.rds,CVD,binary_above_detection_threshold,1065,82,983,15,2,2013-2014,WTSA2YR,ok,,0.7506332162027618
same_sample_unweighted,odds_ratio,1.1262586624100184,0.8868080055640665,1.4303643705232263,0.12195529967738632,2175,0.3295813940548804,age+sex+eth+marital+PIR_level+edu+smoke+alcohol.user+PA_level+BMI_level,,CMAC_ln_U,VOC_urine.rds,CVD,natural_log_transformed,2198,172,2026,30,4,2013-2014|2015-2016,WTSA2YR,ok,,0.7506332162027618
same_sample_unweighted,odds_ratio,0.5774890618553489,0.19022872673539193,1.7531191123749692,0.5665728234794936,3235,0.33249525013008235,age+sex+eth+marital+PIR_level+edu+smoke+alcohol.user+PA_level+BMI_level,,Se_ln_S,HM_serum.rds,CVD,natural_log_transformed,3258,256,3002,30,4,2013-2014|2015-2016,WTSH2YR,ok,,0.7506332162027618
same_sample_unweighted,odds_ratio,1.0866713427821086,0.9120571168838304,1.2947156327867102,0.08937504666589456,2196,0.35236867179874987,age+sex+eth+marital+PIR_level+edu+smoke+alcohol.user+PA_level+BMI_level,,Thiocyanate_ln_U,PERNT_urine.rds,CVD,natural_log_transformed,2219,175,2044,30,4,2013-2014|2015-2016,WTSA2YR,ok,,0.7776399863080211
same_sample_unweighted,odds_ratio,1.0824452833326457,0.9151966977006464,1.2802578881161366,0.08563366521563935,1016,0.35489610113386194,age+sex+eth+marital+PIR_level+edu+smoke+alcohol.user+PA_level+BMI_level,,DMTP_ln_U,pesticides_urine.rds,CVD,natural_log_transformed,1039,104,935,15,2,2015-2016,WTSB2YR,ok,,0.7776399863080211
same_sample_unweighted,odds_ratio,1.1227489437865994,0.871294836616063,1.4467722495288857,0.1293671465796924,2210,0.3708015669508662,age+sex+eth+marital+PIR_level+edu+smoke+alcohol.user+PA_level+BMI_level,,Sb_ln_U,HM_urine.rds,CVD,natural_log_transformed,2233,177,2056,30,4,2013-2014|2015-2016,WTSA2YR,ok,,0.8007164271837545
same_sample_unweighted,odds_ratio,1.1141848207054494,0.8680541197194926,1.4301041680345794,0.12736165222790077,1016,0.3959119096859462,age+sex+eth+marital+PIR_level+edu+smoke+alcohol.user+PA_level+BMI_level,,DEP_ln_U,pesticides_urine.rds,CVD,natural_log_transformed,1039,105,934,15,2,2015-2016,WTSB2YR,ok,,0.8092101841311092
same_sample_unweighted,odds_ratio,1.1133456059387643,0.8592495269957448,1.4425826250926674,0.13217868151602644,2211,0.41661604474370395,age+sex+eth+marital+PIR_level+edu+smoke+alcohol.user+PA_level+BMI_level,,DMA_ln_U,HM_urine.rds,CVD,natural_log_transformed,2234,178,2056,30,4,2013-2014|2015-2016,WTSA2YR,ok,,0.8092101841311092
same_sample_unweighted,odds_ratio,0.8709302086419195,0.623655715379306,1.2162470568616977,0.1703926044018124,3126,0.41734871496395864,age+sex+eth+marital+PIR_level+edu+smoke+alcohol.user+PA_level+BMI_level,,m_p_Xylene_binary_S,VOC_serum.rds,CVD,binary_above_detection_threshold,3149,243,2906,30,4,2013-2014|2015-2016,WTSVOC2Y,ok,,0.8092101841311092
same_sample_unweighted,odds_ratio,0.9339883249932693,0.7865187591151194,1.1091079279598635,0.08767883792717084,2071,0.4360500868215113,age+sex+eth+marital+PIR_level+edu+smoke+alcohol.user+PA_level+BMI_level,,X2_MHA_ln_U,VOC_urine.rds,CVD,natural_log_transformed,2094,164,1930,30,4,2013-2014|2015-2016,WTSA2YR,ok,,0.8092101841311092
same_sample_unweighted,odds_ratio,0.7409341963015139,0.34747372351171707,1.5799280524026686,0.38634524769937983,876,0.43768854572517124,age+sex+eth+marital+PIR_level+edu+smoke+alcohol.user+PA_level+BMI_level,,IPPPP_binary_U,BFR_urine.rds,CVD,binary_above_detection_threshold,899,95,804,15,2,2015-2016,WTSSBI2Y,ok,,0.8092101841311092
same_sample_unweighted,odds_ratio,1.2702066066219682,0.6932200503891084,2.327435310909531,0.308978823877181,1132,0.43887345250251986,age+sex+eth+marital+PIR_level+edu+smoke+alcohol.user+PA_level+BMI_level,,A_a_C_binary_U,AA_urine.rds,CVD,binary_above_detection_threshold,1155,85,1070,15,2,2013-2014,WTSA2YR,ok,,0.8092101841311092
same_sample_unweighted,odds_ratio,1.1459585102343435,0.8113867680059323,1.6184894294072525,0.17615213969664334,2050,0.4392677253469195,age+sex+eth+marital+PIR_level+edu+smoke+alcohol.user+PA_level+BMI_level,,MeFOSAA_binary_S,PFC_serum.rds,CVD,binary_above_detection_threshold,2073,185,1888,30,4,2013-2014|2015-2016,WTSB2YR,ok,,0.8092101841311092
same_sample_unweighted,odds_ratio,0.8180571076230376,0.48819016269338694,1.3708130201568185,0.26338603380419173,1131,0.4457813947586926,age+sex+eth+marital+PIR_level+edu+smoke+alcohol.user+PA_level+BMI_level,,PhIP_binary_U,AA_urine.rds,CVD,binary_above_detection_threshold,1154,85,1069,15,2,2013-2014,WTSA2YR,ok,,0.8092101841311092
same_sample_unweighted,odds_ratio,1.1110126667728473,0.8465225545973192,1.4581408835785592,0.13872211285695513,1132,0.4479309214427978,age+sex+eth+marital+PIR_level+edu+smoke+alcohol.user+PA_level+BMI_level,,Harman_ln_U,AA_urine.rds,CVD,natural_log_transformed,1155,85,1070,15,2,2013-2014,WTSA2YR,ok,,0.8092101841311092
same_sample_unweighted,odds_ratio,0.9602546415382595,0.8646317787548843,1.066452794418022,0.05351872520050874,2121,0.4485674988762505,age+sex+eth+marital+PIR_level+edu+smoke+alcohol.user+PA_level+BMI_level,,MeP_ln_U,PCCP_urine.rds,CVD,natural_log_transformed,2144,190,1954,30,4,2013-2014|2015-2016,WTSB2YR,ok,,0.8092101841311092
same_sample_unweighted,odds_ratio,1.0752489890542414,0.8910237846373003,1.2975640026632893,0.0958876854459231,2209,0.4492668565751383,age+sex+eth+marital+PIR_level+edu+smoke+alcohol.user+PA_level+BMI_level,,W_ln_U,HM_urine.rds,CVD,natural_log_transformed,2232,177,2055,30,4,2013-2014|2015-2016,WTSA2YR,ok,,0.8092101841311092
same_sample_unweighted,odds_ratio,1.0719007018874798,0.8954410005194736,1.2831343595393971,0.09177330552653329,2121,0.4493042566458205,age+sex+eth+marital+PIR_level+edu+smoke+alcohol.user+PA_level+BMI_level,,BPA_ln_U,PCCP_urine.rds,CVD,natural_log_transformed,2144,190,1954,30,4,2013-2014|2015-2016,WTSB2YR,ok,,0.8092101841311092
same_sample_unweighted,odds_ratio,0.9161902381535687,0.7296894765048604,1.1503585833641958,0.11612711227648408,2160,0.45099706947715285,age+sex+eth+marital+PIR_level+edu+smoke+alcohol.user+PA_level+BMI_level,,TCPY_ln_U,pesticides_urine.rds,CVD,natural_log_transformed,2183,192,1991,30,4,2013-2014|2015-2016,WTSB2YR|WTSC2YR,ok,,0.8092101841311092
same_sample_unweighted,odds_ratio,0.8705648833595523,0.6046568979573187,1.2534103533742007,0.18596316498405588,2150,0.4560428015278049,age+sex+eth+marital+PIR_level+edu+smoke+alcohol.user+PA_level+BMI_level,,PHE_Cys_binary_U,VOC_urine.rds,CVD,binary_above_detection_threshold,2173,173,2000,30,4,2013-2014|2015-2016,WTSA2YR,ok,,0.8092101841311092
same_sample_unweighted,odds_ratio,1.1480422749042898,0.7984444322028242,1.6507110724426872,0.18528300973388948,2122,0.4561990299799542,age+sex+eth+marital+PIR_level+edu+smoke+alcohol.user+PA_level+BMI_level,,MHNCH_binary_U,Phthalates_urine.rds,CVD,binary_above_detection_threshold,2145,190,1955,30,4,2013-2014|2015-2016,WTSB2YR,ok,,0.8092101841311092
same_sample_unweighted,odds_ratio,0.8768447841586485,0.6174488020583921,1.2452154299159466,0.17894912409654024,2162,0.46268779084704276,age+sex+eth+marital+PIR_level+edu+smoke+alcohol.user+PA_level+BMI_level,,PMA_binary_U,VOC_urine.rds,CVD,binary_above_detection_threshold,2185,172,2013,30,4,2013-2014|2015-2016,WTSA2YR,ok,,0.8110644804259926
same_sample_unweighted,odds_ratio,0.8747050097879827,0.6016509486880103,1.2716822865760107,0.19092659003094514,2181,0.4832080939398292,age+sex+eth+marital+PIR_level+edu+smoke+alcohol.user+PA_level+BMI_level,,HEMA_binary_U,VOC_urine.rds,CVD,binary_above_detection_threshold,2204,174,2030,30,4,2013-2014|2015-2016,WTSA2YR,ok,,0.8219194118987619
same_sample_unweighted,odds_ratio,0.9428605614084138,0.7981189959610567,1.1138514967795181,0.08503253219185526,2121,0.4889789684143931,age+sex+eth+marital+PIR_level+edu+smoke+alcohol.user+PA_level+BMI_level,,MCPP_ln_U,Phthalates_urine.rds,CVD,natural_log_transformed,2144,190,1954,30,4,2013-2014|2015-2016,WTSB2YR,ok,,0.8219194118987619
same_sample_unweighted,odds_ratio,0.9306939751372237,0.7582478343327538,1.1423590495566163,0.10455305754938492,2020,0.4921019509190076,age+sex+eth+marital+PIR_level+edu+smoke+alcohol.user+PA_level+BMI_level,,MHBP_ln_U,Phthalates_urine.rds,CVD,natural_log_transformed,2043,186,1857,30,4,2013-2014|2015-2016,WTSB2YR|WTSSBH2Y,ok,,0.8219194118987619
same_sample_unweighted,odds_ratio,0.8889391584195009,0.6338893439190907,1.246610051031924,0.17253092139303705,2122,0.4950176278919453,age+sex+eth+marital+PIR_level+edu+smoke+alcohol.user+PA_level+BMI_level,,MEHP_binary_U,Phthalates_urine.rds,CVD,binary_above_detection_threshold,2145,190,1955,30,4,2013-2014|2015-2016,WTSB2YR,ok,,0.8219194118987619
same_sample_unweighted,odds_ratio,1.071357799164985,0.8772737153680815,1.30838017111917,0.10197281577156311,2121,0.4990830358048576,age+sex+eth+marital+PIR_level+edu+smoke+alcohol.user+PA_level+BMI_level,,MEHHP_ln_U,Phthalates_urine.rds,CVD,natural_log_transformed,2144,190,1954,30,4,2013-2014|2015-2016,WTSB2YR,ok,,0.8219194118987619
same_sample_unweighted,odds_ratio,0.9443511227264599,0.7946235132415923,1.1222912840279726,0.08807795253127401,2210,0.5156441072279232,age+sex+eth+marital+PIR_level+edu+smoke+alcohol.user+PA_level+BMI_level,,Ba_ln_U,HM_urine.rds,CVD,natural_log_transformed,2233,177,2056,30,4,2013-2014|2015-2016,WTSA2YR,ok,,0.8219194118987619
same_sample_unweighted,odds_ratio,0.9360317539914783,0.7643222396225212,1.1463168269355524,0.10339981900286851,2020,0.5226128580133738,age+sex+eth+marital+PIR_level+edu+smoke+alcohol.user+PA_level+BMI_level,,HIBP_ln_U,Phthalates_urine.rds,CVD,natural_log_transformed,2043,186,1857,30,4,2013-2014|2015-2016,WTSB2YR|WTSSBH2Y,ok,,0.8219194118987619
same_sample_unweighted,odds_ratio,1.0474676652810957,0.9084647397554377,1.2077392349919898,0.07264149157311152,2121,0.5232027984369556,age+sex+eth+marital+PIR_level+edu+smoke+alcohol.user+PA_level+BMI_level,,MCOP_ln_U,Phthalates_urine.rds,CVD,natural_log_transformed,2144,190,1954,30,4,2013-2014|2015-2016,WTSB2YR,ok,,0.8219194118987619
same_sample_unweighted,odds_ratio,0.7893393850359235,0.3716943773611002,1.67626066660565,0.38425421575643287,1053,0.5381379186310681,age+sex+eth+marital+PIR_level+edu+smoke+alcohol.user+PA_level+BMI_level,,PFHpA_binary_S,PFC_serum.rds,CVD,binary_above_detection_threshold,1076,88,988,15,2,2013-2014,WTSB2YR,ok,,0.8219194118987619
same_sample_unweighted,odds_ratio,0.9515461790135185,0.8120970495590705,1.1149407959145243,0.08085269294963571,3236,0.5390232206730514,age+sex+eth+marital+PIR_level+edu+smoke+alcohol.user+PA_level+BMI_level,,THg_ln_S,HM_serum.rds,CVD,natural_log_transformed,3259,257,3002,30,4,2013-2014|2015-2016,WTSH2YR,ok,,0.8219194118987619
same_sample_unweighted,odds_ratio,0.8839812165886658,0.5948346567154353,1.3136806715271883,0.20212225238800674,3059,0.5417802342207827,age+sex+eth+marital+PIR_level+edu+smoke+alcohol.user+PA_level+BMI_level,,Benzene_binary_S,VOC_serum.rds,CVD,binary_above_detection_threshold,3082,240,2842,30,4,2013-2014|2015-2016,WTSVOC2Y,ok,,0.8219194118987619
same_sample_unweighted,odds_ratio,1.1385389984870165,0.7498259395231757,1.7287626137609142,0.2130957729439995,3140,0.5426160950870458,age+sex+eth+marital+PIR_level+edu+smoke+alcohol.user+PA_level+BMI_level,,DBCM_binary_S,VOC_serum.rds,CVD,binary_above_detection_threshold,3163,244,2919,30,4,2013-2014|2015-2016,WTSVOC2Y,ok,,0.8219194118987619
same_sample_unweighted,odds_ratio,1.0638240589452752,0.8674915259099135,1.3045909897548977,0.1040935222962368,1086,0.5522649757594804,age+sex+eth+marital+PIR_level+edu+smoke+alcohol.user+PA_level+BMI_level,,X1_AN_ln_U,AA_urine.rds,CVD,natural_log_transformed,1109,78,1031,15,2,2013-2014,WTSA2YR,ok,,0.8219194118987619
same_sample_unweighted,odds_ratio,1.0730630011970235,0.8466186018813445,1.3600743026189064,0.12093189338017536,1917,0.5598160206470417,age+sex+eth+marital+PIR_level+edu+smoke+alcohol.user+PA_level+BMI_level,,GLYP_ln_U,GYLP_urine.rds,CVD,natural_log_transformed,1940,177,1763,30,4,2013-2014|2015-2016,WTSSCH2Y|WTSSGL2Y,ok,,0.8219194118987619
same_sample_unweighted,odds_ratio,1.1162276533676898,0.7689992346422105,1.6202411108022035,0.1901158089172077,2211,0.563023030871298,age+sex+eth+marital+PIR_level+edu+smoke+alcohol.user+PA_level+BMI_level,,Mn_binary_U,HM_urine.rds,CVD,binary_above_detection_threshold,2234,177,2057,30,4,2013-2014|2015-2016,WTSA2YR,ok,,0.8219194118987619
same_sample_unweighted,odds_ratio,0.9399612684082472,0.7611621613834149,1.1607607825667887,0.10765108299805923,2141,0.5651830202021301,age+sex+eth+marital+PIR_level+edu+smoke+alcohol.user+PA_level+BMI_level,,PNP_ln_U,pesticides_urine.rds,CVD,natural_log_transformed,2164,192,1972,30,4,2013-2014|2015-2016,WTSB2YR|WTSC2YR,ok,,0.8219194118987619
same_sample_unweighted,odds_ratio,1.134238170540904,0.7381892092146279,1.7427730065042564,0.21914500458427513,2212,0.5654368708742699,age+sex+eth+marital+PIR_level+edu+smoke+alcohol.user+PA_level+BMI_level,,AsC_binary_U,HM_urine.rds,CVD,binary_above_detection_threshold,2235,178,2057,30,4,2013-2014|2015-2016,WTSA2YR,ok,,0.8219194118987619
same_sample_unweighted,odds_ratio,1.1990736495885186,0.6428144876311513,2.2366913702208433,0.3180917669794472,915,0.5681724793662583,age+sex+eth+marital+PIR_level+edu+smoke+alcohol.user+PA_level+BMI_level,,PPDA_binary_U,AA_urine.rds,CVD,binary_above_detection_threshold,938,83,855,15,2,2015-2016,WTSA2YR,ok,,0.8219194118987619
same_sample_unweighted,odds_ratio,1.1081083600234733,0.7742692895678895,1.5858876932070887,0.18290638541829676,2198,0.5746339318159214,age+sex+eth+marital+PIR_level+edu+smoke+alcohol.user+PA_level+BMI_level,,GAM_Cys_binary_U,VOC_urine.rds,CVD,binary_above_detection_threshold,2221,175,2046,30,4,2013-2014|2015-2016,WTSA2YR,ok,,0.8232736138516565
same_sample_unweighted,odds_ratio,0.8510924499426601,0.47260208294188083,1.5327024245013299,0.30014173321064536,868,0.591133198253687,age+sex+eth+marital+PIR_level+edu+smoke+alcohol.user+PA_level+BMI_level,,NDMA_binary_U,pesticides_urine.rds,CVD,binary_above_detection_threshold,891,94,797,15,2,2015-2016,WTSSBI2Y,ok,,0.8388461575218988
same_sample_unweighted,odds_ratio,1.0742179594661512,0.8205326344509634,1.406335563011155,0.13744870557873176,2160,0.6024572846704404,age+sex+eth+marital+PIR_level+edu+smoke+alcohol.user+PA_level+BMI_level,,MA_ln_U,VOC_urine.rds,CVD,natural_log_transformed,2183,175,2008,30,4,2013-2014|2015-2016,WTSA2YR,ok,,0.84079134729113
same_sample_unweighted,odds_ratio,0.9145860431464156,0.6528003335853323,1.2813529455846646,0.17204409828325448,3231,0.6037897594641001,age+sex+eth+marital+PIR_level+edu+smoke+alcohol.user+PA_level+BMI_level,,IHg_binary_S,HM_serum.rds,CVD,binary_above_detection_threshold,3254,257,2997,30,4,2013-2014|2015-2016,WTSH2YR,ok,,0.84079134729113
same_sample_unweighted,odds_ratio,0.94513379721531,0.7585545856018979,1.1776052924785003,0.11220192930324424,2210,0.615019373120679,age+sex+eth+marital+PIR_level+edu+smoke+alcohol.user+PA_level+BMI_level,,Sr_ln_U,HM_urine.rds,CVD,natural_log_transformed,2233,177,2056,30,4,2013-2014|2015-2016,WTSA2YR,ok,,0.8484989499535293
same_sample_unweighted,odds_ratio,0.9017451523193326,0.5983472675248531,1.3589839276697981,0.20926947985790872,2123,0.621156982470614,age+sex+eth+marital+PIR_level+edu+smoke+alcohol.user+PA_level+BMI_level,,BuP_binary_U,PCCP_urine.rds,CVD,binary_above_detection_threshold,2146,190,1956,30,4,2013-2014|2015-2016,WTSB2YR,ok,,0.8491044989735916
same_sample_unweighted,odds_ratio,1.0682914988165872,0.8112559773676282,1.4067652606356376,0.14042721566828303,2201,0.6380505450298051,age+sex+eth+marital+PIR_level+edu+smoke+alcohol.user+PA_level+BMI_level,,Nitrate_ln_U,PERNT_urine.rds,CVD,natural_log_transformed,2224,176,2048,30,4,2013-2014|2015-2016,WTSA2YR,ok,,0.8598965455340978
same_sample_unweighted,odds_ratio,1.0401739770874852,0.8725230365062414,1.2400382079794598,0.08967216162724789,3077,0.6604845373375378,age+sex+eth+marital+PIR_level+edu+smoke+alcohol.user+PA_level+BMI_level,,Toluene_ln_S,VOC_serum.rds,CVD,natural_log_transformed,3100,236,2864,30,4,2013-2014|2015-2016,WTSVOC2Y,ok,,0.8598965455340978
same_sample_unweighted,odds_ratio,0.9692092932731643,0.8427501620856067,1.1146442877475775,0.07133295925729038,2162,0.6610726508507823,age+sex+eth+marital+PIR_level+edu+smoke+alcohol.user+PA_level+BMI_level,,X3PBA_ln_U,pesticides_urine.rds,CVD,natural_log_transformed,2185,192,1993,30,4,2013-2014|2015-2016,WTSB2YR|WTSC2YR,ok,,0.8598965455340978
same_sample_unweighted,odds_ratio,0.9092571336127319,0.5929537469006334,1.394288406721523,0.21812213659793897,3235,0.6627499220812183,age+sex+eth+marital+PIR_level+edu+smoke+alcohol.user+PA_level+BMI_level,,Mn_ln_S,HM_serum.rds,CVD,natural_log_transformed,3258,256,3002,30,4,2013-2014|2015-2016,WTSH2YR,ok,,0.8598965455340978
same_sample_unweighted,odds_ratio,1.0835244866565392,0.7500081152085228,1.565350146721953,0.18770262946859542,1922,0.6691072607838793,age+sex+eth+marital+PIR_level+edu+smoke+alcohol.user+PA_level+BMI_level,,DBUP_binary_U,BFR_urine.rds,CVD,binary_above_detection_threshold,1945,178,1767,30,4,2013-2014|2015-2016,WTSSBI2Y|WTSSCH2Y,ok,,0.8598965455340978
same_sample_unweighted,odds_ratio,0.8396794853184235,0.37313362591118887,1.8895687472359493,0.4138257939553474,1131,0.6728476929668605,age+sex+eth+marital+PIR_level+edu+smoke+alcohol.user+PA_level+BMI_level,,MeA_a_C_binary_U,AA_urine.rds,CVD,binary_above_detection_threshold,1154,84,1070,15,2,2013-2014,WTSA2YR,ok,,0.8598965455340978
same_sample_unweighted,odds_ratio,1.0497427145331975,0.8366730196226754,1.3170733857445174,0.11575061814098364,1008,0.6749282991416117,age+sex+eth+marital+PIR_level+edu+smoke+alcohol.user+PA_level+BMI_level,,DMP_ln_U,pesticides_urine.rds,CVD,natural_log_transformed,1031,105,926,15,2,2015-2016,WTSB2YR,ok,,0.8598965455340978
same_sample_unweighted,odds_ratio,1.0532582604882779,0.826269043367515,1.3426050173264998,0.12384069643638873,3236,0.675220777365701,age+sex+eth+marital+PIR_level+edu+smoke+alcohol.user+PA_level+BMI_level,,Pb_ln_S,HM_serum.rds,CVD,natural_log_transformed,3259,257,3002,30,4,2013-2014|2015-2016,WTSH2YR,ok,,0.8598965455340978
same_sample_unweighted,odds_ratio,1.0620419315999121,0.7914421559144649,1.4251617203448204,0.15004963963947965,3055,0.688304819796099,age+sex+eth+marital+PIR_level+edu+smoke+alcohol.user+PA_level+BMI_level,,Chloroform_binary_S,VOC_serum.rds,CVD,binary_above_detection_threshold,3078,238,2840,30,4,2013-2014|2015-2016,WTSVOC2Y,ok,,0.8691306622849047
same_sample_unweighted,odds_ratio,1.0617354723803494,0.7810740341454846,1.4432463044863597,0.15663050414281512,1116,0.7021206439425569,age+sex+eth+marital+PIR_level+edu+smoke+alcohol.user+PA_level+BMI_level,,Norharman_ln_U,AA_urine.rds,CVD,natural_log_transformed,1139,81,1058,15,2,2013-2014,WTSA2YR,ok,,0.8703160811821968
same_sample_unweighted,odds_ratio,0.9353776699260571,0.6628671437481535,1.3199196756819747,0.17570516188136948,2123,0.7037893399043886,age+sex+eth+marital+PIR_level+edu+smoke+alcohol.user+PA_level+BMI_level,,EtP_binary_U,PCCP_urine.rds,CVD,binary_above_detection_threshold,2146,190,1956,30,4,2013-2014|2015-2016,WTSB2YR,ok,,0.8703160811821968
same_sample_unweighted,odds_ratio,0.9104389620483279,0.5584096503967257,1.4843925118893266,0.24940969804051324,987,0.7067667504902404,age+sex+eth+marital+PIR_level+edu+smoke+alcohol.user+PA_level+BMI_level,,X4_MDA_binary_U,AA_urine.rds,CVD,binary_above_detection_threshold,1010,88,922,15,2,2015-2016,WTSA2YR,ok,,0.8703160811821968
same_sample_unweighted,odds_ratio,1.0289261871769757,0.8833369820313772,1.1985110101740797,0.07784032818006409,1919,0.7141143003684122,age+sex+eth+marital+PIR_level+edu+smoke+alcohol.user+PA_level+BMI_level,,BCETP_ln_U,BFR_urine.rds,CVD,natural_log_transformed,1942,178,1764,30,4,2013-2014|2015-2016,WTSSBI2Y|WTSSCH2Y,ok,,0.8704801733993061
same_sample_unweighted,odds_ratio,0.93944545689896,0.6688351960131123,1.3195444434577774,0.1733460810446096,1093,0.7185843042155345,age+sex+eth+marital+PIR_level+edu+smoke+alcohol.user+PA_level+BMI_level,,X2_AN_ln_U,AA_urine.rds,CVD,natural_log_transformed,1116,73,1043,15,2,2013-2014,WTSA2YR,ok,,0.8704801733993061
same_sample_unweighted,odds_ratio,1.05261329291334,0.779273914669334,1.4218296334069076,0.15340516271732849,3110,0.7381897026709637,age+sex+eth+marital+PIR_level+edu+smoke+alcohol.user+PA_level+BMI_level,,X14_DCB_binary_S,VOC_serum.rds,CVD,binary_above_detection_threshold,3133,237,2896,30,4,2013-2014|2015-2016,WTSVOC2Y,ok,,0.8811856940118272
same_sample_unweighted,odds_ratio,1.062752723932933,0.7426539986194927,1.5208204013260187,0.18285411285186667,2050,0.7392497432985128,age+sex+eth+marital+PIR_level+edu+smoke+alcohol.user+PA_level+BMI_level,,PFUnDA_binary_S,PFC_serum.rds,CVD,binary_above_detection_threshold,2073,185,1888,30,4,2013-2014|2015-2016,WTSB2YR,ok,,0.8811856940118272
same_sample_unweighted,odds_ratio,0.9862930273848317,0.9074589650810152,1.0719756741629525,0.04250340901675451,2121,0.7453916868589715,age+sex+eth+marital+PIR_level+edu+smoke+alcohol.user+PA_level+BMI_level,,X25_DCP_ln_U,PCCP_urine.rds,CVD,natural_log_transformed,2144,190,1954,30,4,2013-2014|2015-2016,WTSB2YR,ok,,0.8814552487459266
same_sample_unweighted,odds_ratio,1.0236724119629574,0.8593974838595723,1.219348702660723,0.08924669129397947,2195,0.7932010909625254,age+sex+eth+marital+PIR_level+edu+smoke+alcohol.user+PA_level+BMI_level,,X34_MHA_ln_U,VOC_urine.rds,CVD,natural_log_transformed,2218,175,2043,30,4,2013-2014|2015-2016,WTSA2YR,ok,,0.9206387317938559
same_sample_unweighted,odds_ratio,1.0103183910586517,0.9329969168189575,1.094047829002003,0.04062263552013071,2121,0.8004966263535677,age+sex+eth+marital+PIR_level+edu+smoke+alcohol.user+PA_level+BMI_level,,BP3_ln_U,PCCP_urine.rds,CVD,natural_log_transformed,2144,190,1954,30,4,2013-2014|2015-2016,WTSB2YR,ok,,0.9206387317938559
same_sample_unweighted,odds_ratio,1.049511841098395,0.7205125018541756,1.5287383657760183,0.19190028890704075,2122,0.8011769265572679,age+sex+eth+marital+PIR_level+edu+smoke+alcohol.user+PA_level+BMI_level,,MINP_binary_U,Phthalates_urine.rds,CVD,binary_above_detection_threshold,2145,190,1955,30,4,2013-2014|2015-2016,WTSB2YR,ok,,0.9206387317938559
same_sample_unweighted,odds_ratio,0.985487844716724,0.8784339377643724,1.105588309299727,0.058672550821508955,2121,0.8032418465315522,age+sex+eth+marital+PIR_level+edu+smoke+alcohol.user+PA_level+BMI_level,,MEP_ln_U,Phthalates_urine.rds,CVD,natural_log_transformed,2144,190,1954,30,4,2013-2014|2015-2016,WTSB2YR,ok,,0.9206387317938559
same_sample_unweighted,odds_ratio,1.04069840590963,0.7315618952186892,1.4804669012169955,0.17983263095026908,3132,0.8244472662026255,age+sex+eth+marital+PIR_level+edu+smoke+alcohol.user+PA_level+BMI_level,,o_Xylene_binary_S,VOC_serum.rds,CVD,binary_above_detection_threshold,3155,243,2912,30,4,2013-2014|2015-2016,WTSVOC2Y,ok,,0.9375784110795508
same_sample_unweighted,odds_ratio,1.0558600892665562,0.6416904186915582,1.7373495000583004,0.25408884789742797,2183,0.8306063776006758,age+sex+eth+marital+PIR_level+edu+smoke+alcohol.user+PA_level+BMI_level,,X4FPBA_binary_U,pesticides_urine.rds,CVD,binary_above_detection_threshold,2206,194,2012,30,4,2013-2014|2015-2016,WTSB2YR|WTSC2YR,ok,,0.9375784110795508
same_sample_unweighted,odds_ratio,1.0180643176674566,0.8553704389493696,1.2117030326425078,0.08884027455250947,2209,0.8402919535252914,age+sex+eth+marital+PIR_level+edu+smoke+alcohol.user+PA_level+BMI_level,,Total_As_ln_U,HM_urine.rds,CVD,natural_log_transformed,2232,177,2055,30,4,2013-2014|2015-2016,WTSA2YR,ok,,0.9413797073328453
same_sample_unweighted,odds_ratio,0.9760762147296642,0.7509929231921666,1.268620179417061,0.13374962282686878,2210,0.8563328046369969,age+sex+eth+marital+PIR_level+edu+smoke+alcohol.user+PA_level+BMI_level,,Pb_ln_U,HM_urine.rds,CVD,natural_log_transformed,2233,177,2056,30,4,2013-2014|2015-2016,WTSA2YR,ok,,0.9456870095569917
same_sample_unweighted,odds_ratio,0.9927163837064534,0.9156657189029577,1.0762506427126168,0.041222005052316706,2121,0.8592420771031886,age+sex+eth+marital+PIR_level+edu+smoke+alcohol.user+PA_level+BMI_level,,PrP_ln_U,PCCP_urine.rds,CVD,natural_log_transformed,2144,190,1954,30,4,2013-2014|2015-2016,WTSB2YR,ok,,0.9456870095569917
same_sample_unweighted,odds_ratio,1.0316418385631663,0.7114660244757975,1.4959040157372891,0.18958469066558678,2210,0.8694834117327341,age+sex+eth+marital+PIR_level+edu+smoke+alcohol.user+PA_level+BMI_level,,Cs_ln_U,HM_urine.rds,CVD,natural_log_transformed,2233,177,2056,30,4,2013-2014|2015-2016,WTSA2YR,ok,,0.9456870095569917
same_sample_unweighted,odds_ratio,1.0287394524021738,0.7239252555452074,1.4618979691925331,0.17928969767938382,2154,0.8744284599756088,age+sex+eth+marital+PIR_level+edu+smoke+alcohol.user+PA_level+BMI_level,,DCVDMPCA_binary_U,pesticides_urine.rds,CVD,binary_above_detection_threshold,2177,194,1983,30,4,2013-2014|2015-2016,WTSB2YR|WTSC2YR,ok,,0.9456870095569917
same_sample_unweighted,odds_ratio,0.9784645316241289,0.7445792255685434,1.2858172868244924,0.13937260057115,1025,0.8758711900594958,age+sex+eth+marital+PIR_level+edu+smoke+alcohol.user+PA_level+BMI_level,,o_ANS_ln_U,AA_urine.rds,CVD,natural_log_transformed,1048,76,972,15,2,2013-2014,WTSA2YR,ok,,0.9456870095569917
same_sample_unweighted,odds_ratio,1.022508669119389,0.7195838082996512,1.4529565095340833,0.17925909259493664,2212,0.9011785295351048,age+sex+eth+marital+PIR_level+edu+smoke+alcohol.user+PA_level+BMI_level,,AsB_binary_U,HM_urine.rds,CVD,binary_above_detection_threshold,2235,178,2057,30,4,2013-2014|2015-2016,WTSA2YR,ok,,0.9647419852878858
same_sample_unweighted,odds_ratio,1.0121952993963954,0.8268901389591544,1.2390271401830892,0.10316769750471358,2121,0.9064689794651276,age+sex+eth+marital+PIR_level+edu+smoke+alcohol.user+PA_level+BMI_level,,MnBP_ln_U,Phthalates_urine.rds,CVD,natural_log_transformed,2144,190,1954,30,4,2013-2014|2015-2016,WTSB2YR,ok,,0.9647419852878858
same_sample_unweighted,odds_ratio,0.9948883529300687,0.8779631693772804,1.1273853725526437,0.06378988557987969,2121,0.9359683813584099,age+sex+eth+marital+PIR_level+edu+smoke+alcohol.user+PA_level+BMI_level,,X24_DCP_ln_U,PCCP_urine.rds,CVD,natural_log_transformed,2144,190,1954,30,4,2013-2014|2015-2016,WTSB2YR,ok,,0.9864249567206234
same_sample_unweighted,odds_ratio,0.9963938532451514,0.8718545866886469,1.1387228167892465,0.06812368178211174,2169,0.9577072360094081,age+sex+eth+marital+PIR_level+edu+smoke+alcohol.user+PA_level+BMI_level,,NPMA_ln_U,VOC_urine.rds,CVD,natural_log_transformed,2192,175,2017,30,4,2013-2014|2015-2016,WTSA2YR,ok,,0.9864249567206234
same_sample_unweighted,odds_ratio,0.9895112314216781,0.6660664624397891,1.4700221859588933,0.20195353572255045,3074,0.958360696986594,age+sex+eth+marital+PIR_level+edu+smoke+alcohol.user+PA_level+BMI_level,,Ethylbenzene_binary_S,VOC_serum.rds,CVD,binary_above_detection_threshold,3097,241,2856,30,4,2013-2014|2015-2016,WTSVOC2Y,ok,,0.9864249567206234
same_sample_unweighted,odds_ratio,1.0075378869929061,0.7551338440466918,1.3443081669947798,0.1471301972504506,974,0.9592931385583023,age+sex+eth+marital+PIR_level+edu+smoke+alcohol.user+PA_level+BMI_level,,n_PFOS_ln_S,PFC_serum.rds,CVD,natural_log_transformed,997,97,900,15,2,2015-2016,WTSB2YR,ok,,0.9864249567206234
same_sample_unweighted,odds_ratio,1.007799190413135,0.7192217961679273,1.4121641107220133,0.17212276692791398,2122,0.9639989033968519,age+sex+eth+marital+PIR_level+edu+smoke+alcohol.user+PA_level+BMI_level,,BPF_binary_U,PCCP_urine.rds,CVD,binary_above_detection_threshold,2145,190,1955,30,4,2013-2014|2015-2016,WTSB2YR,ok,,0.9864249567206234
same_sample_unweighted,odds_ratio,1.0064368266945338,0.745584734351798,1.3585512678281682,0.15306540900617735,2210,0.9665640515517516,age+sex+eth+marital+PIR_level+edu+smoke+alcohol.user+PA_level+BMI_level,,Tl_ln_U,HM_urine.rds,CVD,natural_log_transformed,2233,177,2056,30,4,2013-2014|2015-2016,WTSA2YR,ok,,0.9864249567206234
same_sample_unweighted,odds_ratio,0.9946925505087724,0.69749850324423035,1.418516692775184,0.18109175981767042,2212,0.9765566433181198,age+sex+eth+marital+PIR_level+edu+smoke+alcohol.user+PA_level+BMI_level,,MMA_binary_U,HM_urine.rds,CVD,binary_above_detection_threshold,2235,178,2057,30,4,2013-2014|2015-2016,WTSA2YR,ok,,0.9898431282612234
same_sample_unweighted,odds_ratio,0.9971437289812615,0.6150058692410623,1.6167254102365711,0.24656734185258908,1012,0.9907441746452081,age+sex+eth+marital+PIR_level+edu+smoke+alcohol.user+PA_level+BMI_level,,DMDTP_binary_U,pesticides_urine.rds,CVD,binary_above_detection_threshold,1035,104,931,15,2,2015-2016,WTSB2YR,ok,,0.9947952454688085
same_sample_unweighted,odds_ratio,0.9991304056245808,0.7693103161559259,1.2976058509544397,0.13336514761557317,2209,0.9947952454688085,age+sex+eth+marital+PIR_level+edu+smoke+alcohol.user+PA_level+BMI_level,,Mo_ln_U,HM_urine.rds,CVD,natural_log_transformed,2232,177,2055,30,4,2013-2014|2015-2016,WTSA2YR,ok,,0.9947952454688085
survey_weighted,odds_ratio,1.6080332200911456,1.202591214372566,2.1501660797229305,0.13630782691534088,15,0.0033253436434742783,age+sex+eth+marital+PIR_level+edu+smoke+alcohol.user+PA_level+BMI_level,,IPM3_Cys_ln_U,VOC_urine.rds,CVD,natural_log_transformed,1051,89,962,15,2,2015-2016,WTSA2YR,ok,,0.2942663328076152
survey_weighted,odds_ratio,1.2146575613091415,1.0653341064460793,1.384911064348944,0.0642292996621568,30,0.005027517887886427,age+sex+eth+marital+PIR_level+edu+smoke+alcohol.user+PA_level+BMI_level,,CEMA_CYM_ln_U,VOC_urine.rds,CVD,natural_log_transformed,2191,173,2018,30,4,2013-2014|2015-2016,WTSA2YR,ok,,0.2942663328076152
survey_weighted,odds_ratio,1.5536196232287942,1.140529422664408,2.1163276332168794,0.1513485078269783,30,0.006732113214145686,age+sex+eth+marital+PIR_level+edu+smoke+alcohol.user+PA_level+BMI_level,,Co_ln_U,HM_urine.rds,CVD,natural_log_transformed,2233,177,2056,30,4,2013-2014|2015-2016,WTSA2YR,ok,,0.2942663328076152
survey_weighted,odds_ratio,1.2133836768567725,1.0500113706260923,1.4021752415734023,0.06784673418962557,15,0.012148476491421478,age+sex+eth+marital+PIR_level+edu+smoke+alcohol.user+PA_level+BMI_level,,DMTP_ln_U,pesticides_urine.rds,CVD,natural_log_transformed,1039,104,935,15,2,2015-2016,WTSB2YR,ok,,0.2942663328076152
survey_weighted,odds_ratio,1.2896974733549744,1.0584403533558742,1.5714816309719393,0.09676045604794133,30,0.013366444781765335,age+sex+eth+marital+PIR_level+edu+smoke+alcohol.user+PA_level+BMI_level,,U_ln_U,HM_urine.rds,CVD,natural_log_transformed,2233,177,2056,30,4,2013-2014|2015-2016,WTSA2YR,ok,,0.2942663328076152
survey_weighted,odds_ratio,0.26637203249080876,0.09626992180313157,0.7370324849581046,0.4774863287800191,15,0.014285313768781154,age+sex+eth+marital+PIR_level+edu+smoke+alcohol.user+PA_level+BMI_level,,PFBA_binary_U,PFC_urine.rds,CVD,binary_above_detection_threshold,1012,83,929,15,2,2013-2014,WTSSBH2Y,ok,,0.2942663328076152
survey_weighted,odds_ratio,3.1825164917993707,1.2989206356617573,7.797559714196765,0.4204362219108581,15,0.014781680598877732,age+sex+eth+marital+PIR_level+edu+smoke+alcohol.user+PA_level+BMI_level,,IPM1_Cys_ln_U,VOC_urine.rds,CVD,natural_log_transformed,1051,89,962,15,2,2015-2016,WTSA2YR,ok,,0.2942663328076152
survey_weighted,odds_ratio,0.6748977941797676,0.4923037078485535,0.92521552311533,0.1544678546605298,30,0.016291018615467757,age+sex+eth+marital+PIR_level+edu+smoke+alcohol.user+PA_level+BMI_level,,X24D_ln_U,pesticides_urine.rds,CVD,natural_log_transformed,2203,194,2009,30,4,2013-2014|2015-2016,WTSB2YR|WTSC2YR,ok,,0.2942663328076152
survey_weighted,odds_ratio,1.4630274098633687,1.0670504704730739,2.0059493540755904,0.15453843280437854,30,0.019772442669703825,age+sex+eth+marital+PIR_level+edu+smoke+alcohol.user+PA_level+BMI_level,,X1_PY_ln_U,PAH_urine.rds,CVD,natural_log_transformed,2227,176,2051,30,4,2013-2014|2015-2016,WTSA2YR,ok,,0.2942663328076152
survey_weighted,odds_ratio,0.5606500650759338,0.3441854814468094,0.9132532091369614,0.23890849487728402,30,0.02168361645543403,age+sex+eth+marital+PIR_level+edu+smoke+alcohol.user+PA_level+BMI_level,,As_III_binary_U,HM_urine.rds,CVD,binary_above_detection_threshold,2235,178,2057,30,4,2013-2014|2015-2016,WTSA2YR,ok,,0.2942663328076152
survey_weighted,odds_ratio,1.3504669266853406,1.042165766792581,1.7499720084683288,0.12689266193531334,30,0.02454080934731128,age+sex+eth+marital+PIR_level+edu+smoke+alcohol.user+PA_level+BMI_level,,X3_HPMA_ln_U,VOC_urine.rds,CVD,natural_log_transformed,2148,169,1979,30,4,2013-2014|2015-2016,WTSA2YR,ok,,0.2942663328076152
survey_weighted,odds_ratio,0.8532000746472291,0.7429731518135515,0.9797801785988572,0.0677354113241986,30,0.02590327222837342,age+sex+eth+marital+PIR_level+edu+smoke+alcohol.user+PA_level+BMI_level,,BPS_ln_U,PCCP_urine.rds,CVD,natural_log_transformed,2143,190,1953,30,4,2013-2014|2015-2016,WTSB2YR,ok,,0.2942663328076152
survey_weighted,odds_ratio,1.3417876236495105,1.0344991282494824,1.7403533534392817,0.12735097909401835,30,0.028036951471467647,age+sex+eth+marital+PIR_level+edu+smoke+alcohol.user+PA_level+BMI_level,,X2_FL_ln_U,PAH_urine.rds,CVD,natural_log_transformed,2227,176,2051,30,4,2013-2014|2015-2016,WTSA2YR,ok,,0.2942663328076152
survey_weighted,odds_ratio,1.5287322235059422,1.0525731679434234,2.2202943057646314,0.17509256937902637,15,0.028451952036524064,age+sex+eth+marital+PIR_level+edu+smoke+alcohol.user+PA_level+BMI_level,,o_TLD_ln_U,AA_urine.rds,CVD,natural_log_transformed,1078,77,1001,15,2,2013-2014,WTSA2YR,ok,,0.2942663328076152
survey_weighted,odds_ratio,0.4341055444610278,0.2071119079076488,0.9098830947751887,0.3471949082646602,15,0.029624127463853882,age+sex+eth+marital+PIR_level+edu+smoke+alcohol.user+PA_level+BMI_level,,PFHxA_binary_U,PFC_urine.rds,CVD,binary_above_detection_threshold,1012,83,929,15,2,2013-2014,WTSSBH2Y,ok,,0.2942663328076152
survey_weighted,odds_ratio,0.6931565830285679,0.48803587491612727,0.9844892010826288,0.17180225135840846,30,0.041198771818706514,age+sex+eth+marital+PIR_level+edu+smoke+alcohol.user+PA_level+BMI_level,,PFNA_ln_S,PFC_serum.rds,CVD,natural_log_transformed,2073,185,1888,30,4,2013-2014|2015-2016,WTSB2YR,ok,,0.3828091104595595
survey_weighted,odds_ratio,0.5814921028080383,0.3441090733413289,0.9826333910489857,0.24614174492235155,15,0.04367620723364101,age+sex+eth+marital+PIR_level+edu+smoke+alcohol.user+PA_level+BMI_level,,n_PFOA_ln_S,PFC_serum.rds,CVD,natural_log_transformed,997,97,900,15,2,2015-2016,WTSB2YR,ok,,0.3828091104595595
survey_weighted,odds_ratio,1.286799751587087,0.9993628589437904,1.6569092856168703,0.12378155846568942,30,0.05054427834334512,age+sex+eth+marital+PIR_level+edu+smoke+alcohol.user+PA_level+BMI_level,,EO_ln_S,gas_serum.rds,CVD,natural_log_transformed,2138,170,1968,30,4,2013-2014|2015-2016,WTSA2YR,ok,,0.4037891353104139
survey_weighted,odds_ratio,0.7385308427094998,0.5395503603006486,1.0108932284454044,0.15371442607240376,30,0.057916396826842895,age+sex+eth+marital+PIR_level+edu+smoke+alcohol.user+PA_level+BMI_level,,ATCA_ln_U,VOC_urine.rds,CVD,natural_log_transformed,2167,171,1996,30,4,2013-2014|2015-2016,WTSA2YR,ok,,0.4037891353104139
survey_weighted,odds_ratio,1.3999938474546483,0.9875592945549084,1.9846735114717646,0.17088150004184874,30,0.05824948065512557,age+sex+eth+marital+PIR_level+edu+smoke+alcohol.user+PA_level+BMI_level,,X2_HPMA_ln_U,VOC_urine.rds,CVD,natural_log_transformed,2200,173,2027,30,4,2013-2014|2015-2016,WTSA2YR,ok,,0.4037891353104139
survey_weighted,odds_ratio,0.5402288740006833,0.2850983968755981,1.0236719655473647,0.3129643724348536,30,0.058429744920794446,age+sex+eth+marital+PIR_level+edu+smoke+alcohol.user+PA_level+BMI_level,,Hg_binary_U,HM_urine.rds,CVD,binary_above_detection_threshold,2237,178,2059,30,4,2013-2014|2015-2016,WTSA2YR,ok,,0.4037891353104139
survey_weighted,odds_ratio,0.6534030533195554,0.4191616206555178,1.0185463769789858,0.21737432521407035,30,0.05961987232771212,age+sex+eth+marital+PIR_level+edu+smoke+alcohol.user+PA_level+BMI_level,,PMA_binary_U,VOC_urine.rds,CVD,binary_above_detection_threshold,2185,172,2013,30,4,2013-2014|2015-2016,WTSA2YR,ok,,0.4037891353104139
survey_weighted,odds_ratio,1.30114950547619,0.9740388898463929,1.738113388745618,0.141779396776043,30,0.07319157117572817,age+sex+eth+marital+PIR_level+edu+smoke+alcohol.user+PA_level+BMI_level,,Cd_ln_S,HM_serum.rds,CVD,natural_log_transformed,3259,257,3002,30,4,2013-2014|2015-2016,WTSH2YR,ok,,0.47415409152971727
survey_weighted,odds_ratio,0.4823178907287714,0.21299487318018398,1.0921884843690872,0.38346454264098206,15,0.07662377312557417,age+sex+eth+marital+PIR_level+edu+smoke+alcohol.user+PA_level+BMI_level,,MDA_binary_U,pesticides_urine.rds,CVD,binary_above_detection_threshold,1036,105,931,15,2,2015-2016,WTSB2YR,ok,,0.47570592482127294
survey_weighted,odds_ratio,1.274535656502734,0.9646744445590749,1.683926788834279,0.13639047921994507,30,0.08544471446771386,age+sex+eth+marital+PIR_level+edu+smoke+alcohol.user+PA_level+BMI_level,,DMA_ln_U,HM_urine.rds,CVD,natural_log_transformed,2234,178,2056,30,4,2013-2014|2015-2016,WTSA2YR,ok,,0.501835597698979
survey_weighted,odds_ratio,1.361157145948087,0.9477716411694993,1.9548472390241063,0.1772422039309428,30,0.09217670854940965,age+sex+eth+marital+PIR_level+edu+smoke+alcohol.user+PA_level+BMI_level,,Cd_ln_U,HM_urine.rds,CVD,natural_log_transformed,2233,177,2056,30,4,2013-2014|2015-2016,WTSA2YR,ok,,0.501835597698979
survey_weighted,odds_ratio,1.5847789659288367,0.9186385456432588,2.7339636277637656,0.26701015769362835,30,0.09491823885069743,age+sex+eth+marital+PIR_level+edu+smoke+alcohol.user+PA_level+BMI_level,,OXY_binary_U,pesticides_urine.rds,CVD,binary_above_detection_threshold,2196,193,2003,30,4,2013-2014|2015-2016,WTSB2YR|WTSC2YR,ok,,0.501835597698979
survey_weighted,odds_ratio,0.7424651094001409,0.5214432127336878,1.0571706088311876,0.17303053832668977,30,0.09555688743608692,age+sex+eth+marital+PIR_level+edu+smoke+alcohol.user+PA_level+BMI_level,,Chloroform_binary_S,VOC_serum.rds,CVD,binary_above_detection_threshold,3078,238,2840,30,4,2013-2014|2015-2016,WTSVOC2Y,ok,,0.501835597698979
survey_weighted,odds_ratio,0.7779082794542561,0.5762749035261856,1.0500913497024842,0.1469068505830802,30,0.09767270022329122,age+sex+eth+marital+PIR_level+edu+smoke+alcohol.user+PA_level+BMI_level,,Perchlorate_ln_U,PERNT_urine.rds,CVD,natural_log_transformed,2223,176,2047,30,4,2013-2014|2015-2016,WTSA2YR,ok,,0.501835597698979
survey_weighted,odds_ratio,1.2320029598333406,0.9507609789780402,1.5964383547478016,0.1268850545915634,30,0.11054776871918721,age+sex+eth+marital+PIR_level+edu+smoke+alcohol.user+PA_level+BMI_level,,GLYP_ln_U,GYLP_urine.rds,CVD,natural_log_transformed,1940,177,1763,30,4,2013-2014|2015-2016,WTSSCH2Y|WTSSGL2Y,ok,,0.5490539179719631
survey_weighted,odds_ratio,1.2200209817850187,0.9485961770846374,1.569109418688787,0.12321575978393831,30,0.11700206176698275,age+sex+eth+marital+PIR_level+edu+smoke+alcohol.user+PA_level+BMI_level,,Sn_ln_U,HM_urine.rds,CVD,natural_log_transformed,2232,177,2055,30,4,2013-2014|2015-2016,WTSA2YR,ok,,0.5623647484929171
survey_weighted,odds_ratio,0.662212051766541,0.3842594314917114,1.14122065866407,0.26650112013283545,30,0.13244607787647317,age+sex+eth+marital+PIR_level+edu+smoke+alcohol.user+PA_level+BMI_level,,BDCM_binary_S,VOC_serum.rds,CVD,binary_above_detection_threshold,3139,243,2896,30,4,2013-2014|2015-2016,WTSVOC2Y,ok,,0.5980508664995314
survey_weighted,odds_ratio,1.4264042896228797,0.8885932951610299,2.2897192771253567,0.23173814410219745,30,0.13585877040935576,age+sex+eth+marital+PIR_level+edu+smoke+alcohol.user+PA_level+BMI_level,,CEMA_CEM_ln_U,VOC_urine.rds,CVD,natural_log_transformed,2209,175,2034,30,4,2013-2014|2015-2016,WTSA2YR,ok,,0.5980508664995314
survey_weighted,odds_ratio,1.268693084411632,0.9231036763074245,1.7436634516206342,0.15570940482044301,30,0.1368879802756305,age+sex+eth+marital+PIR_level+edu+smoke+alcohol.user+PA_level+BMI_level,,X1_PH_ln_U,PAH_urine.rds,CVD,natural_log_transformed,2228,177,2051,30,4,2013-2014|2015-2016,WTSA2YR,ok,,0.5980508664995314
survey_weighted,odds_ratio,1.245025071782135,0.9263885692762726,1.6732583721073904,0.14474913857995886,30,0.14048174716431946,age+sex+eth+marital+PIR_level+edu+smoke+alcohol.user+PA_level+BMI_level,,X23_OH_PH_ln_U,PAH_urine.rds,CVD,natural_log_transformed,2228,177,2051,30,4,2013-2014|2015-2016,WTSA2YR,ok,,0.5980508664995314
survey_weighted,odds_ratio,1.8508934381515472,0.7827170609971705,4.376813397970431,0.4037873965328724,15,0.14813015241932564,age+sex+eth+marital+PIR_level+edu+smoke+alcohol.user+PA_level+BMI_level,,MCOCH_binary_U,Phthalates_urine.rds,CVD,binary_above_detection_threshold,1033,103,930,15,2,2015-2016,WTSB2YR,ok,,0.6130942419577645
survey_weighted,odds_ratio,0.840387202064401,0.6586404624453882,1.072285548281498,0.11932048273259005,30,0.15540682188864272,age+sex+eth+marital+PIR_level+edu+smoke+alcohol.user+PA_level+BMI_level,,BDCPP_ln_U,BFR_urine.rds,CVD,natural_log_transformed,1936,174,1762,30,4,2013-2014|2015-2016,WTSSBI2Y|WTSSCH2Y,ok,,0.6258274719299396
survey_weighted,odds_ratio,0.8942673046564507,0.7612417369367708,1.050538841177514,0.0788600777119957,30,0.16676344017604522,age+sex+eth+marital+PIR_level+edu+smoke+alcohol.user+PA_level+BMI_level,,X3PBA_ln_U,pesticides_urine.rds,CVD,natural_log_transformed,2185,192,1993,30,4,2013-2014|2015-2016,WTSB2YR|WTSC2YR,ok,,0.6309365786777807
survey_weighted,odds_ratio,1.1903172450164752,0.9251038299362337,1.531563374763321,0.12342582521566564,30,0.1683749902664481,age+sex+eth+marital+PIR_level+edu+smoke+alcohol.user+PA_level+BMI_level,,X2_NP_ln_U,PAH_urine.rds,CVD,natural_log_transformed,2194,172,2022,30,4,2013-2014|2015-2016,WTSA2YR,ok,,0.6309365786777807
survey_weighted,odds_ratio,1.3841433829053744,0.8599095115594716,2.227970360469995,0.23307838536097367,30,0.17333959690728523,age+sex+eth+marital+PIR_level+edu+smoke+alcohol.user+PA_level+BMI_level,,DBUP_binary_U,BFR_urine.rds,CVD,binary_above_detection_threshold,1945,178,1767,30,4,2013-2014|2015-2016,WTSSBI2Y|WTSSCH2Y,ok,,0.6309365786777807
survey_weighted,odds_ratio,0.8111322022668448,0.5968198755183752,1.1024020421283787,0.15023250178630723,30,0.1737568325268178,age+sex+eth+marital+PIR_level+edu+smoke+alcohol.user+PA_level+BMI_level,,PFDA_ln_S,PFC_serum.rds,CVD,natural_log_transformed,2073,185,1888,30,4,2013-2014|2015-2016,WTSB2YR,ok,,0.6309365786777807
survey_weighted,odds_ratio,1.5209305915469649,0.8014368430732489,2.8863532844745676,0.3005801796178189,15,0.1833170480376697,age+sex+eth+marital+PIR_level+edu+smoke+alcohol.user+PA_level+BMI_level,,TTCA_binary_U,VOC_urine.rds,CVD,binary_above_detection_threshold,1171,86,1085,15,2,2013-2014,WTSA2YR,ok,,0.6309365786777807
survey_weighted,odds_ratio,0.8630636777729815,0.6909847498835825,1.0779961670883802,0.10888396418966065,30,0.18631914258819032,age+sex+eth+marital+PIR_level+edu+smoke+alcohol.user+PA_level+BMI_level,,MEHHP_ln_U,Phthalates_urine.rds,CVD,natural_log_transformed,2144,190,1954,30,4,2013-2014|2015-2016,WTSB2YR,ok,,0.6309365786777807
survey_weighted,odds_ratio,1.158746246597754,0.9260833742321194,1.4498617525854016,0.1097452053668806,30,0.18948857729119184,age+sex+eth+marital+PIR_level+edu+smoke+alcohol.user+PA_level+BMI_level,,X3_FL_ln_U,PAH_urine.rds,CVD,natural_log_transformed,2226,177,2049,30,4,2013-2014|2015-2016,WTSA2YR,ok,,0.6309365786777807
survey_weighted,odds_ratio,1.344710521718312,0.8549052759449663,2.1151423884022664,0.22178400710200905,30,0.19177774999999284,age+sex+eth+marital+PIR_level+edu+smoke+alcohol.user+PA_level+BMI_level,,Furan_binary_S,VOC_serum.rds,CVD,binary_above_detection_threshold,3165,244,2921,30,4,2013-2014|2015-2016,WTSVOC2Y,ok,,0.6309365786777807
survey_weighted,odds_ratio,1.4256322717521372,0.8188017822981452,2.482197056968672,0.2715253107179466,30,0.2014742532514834,age+sex+eth+marital+PIR_level+edu+smoke+alcohol.user+PA_level+BMI_level,,MeFOSAA_binary_S,PFC_serum.rds,CVD,binary_above_detection_threshold,2073,185,1888,30,4,2013-2014|2015-2016,WTSB2YR,ok,,0.6309365786777807
survey_weighted,odds_ratio,1.2520704495678094,0.8720832241890855,1.7976270695249972,0.1696821585641638,15,0.2050597952406389,age+sex+eth+marital+PIR_level+edu+smoke+alcohol.user+PA_level+BMI_level,,X4_ABP_ln_U,AA_urine.rds,CVD,natural_log_transformed,1120,77,1043,15,2,2013-2014,WTSA2YR,ok,,0.6309365786777807
survey_weighted,odds_ratio,1.5118466010503886,0.7846902952195391,2.9128436518615657,0.32111189850532723,30,0.20787123823560194,age+sex+eth+marital+PIR_level+edu+smoke+alcohol.user+PA_level+BMI_level,,Mn_ln_S,HM_serum.rds,CVD,natural_log_transformed,3258,256,3002,30,4,2013-2014|2015-2016,WTSH2YR,ok,,0.6309365786777807
survey_weighted,odds_ratio,1.1888936242670831,0.9010836806115506,1.5686312827945381,0.13572150802934257,30,0.2121516468569764,age+sex+eth+marital+PIR_level+edu+smoke+alcohol.user+PA_level+BMI_level,,MB3_Cys_ln_U,VOC_urine.rds,CVD,natural_log_transformed,2162,170,1992,30,4,2013-2014|2015-2016,WTSA2YR,ok,,0.6309365786777807
survey_weighted,odds_ratio,1.314865776554999,0.84659578176492,2.042145788573806,0.21557678137819283,30,0.21392528264422916,age+sex+eth+marital+PIR_level+edu+smoke+alcohol.user+PA_level+BMI_level,,PGA_ln_U,VOC_urine.rds,CVD,natural_log_transformed,2185,171,2014,30,4,2013-2014|2015-2016,WTSA2YR,ok,,0.6309365786777807
survey_weighted,odds_ratio,0.9195025824562743,0.802356048318036,1.053752883045042,0.06672978049189436,30,0.2182219210787574,age+sex+eth+marital+PIR_level+edu+smoke+alcohol.user+PA_level+BMI_level,,DEA_ln_U,pesticides_urine.rds,CVD,natural_log_transformed,2180,189,1991,30,4,2013-2014|2015-2016,WTSB2YR|WTSC2YR,ok,,0.6309365786777807
survey_weighted,odds_ratio,0.8607563589026734,0.6740131605491954,1.0992389359099324,0.1197498660415702,30,0.22019263148486307,age+sex+eth+marital+PIR_level+edu+smoke+alcohol.user+PA_level+BMI_level,,HIBP_ln_U,Phthalates_urine.rds,CVD,natural_log_transformed,2043,186,1857,30,4,2013-2014|2015-2016,WTSB2YR|WTSSBH2Y,ok,,0.6309365786777807
survey_weighted,odds_ratio,1.128205415860281,0.9209497573886363,1.3821030410884123,0.09938832528559924,30,0.23432901373143905,age+sex+eth+marital+PIR_level+edu+smoke+alcohol.user+PA_level+BMI_level,,BMA_ln_U,VOC_urine.rds,CVD,natural_log_transformed,2212,175,2037,30,4,2013-2014|2015-2016,WTSA2YR,ok,,0.6523768969746595
survey_weighted,odds_ratio,0.336522193359564,0.053390451400014666,2.1211131139359636,0.9014625729815952,30,0.2364318955478632,age+sex+eth+marital+PIR_level+edu+smoke+alcohol.user+PA_level+BMI_level,,Se_ln_S,HM_serum.rds,CVD,natural_log_transformed,3258,256,3002,30,4,2013-2014|2015-2016,WTSH2YR,ok,,0.6523768969746595
survey_weighted,odds_ratio,1.1710270347630127,0.8913286485199027,1.5384946040082703,0.13363703573098112,30,0.24671788074703047,age+sex+eth+marital+PIR_level+edu+smoke+alcohol.user+PA_level+BMI_level,,Sb_ln_U,HM_urine.rds,CVD,natural_log_transformed,2233,177,2056,30,4,2013-2014|2015-2016,WTSA2YR,ok,,0.6683811678419552
survey_weighted,odds_ratio,0.8115472332937279,0.5465644339592455,1.2049977476503961,0.19355418781238615,30,0.2892601004565176,age+sex+eth+marital+PIR_level+edu+smoke+alcohol.user+PA_level+BMI_level,,PFHS_ln_S,PFC_serum.rds,CVD,natural_log_transformed,2073,185,1888,30,4,2013-2014|2015-2016,WTSB2YR,ok,,0.7318322239421191
survey_weighted,odds_ratio,0.7190454131192495,0.3778381588820064,1.368380334208892,0.3018877766715172,15,0.29182396154152634,age+sex+eth+marital+PIR_level+edu+smoke+alcohol.user+PA_level+BMI_level,,DETP_binary_U,pesticides_urine.rds,CVD,binary_above_detection_threshold,1035,104,931,15,2,2015-2016,WTSB2YR,ok,,0.7318322239421191
survey_weighted,odds_ratio,0.911473468186022,0.7637543819042767,1.0877631642985186,0.0865781827818434,30,0.2928762393832634,age+sex+eth+marital+PIR_level+edu+smoke+alcohol.user+PA_level+BMI_level,,MeP_ln_U,PCCP_urine.rds,CVD,natural_log_transformed,2144,190,1954,30,4,2013-2014|2015-2016,WTSB2YR,ok,,0.7318322239421191
survey_weighted,odds_ratio,1.5477424847222219,0.657775967834181,3.641827789637339,0.40145838292101804,15,0.29375697564388953,age+sex+eth+marital+PIR_level+edu+smoke+alcohol.user+PA_level+BMI_level,,PPDA_binary_U,AA_urine.rds,CVD,binary_above_detection_threshold,938,83,855,15,2,2015-2016,WTSA2YR,ok,,0.7318322239421191
survey_weighted,odds_ratio,0.7767318154348716,0.4787971758946155,1.2600582114576673,0.23690181985625675,30,0.29469753984246405,age+sex+eth+marital+PIR_level+edu+smoke+alcohol.user+PA_level+BMI_level,,PFUnDA_binary_S,PFC_serum.rds,CVD,binary_above_detection_threshold,2073,185,1888,30,4,2013-2014|2015-2016,WTSB2YR,ok,,0.7318322239421191
survey_weighted,odds_ratio,1.3000469296298955,0.7548183027458226,2.239111072283113,0.2550745721261162,15,0.3199147784666152,age+sex+eth+marital+PIR_level+edu+smoke+alcohol.user+PA_level+BMI_level,,CYHA_Cys_binary_U,VOC_urine.rds,CVD,binary_above_detection_threshold,1052,89,963,15,2,2015-2016,WTSA2YR,ok,,0.7739254852933188
survey_weighted,odds_ratio,1.2707110241470778,0.7816472895634362,2.0657738195327937,0.23793509058429682,30,0.32203610797440113,age+sex+eth+marital+PIR_level+edu+smoke+alcohol.user+PA_level+BMI_level,,X25_DMF_binary_S,VOC_serum.rds,CVD,binary_above_detection_threshold,3161,243,2918,30,4,2013-2014|2015-2016,WTSVOC2Y,ok,,0.7739254852933188
survey_weighted,odds_ratio,1.2822221236145537,0.734814050348358,2.2374280588499764,0.2726043773556946,30,0.36907863927211426,age+sex+eth+marital+PIR_level+edu+smoke+alcohol.user+PA_level+BMI_level,,AsC_binary_U,HM_urine.rds,CVD,binary_above_detection_threshold,2235,178,2057,30,4,2013-2014|2015-2016,WTSA2YR,ok,,0.8595379610852535
survey_weighted,odds_ratio,1.3211177369558362,0.6944108930117487,2.513428421794329,0.30175219435503436,15,0.3706819553718823,age+sex+eth+marital+PIR_level+edu+smoke+alcohol.user+PA_level+BMI_level,,DMDTP_binary_U,pesticides_urine.rds,CVD,binary_above_detection_threshold,1035,104,931,15,2,2015-2016,WTSB2YR,ok,,0.8595379610852535
survey_weighted,odds_ratio,0.9131724583136761,0.7431914653854101,1.1220311016222455,0.10085385532273336,30,0.3749662246345066,age+sex+eth+marital+PIR_level+edu+smoke+alcohol.user+PA_level+BMI_level,,PNP_ln_U,pesticides_urine.rds,CVD,natural_log_transformed,2164,192,1972,30,4,2013-2014|2015-2016,WTSB2YR|WTSC2YR,ok,,0.8595379610852535
survey_weighted,odds_ratio,1.0824454136342954,0.9022115795315365,1.2986843663725833,0.08917956670040812,30,0.38141959637603606,age+sex+eth+marital+PIR_level+edu+smoke+alcohol.user+PA_level+BMI_level,,X1_NP_ln_U,PAH_urine.rds,CVD,natural_log_transformed,2160,163,1997,30,4,2013-2014|2015-2016,WTSA2YR,ok,,0.8610836342428694
survey_weighted,odds_ratio,0.5716512201168927,0.15237909848388156,2.144553424403538,0.6473952882696633,30,0.3945466061003463,age+sex+eth+marital+PIR_level+edu+smoke+alcohol.user+PA_level+BMI_level,,FA_ln_S,gas_serum.rds,CVD,natural_log_transformed,1968,162,1806,30,4,2013-2014|2015-2016,WTSA2YR,ok,,0.8665324003372114
survey_weighted,odds_ratio,0.9422693301241153,0.8171877907541057,1.086496274832026,0.06973713221401925,30,0.4005879958780185,age+sex+eth+marital+PIR_level+edu+smoke+alcohol.user+PA_level+BMI_level,,X24_DCP_ln_U,PCCP_urine.rds,CVD,natural_log_transformed,2144,190,1954,30,4,2013-2014|2015-2016,WTSB2YR,ok,,0.8665324003372114
survey_weighted,odds_ratio,0.9266212881065641,0.7704223152034944,1.1144887610705771,0.09039250408422228,30,0.4058421621266678,age+sex+eth+marital+PIR_level+edu+smoke+alcohol.user+PA_level+BMI_level,,MCPP_ln_U,Phthalates_urine.rds,CVD,natural_log_transformed,2144,190,1954,30,4,2013-2014|2015-2016,WTSB2YR,ok,,0.8665324003372114
survey_weighted,odds_ratio,1.1347532687000375,0.8329776226493159,1.5458578307661541,0.15138222262420306,30,0.41027774021983743,age+sex+eth+marital+PIR_level+edu+smoke+alcohol.user+PA_level+BMI_level,,PMM_Cys_ln_U,VOC_urine.rds,CVD,natural_log_transformed,2192,173,2019,30,4,2013-2014|2015-2016,WTSA2YR,ok,,0.8665324003372114
survey_weighted,odds_ratio,1.2026156285495992,0.7571602477005802,1.910143003973027,0.22655118020386084,30,0.4218447087227496,age+sex+eth+marital+PIR_level+edu+smoke+alcohol.user+PA_level+BMI_level,,Mn_binary_U,HM_urine.rds,CVD,binary_above_detection_threshold,2234,177,2057,30,4,2013-2014|2015-2016,WTSA2YR,ok,,0.8665324003372114
survey_weighted,odds_ratio,1.2874055347546913,0.6808350400503137,2.4343826528002,0.31193889529647817,30,0.4243942529261968,age+sex+eth+marital+PIR_level+edu+smoke+alcohol.user+PA_level+BMI_level,,BCPP_binary_U,BFR_urine.rds,CVD,binary_above_detection_threshold,1947,178,1769,30,4,2013-2014|2015-2016,WTSSBI2Y|WTSSCH2Y,ok,,0.8665324003372114
survey_weighted,odds_ratio,1.0755363988736153,0.8948138170546155,1.2927589217494388,0.09007569986382753,30,0.42521027824916713,age+sex+eth+marital+PIR_level+edu+smoke+alcohol.user+PA_level+BMI_level,,DPHP_ln_U,BFR_urine.rds,CVD,natural_log_transformed,1944,178,1766,30,4,2013-2014|2015-2016,WTSSBI2Y|WTSSCH2Y,ok,,0.8665324003372114
survey_weighted,odds_ratio,1.1644346081837014,0.7872325067998608,1.7223729267072103,0.19168220823436852,30,0.43331192140611074,age+sex+eth+marital+PIR_level+edu+smoke+alcohol.user+PA_level+BMI_level,,Nitrate_ln_U,PERNT_urine.rds,CVD,natural_log_transformed,2224,176,2048,30,4,2013-2014|2015-2016,WTSA2YR,ok,,0.8665324003372114
survey_weighted,odds_ratio,0.9330531767044489,0.7756226444856058,1.1224378720088026,0.09048551529889948,30,0.44978359869898565,age+sex+eth+marital+PIR_level+edu+smoke+alcohol.user+PA_level+BMI_level,,THg_ln_S,HM_serum.rds,CVD,natural_log_transformed,3259,257,3002,30,4,2013-2014|2015-2016,WTSH2YR,ok,,0.8665324003372114
survey_weighted,odds_ratio,0.767260119906498,0.3698701222910788,1.5916075836362107,0.34233696105736633,15,0.4510244178197258,age+sex+eth+marital+PIR_level+edu+smoke+alcohol.user+PA_level+BMI_level,,NDMA_binary_U,pesticides_urine.rds,CVD,binary_above_detection_threshold,891,94,797,15,2,2015-2016,WTSSBI2Y,ok,,0.8665324003372114
survey_weighted,odds_ratio,0.9538104760654172,0.8401187665339149,1.082887873110512,0.06214729985791234,30,0.4526336427815637,age+sex+eth+marital+PIR_level+edu+smoke+alcohol.user+PA_level+BMI_level,,PrP_ln_U,PCCP_urine.rds,CVD,natural_log_transformed,2144,190,1954,30,4,2013-2014|2015-2016,WTSB2YR,ok,,0.8665324003372114
survey_weighted,odds_ratio,0.8971438014682106,0.6673900283750509,1.2059919481753534,0.1448589961061297,30,0.4595272498168419,age+sex+eth+marital+PIR_level+edu+smoke+alcohol.user+PA_level+BMI_level,,Mo_ln_U,HM_urine.rds,CVD,natural_log_transformed,2232,177,2055,30,4,2013-2014|2015-2016,WTSA2YR,ok,,0.8665324003372114
survey_weighted,odds_ratio,1.1456145022837279,0.789502515465508,1.6623539027851664,0.18229371612648235,30,0.4616363831970812,age+sex+eth+marital+PIR_level+edu+smoke+alcohol.user+PA_level+BMI_level,,CEMA_AAM_ln_U,VOC_urine.rds,CVD,natural_log_transformed,2158,166,1992,30,4,2013-2014|2015-2016,WTSA2YR,ok,,0.8665324003372114
survey_weighted,odds_ratio,1.2973755887145688,0.63224081479935,2.6622504887266008,0.35197476477496387,30,0.46525229548306646,age+sex+eth+marital+PIR_level+edu+smoke+alcohol.user+PA_level+BMI_level,,DHB_Cys_ln_U,VOC_urine.rds,CVD,natural_log_transformed,2099,165,1934,30,4,2013-2014|2015-2016,WTSA2YR,ok,,0.8665324003372114
survey_weighted,odds_ratio,1.0641062316868084,0.8903603996214845,1.271757001767014,0.08728716975296706,30,0.48205806214706204,age+sex+eth+marital+PIR_level+edu+smoke+alcohol.user+PA_level+BMI_level,,MCOP_ln_U,Phthalates_urine.rds,CVD,natural_log_transformed,2144,190,1954,30,4,2013-2014|2015-2016,WTSB2YR,ok,,0.8820965225416805
survey_weighted,odds_ratio,0.7363250537456023,0.2941087958119853,1.8434490654269982,0.4305623464488517,15,0.488058305262399,age+sex+eth+marital+PIR_level+edu+smoke+alcohol.user+PA_level+BMI_level,,TBPPP_binary_U,BFR_urine.rds,CVD,binary_above_detection_threshold,900,95,805,15,2,2015-2016,WTSSBI2Y,ok,,0.8820965225416805
survey_weighted,odds_ratio,0.762919128724033,0.3365214463416297,1.7295943640458407,0.38400634703021796,15,0.4918040951401439,age+sex+eth+marital+PIR_level+edu+smoke+alcohol.user+PA_level+BMI_level,,PFHpA_binary_S,PFC_serum.rds,CVD,binary_above_detection_threshold,1076,88,988,15,2,2013-2014,WTSB2YR,ok,,0.8820965225416805
survey_weighted,odds_ratio,0.8852713199457173,0.6094226146295669,1.2859800261839678,0.1751775919271127,15,0.4972893147214843,age+sex+eth+marital+PIR_level+edu+smoke+alcohol.user+PA_level+BMI_level,,DEP_ln_U,pesticides_urine.rds,CVD,natural_log_transformed,1039,105,934,15,2,2015-2016,WTSB2YR,ok,,0.8820965225416805
survey_weighted,odds_ratio,0.9108119044016243,0.6853735570756794,1.210403168659323,0.13924311375828974,30,0.5074140784112623,age+sex+eth+marital+PIR_level+edu+smoke+alcohol.user+PA_level+BMI_level,,MHBP_ln_U,Phthalates_urine.rds,CVD,natural_log_transformed,2043,186,1857,30,4,2013-2014|2015-2016,WTSB2YR|WTSSBH2Y,ok,,0.8845138616998544
survey_weighted,odds_ratio,0.851981140201844,0.5189518762266476,1.3987267346204102,0.24274588550027645,30,0.5143453033119014,age+sex+eth+marital+PIR_level+edu+smoke+alcohol.user+PA_level+BMI_level,,PHE_Cys_binary_U,VOC_urine.rds,CVD,binary_above_detection_threshold,2173,173,2000,30,4,2013-2014|2015-2016,WTSA2YR,ok,,0.8845138616998544
survey_weighted,odds_ratio,0.8312207780823616,0.4493609549075466,1.5375790316673175,0.2885683900826316,15,0.5314413815677257,age+sex+eth+marital+PIR_level+edu+smoke+alcohol.user+PA_level+BMI_level,,X4_MDA_binary_U,AA_urine.rds,CVD,binary_above_detection_threshold,1010,88,922,15,2,2015-2016,WTSA2YR,ok,,0.8845138616998544
survey_weighted,odds_ratio,0.9511462155663286,0.8048052922693943,1.1240968866334486,0.08180467022776756,30,0.5449648658496938,age+sex+eth+marital+PIR_level+edu+smoke+alcohol.user+PA_level+BMI_level,,NPMA_ln_U,VOC_urine.rds,CVD,natural_log_transformed,2192,175,2017,30,4,2013-2014|2015-2016,WTSA2YR,ok,,0.8845138616998544
survey_weighted,odds_ratio,1.4493960756300932,0.39997222626893,5.252237145684789,0.6040523649277216,15,0.5481394254177612,age+sex+eth+marital+PIR_level+edu+smoke+alcohol.user+PA_level+BMI_level,,DPCP_binary_U,BFR_urine.rds,CVD,binary_above_detection_threshold,1047,83,964,15,2,2013-2014,WTSSCH2Y,ok,,0.8845138616998544
survey_weighted,odds_ratio,1.0664706884081996,0.855679855328304,1.3291883899703134,0.10782780110522411,30,0.5550992325028916,age+sex+eth+marital+PIR_level+edu+smoke+alcohol.user+PA_level+BMI_level,,MECPP_ln_U,Phthalates_urine.rds,CVD,natural_log_transformed,2144,190,1954,30,4,2013-2014|2015-2016,WTSB2YR,ok,,0.8845138616998544
survey_weighted,odds_ratio,0.8701581112297109,0.5402700721675673,1.401475257552331,0.23337032359945853,30,0.5556693889212757,age+sex+eth+marital+PIR_level+edu+smoke+alcohol.user+PA_level+BMI_level,,TCC_binary_U,PCCP_urine.rds,CVD,binary_above_detection_threshold,2146,190,1956,30,4,2013-2014|2015-2016,WTSB2YR,ok,,0.8845138616998544
survey_weighted,odds_ratio,0.9002719257487456,0.6211750671013272,1.3047683064187545,0.18170146811948132,30,0.5674495251480502,age+sex+eth+marital+PIR_level+edu+smoke+alcohol.user+PA_level+BMI_level,,GAM_Cys_binary_U,VOC_urine.rds,CVD,binary_above_detection_threshold,2221,175,2046,30,4,2013-2014|2015-2016,WTSA2YR,ok,,0.8845138616998544
survey_weighted,odds_ratio,0.9114363227195514,0.6474104728635016,1.283136750473427,0.16047352110441176,15,0.5719225776013814,age+sex+eth+marital+PIR_level+edu+smoke+alcohol.user+PA_level+BMI_level,,o_ANS_ln_U,AA_urine.rds,CVD,natural_log_transformed,1048,76,972,15,2,2013-2014,WTSA2YR,ok,,0.8845138616998544
survey_weighted,odds_ratio,1.1337137631294474,0.7231736184287322,1.7773144151770495,0.22014923038438194,30,0.5728803487387535,age+sex+eth+marital+PIR_level+edu+smoke+alcohol.user+PA_level+BMI_level,,X14_DCB_binary_S,VOC_serum.rds,CVD,binary_above_detection_threshold,3133,237,2896,30,4,2013-2014|2015-2016,WTSVOC2Y,ok,,0.8845138616998544
survey_weighted,odds_ratio,1.0829914132159921,0.812384793571768,1.4437375125436263,0.1407785752373001,30,0.5753824769327216,age+sex+eth+marital+PIR_level+edu+smoke+alcohol.user+PA_level+BMI_level,,Sr_ln_U,HM_urine.rds,CVD,natural_log_transformed,2233,177,2056,30,4,2013-2014|2015-2016,WTSA2YR,ok,,0.8845138616998544
survey_weighted,odds_ratio,0.8260838738649676,0.4055740410900331,1.6825893610588922,0.33376012258221177,15,0.5755015201387466,age+sex+eth+marital+PIR_level+edu+smoke+alcohol.user+PA_level+BMI_level,,A_a_C_binary_U,AA_urine.rds,CVD,binary_above_detection_threshold,1155,85,1070,15,2,2013-2014,WTSA2YR,ok,,0.8845138616998544
survey_weighted,odds_ratio,1.0604821559033513,0.8578812210553323,1.3109302026753227,0.10381244392059717,30,0.5758244603012475,age+sex+eth+marital+PIR_level+edu+smoke+alcohol.user+PA_level+BMI_level,,MCNP_ln_U,Phthalates_urine.rds,CVD,natural_log_transformed,2144,190,1954,30,4,2013-2014|2015-2016,WTSB2YR,ok,,0.8845138616998544
survey_weighted,odds_ratio,0.8722883811663864,0.5239265378675804,1.4522780674839286,0.2496085184060611,30,0.5881549587070449,age+sex+eth+marital+PIR_level+edu+smoke+alcohol.user+PA_level+BMI_level,,DBCM_binary_S,VOC_serum.rds,CVD,binary_above_detection_threshold,3163,244,2919,30,4,2013-2014|2015-2016,WTSVOC2Y,ok,,0.8942356004831602
survey_weighted,odds_ratio,0.8696939442748882,0.49302964946634625,1.534121847493558,0.2662845337388174,15,0.6077289377822053,age+sex+eth+marital+PIR_level+edu+smoke+alcohol.user+PA_level+BMI_level,,Norharman_ln_U,AA_urine.rds,CVD,natural_log_transformed,1139,81,1058,15,2,2013-2014,WTSA2YR,ok,,0.914662744742915
survey_weighted,odds_ratio,1.092668007074747,0.7523482669550162,1.5869291206277016,0.18272701985538853,30,0.6311998895839799,age+sex+eth+marital+PIR_level+edu+smoke+alcohol.user+PA_level+BMI_level,,MINP_binary_U,Phthalates_urine.rds,CVD,binary_above_detection_threshold,2145,190,1955,30,4,2013-2014|2015-2016,WTSB2YR,ok,,0.9250800860952663
survey_weighted,odds_ratio,1.0469780120420809,0.8600588192874058,1.2745209201014924,0.0962958824124172,30,0.6370028848996075,age+sex+eth+marital+PIR_level+edu+smoke+alcohol.user+PA_level+BMI_level,,MnBP_ln_U,Phthalates_urine.rds,CVD,natural_log_transformed,2144,190,1954,30,4,2013-2014|2015-2016,WTSB2YR,ok,,0.9250800860952663
survey_weighted,odds_ratio,1.1467061718290565,0.6245243137953302,2.1054985618090467,0.28509173605417404,15,0.6380308965916195,age+sex+eth+marital+PIR_level+edu+smoke+alcohol.user+PA_level+BMI_level,,n_PFOS_ln_S,PFC_serum.rds,CVD,natural_log_transformed,997,97,900,15,2,2015-2016,WTSB2YR,ok,,0.9250800860952663
survey_weighted,odds_ratio,0.8329757204000152,0.36837406951902074,1.8835434092358065,0.38279375700691187,15,0.6399497687304898,age+sex+eth+marital+PIR_level+edu+smoke+alcohol.user+PA_level+BMI_level,,MeA_a_C_binary_U,AA_urine.rds,CVD,binary_above_detection_threshold,1154,84,1070,15,2,2013-2014,WTSA2YR,ok,,0.9250800860952663
survey_weighted,odds_ratio,0.7718618830424175,0.23803001472310337,2.5029228653656874,0.5519290149238788,15,0.6456934829121321,age+sex+eth+marital+PIR_level+edu+smoke+alcohol.user+PA_level+BMI_level,,IPPPP_binary_U,BFR_urine.rds,CVD,binary_above_detection_threshold,899,95,804,15,2,2015-2016,WTSSBI2Y,ok,,0.9250800860952663
survey_weighted,odds_ratio,0.9372978518941157,0.696935160967835,1.260558101194538,0.14508775676403177,30,0.6585780441636547,age+sex+eth+marital+PIR_level+edu+smoke+alcohol.user+PA_level+BMI_level,,X2_MHA_ln_U,VOC_urine.rds,CVD,natural_log_transformed,2094,164,1930,30,4,2013-2014|2015-2016,WTSA2YR,ok,,0.934553605527472
survey_weighted,odds_ratio,1.100611011554195,0.6940638588426182,1.7452927181287297,0.225756752632383,30,0.6741287400664893,age+sex+eth+marital+PIR_level+edu+smoke+alcohol.user+PA_level+BMI_level,,MMA_binary_U,HM_urine.rds,CVD,binary_above_detection_threshold,2235,178,2057,30,4,2013-2014|2015-2016,WTSA2YR,ok,,0.9475960591500651
survey_weighted,odds_ratio,0.9158023127086001,0.5811328349469891,1.4432051082416057,0.22270347027446924,30,0.6956804735426299,age+sex+eth+marital+PIR_level+edu+smoke+alcohol.user+PA_level+BMI_level,,IHg_binary_S,HM_serum.rds,CVD,binary_above_detection_threshold,3254,257,2997,30,4,2013-2014|2015-2016,WTSH2YR,ok,,0.9548280976492394
survey_weighted,odds_ratio,1.0831869773355656,0.7038786202467721,1.6668982323372956,0.21106730959637174,30,0.7076597199912267,age+sex+eth+marital+PIR_level+edu+smoke+alcohol.user+PA_level+BMI_level,,DCVDMPCA_binary_U,pesticides_urine.rds,CVD,binary_above_detection_threshold,2177,194,1983,30,4,2013-2014|2015-2016,WTSB2YR|WTSC2YR,ok,,0.9548280976492394
survey_weighted,odds_ratio,0.9366447566795321,0.6433168758120272,1.3637189279511486,0.1839454229123076,30,0.724466407532845,age+sex+eth+marital+PIR_level+edu+smoke+alcohol.user+PA_level+BMI_level,,m_p_Xylene_binary_S,VOC_serum.rds,CVD,binary_above_detection_threshold,3149,243,2906,30,4,2013-2014|2015-2016,WTSVOC2Y,ok,,0.9548280976492394
survey_weighted,odds_ratio,1.0395753138752946,0.8310539722677301,1.3004171441114973,0.10961946564946343,30,0.7257676169919084,age+sex+eth+marital+PIR_level+edu+smoke+alcohol.user+PA_level+BMI_level,,Toluene_ln_S,VOC_serum.rds,CVD,natural_log_transformed,3100,236,2864,30,4,2013-2014|2015-2016,WTSVOC2Y,ok,,0.9548280976492394
survey_weighted,odds_ratio,1.0716843120029067,0.7173280925624731,1.6010905978746657,0.1965719535958084,30,0.7271546752344826,age+sex+eth+marital+PIR_level+edu+smoke+alcohol.user+PA_level+BMI_level,,MiBP_ln_U,Phthalates_urine.rds,CVD,natural_log_transformed,2144,190,1954,30,4,2013-2014|2015-2016,WTSB2YR,ok,,0.9548280976492394
survey_weighted,odds_ratio,1.0570491551984118,0.763835225347589,1.4628193089644645,0.15907985046499315,30,0.7297029527656342,age+sex+eth+marital+PIR_level+edu+smoke+alcohol.user+PA_level+BMI_level,,MA_ln_U,VOC_urine.rds,CVD,natural_log_transformed,2183,175,2008,30,4,2013-2014|2015-2016,WTSA2YR,ok,,0.9548280976492394
survey_weighted,odds_ratio,0.9247911000193666,0.5752846893327415,1.486635390326484,0.22271361995234218,15,0.7304202380129416,age+sex+eth+marital+PIR_level+edu+smoke+alcohol.user+PA_level+BMI_level,,X2_AN_ln_U,AA_urine.rds,CVD,natural_log_transformed,1116,73,1043,15,2,2013-2014,WTSA2YR,ok,,0.9548280976492394
survey_weighted,odds_ratio,0.9099095140860333,0.5225457720459473,1.5844264141352213,0.2715761923838292,30,0.7305396183356596,age+sex+eth+marital+PIR_level+edu+smoke+alcohol.user+PA_level+BMI_level,,Ethylbenzene_binary_S,VOC_serum.rds,CVD,binary_above_detection_threshold,3097,241,2856,30,4,2013-2014|2015-2016,WTSVOC2Y,ok,,0.9548280976492394
survey_weighted,odds_ratio,0.9831783491979136,0.8844237343383732,1.0929598887965914,0.05183160143647201,30,0.7457102516400183,age+sex+eth+marital+PIR_level+edu+smoke+alcohol.user+PA_level+BMI_level,,X25_DCP_ln_U,PCCP_urine.rds,CVD,natural_log_transformed,2144,190,1954,30,4,2013-2014|2015-2016,WTSB2YR,ok,,0.9568297563098194
survey_weighted,odds_ratio,1.0406730650108422,0.8034491101331345,1.3479390475142896,0.12667708070636013,30,0.7551535559812513,age+sex+eth+marital+PIR_level+edu+smoke+alcohol.user+PA_level+BMI_level,,W_ln_U,HM_urine.rds,CVD,natural_log_transformed,2232,177,2055,30,4,2013-2014|2015-2016,WTSA2YR,ok,,0.9568297563098194
survey_weighted,odds_ratio,0.9301922628748001,0.581135270707653,1.4889091912430472,0.23033545005869868,30,0.7555680056576344,age+sex+eth+marital+PIR_level+edu+smoke+alcohol.user+PA_level+BMI_level,,Benzene_binary_S,VOC_serum.rds,CVD,binary_above_detection_threshold,3082,240,2842,30,4,2013-2014|2015-2016,WTSVOC2Y,ok,,0.9568297563098194
survey_weighted,odds_ratio,1.0718467051483047,0.6743827780183139,1.703565685222878,0.22687495071076705,30,0.7618533363526028,age+sex+eth+marital+PIR_level+edu+smoke+alcohol.user+PA_level+BMI_level,,Tl_ln_U,HM_urine.rds,CVD,natural_log_transformed,2233,177,2056,30,4,2013-2014|2015-2016,WTSA2YR,ok,,0.9568297563098194
survey_weighted,odds_ratio,0.9378651057726645,0.5736227288298631,1.5333962767135372,0.24072900424848862,30,0.791693670118239,age+sex+eth+marital+PIR_level+edu+smoke+alcohol.user+PA_level+BMI_level,,HEMA_binary_U,VOC_urine.rds,CVD,binary_above_detection_threshold,2204,174,2030,30,4,2013-2014|2015-2016,WTSA2YR,ok,,0.9568297563098194
survey_weighted,odds_ratio,1.0510635154184673,0.7104206481575789,1.5550427993736813,0.19179641989924864,30,0.7968971050973912,age+sex+eth+marital+PIR_level+edu+smoke+alcohol.user+PA_level+BMI_level,,Cs_ln_U,HM_urine.rds,CVD,natural_log_transformed,2233,177,2056,30,4,2013-2014|2015-2016,WTSA2YR,ok,,0.9568297563098194
survey_weighted,odds_ratio,0.9427489757128444,0.5841917921400558,1.5213764437733484,0.2343324506291328,30,0.8030750278103727,age+sex+eth+marital+PIR_level+edu+smoke+alcohol.user+PA_level+BMI_level,,MEHP_binary_U,Phthalates_urine.rds,CVD,binary_above_detection_threshold,2145,190,1955,30,4,2013-2014|2015-2016,WTSB2YR,ok,,0.9568297563098194
survey_weighted,odds_ratio,1.0450698009250057,0.7171954783809665,1.522835714568297,0.18434882132554747,30,0.8126295012354029,age+sex+eth+marital+PIR_level+edu+smoke+alcohol.user+PA_level+BMI_level,,Pb_ln_S,HM_serum.rds,CVD,natural_log_transformed,3259,257,3002,30,4,2013-2014|2015-2016,WTSH2YR,ok,,0.9568297563098194
survey_weighted,odds_ratio,1.037357132068765,0.7583099299793703,1.4190897110937322,0.1534268147968457,30,0.8126945037373174,age+sex+eth+marital+PIR_level+edu+smoke+alcohol.user+PA_level+BMI_level,,X34_MHA_ln_U,VOC_urine.rds,CVD,natural_log_transformed,2218,175,2043,30,4,2013-2014|2015-2016,WTSA2YR,ok,,0.9568297563098194
survey_weighted,odds_ratio,1.1226729596930702,0.39664659356443743,3.1776261157307535,0.4881288429160817,15,0.81582269281842,age+sex+eth+marital+PIR_level+edu+smoke+alcohol.user+PA_level+BMI_level,,X5OHIMI_binary_U,pesticides_urine.rds,CVD,binary_above_detection_threshold,843,86,757,15,2,2015-2016,WTSSBI2Y,ok,,0.9568297563098194
survey_weighted,odds_ratio,0.9782107419540791,0.8066599496644695,1.1862449053933708,0.09441586758502911,30,0.8170891765636701,age+sex+eth+marital+PIR_level+edu+smoke+alcohol.user+PA_level+BMI_level,,MEP_ln_U,Phthalates_urine.rds,CVD,natural_log_transformed,2144,190,1954,30,4,2013-2014|2015-2016,WTSB2YR,ok,,0.9568297563098194
survey_weighted,odds_ratio,1.0184063248876283,0.8550014380691778,1.213040582613862,0.0856355411390196,30,0.8327803421280986,age+sex+eth+marital+PIR_level+edu+smoke+alcohol.user+PA_level+BMI_level,,MBzP_ln_U,Phthalates_urine.rds,CVD,natural_log_transformed,2144,190,1954,30,4,2013-2014|2015-2016,WTSB2YR,ok,,0.9568297563098194
survey_weighted,odds_ratio,0.9681876744948181,0.701810416325135,1.335670362306807,0.15095953944941132,15,0.8333071397805758,age+sex+eth+marital+PIR_level+edu+smoke+alcohol.user+PA_level+BMI_level,,Harman_ln_U,AA_urine.rds,CVD,natural_log_transformed,1155,85,1070,15,2,2013-2014,WTSA2YR,ok,,0.9568297563098194
survey_weighted,odds_ratio,0.9679211595160994,0.7066519472445115,1.325788989462474,0.1540501546686253,30,0.8338117833983864,age+sex+eth+marital+PIR_level+edu+smoke+alcohol.user+PA_level+BMI_level,,CMAC_ln_U,VOC_urine.rds,CVD,natural_log_transformed,2198,172,2026,30,4,2013-2014|2015-2016,WTSA2YR,ok,,0.9568297563098194
survey_weighted,odds_ratio,1.0280684332504133,0.7865195747622897,1.3437996171492546,0.1311379398223206,30,0.8342454426837169,age+sex+eth+marital+PIR_level+edu+smoke+alcohol.user+PA_level+BMI_level,,Thiocyanate_ln_U,PERNT_urine.rds,CVD,natural_log_transformed,2219,175,2044,30,4,2013-2014|2015-2016,WTSA2YR,ok,,0.9568297563098194
survey_weighted,odds_ratio,0.9737095447906023,0.746311577693842,1.2703947063853047,0.1302323165745114,30,0.8392860900919937,age+sex+eth+marital+PIR_level+edu+smoke+alcohol.user+PA_level+BMI_level,,TCPY_ln_U,pesticides_urine.rds,CVD,natural_log_transformed,2183,192,1991,30,4,2013-2014|2015-2016,WTSB2YR|WTSC2YR,ok,,0.9568297563098194
survey_weighted,odds_ratio,1.0239256635114804,0.7980658757450538,1.3137057932951257,0.11691952275146335,15,0.8424588086040594,age+sex+eth+marital+PIR_level+edu+smoke+alcohol.user+PA_level+BMI_level,,DMP_ln_U,pesticides_urine.rds,CVD,natural_log_transformed,1031,105,926,15,2,2015-2016,WTSB2YR,ok,,0.9568297563098194
survey_weighted,odds_ratio,1.0474274134017831,0.6427252023891946,1.7069568491593266,0.23913317143175244,30,0.847661260623464,age+sex+eth+marital+PIR_level+edu+smoke+alcohol.user+PA_level+BMI_level,,o_Xylene_binary_S,VOC_serum.rds,CVD,binary_above_detection_threshold,3155,243,2912,30,4,2013-2014|2015-2016,WTSVOC2Y,ok,,0.9568297563098194
survey_weighted,odds_ratio,0.9245698199746375,0.3623257348036702,2.3592841189465372,0.4395060369470969,15,0.8607628989279533,age+sex+eth+marital+PIR_level+edu+smoke+alcohol.user+PA_level+BMI_level,,PhIP_binary_U,AA_urine.rds,CVD,binary_above_detection_threshold,1154,85,1069,15,2,2013-2014,WTSA2YR,ok,,0.9643133228591356
survey_weighted,odds_ratio,1.0499855135576344,0.560907571673349,1.965510245104919,0.30699895547078593,30,0.8748272341842988,age+sex+eth+marital+PIR_level+edu+smoke+alcohol.user+PA_level+BMI_level,,X4FPBA_binary_U,pesticides_urine.rds,CVD,binary_above_detection_threshold,2206,194,2012,30,4,2013-2014|2015-2016,WTSB2YR|WTSC2YR,ok,,0.9727556559213472
survey_weighted,odds_ratio,0.9786944981303053,0.7128213071499725,1.3437349740571192,0.15521375217709146,30,0.8905757702006096,age+sex+eth+marital+PIR_level+edu+smoke+alcohol.user+PA_level+BMI_level,,Pb_ln_U,HM_urine.rds,CVD,natural_log_transformed,2233,177,2056,30,4,2013-2014|2015-2016,WTSA2YR,ok,,0.9829317759991913
survey_weighted,odds_ratio,1.0123912082250013,0.8235588574983287,1.244520593955676,0.1010811875116957,30,0.9038434021819527,age+sex+eth+marital+PIR_level+edu+smoke+alcohol.user+PA_level+BMI_level,,MEOHP_ln_U,Phthalates_urine.rds,CVD,natural_log_transformed,2144,190,1954,30,4,2013-2014|2015-2016,WTSB2YR,ok,,0.9850263642790837
survey_weighted,odds_ratio,1.0176760917997425,0.7189620471131479,1.4404997203667531,0.1701381193254794,30,0.9186601662036242,age+sex+eth+marital+PIR_level+edu+smoke+alcohol.user+PA_level+BMI_level,,BPF_binary_U,PCCP_urine.rds,CVD,binary_above_detection_threshold,2145,190,1955,30,4,2013-2014|2015-2016,WTSB2YR,ok,,0.9850263642790837
survey_weighted,odds_ratio,0.9872632548159095,0.7546980194856201,1.291495020715733,0.13152947844859186,30,0.9230111840349153,age+sex+eth+marital+PIR_level+edu+smoke+alcohol.user+PA_level+BMI_level,,BPA_ln_U,PCCP_urine.rds,CVD,natural_log_transformed,2144,190,1954,30,4,2013-2014|2015-2016,WTSB2YR,ok,,0.9850263642790837
survey_weighted,odds_ratio,1.0245408165737655,0.6085678888589249,1.7248427070212544,0.2550547709723791,30,0.9249023139277235,age+sex+eth+marital+PIR_level+edu+smoke+alcohol.user+PA_level+BMI_level,,MHNCH_binary_U,Phthalates_urine.rds,CVD,binary_above_detection_threshold,2145,190,1955,30,4,2013-2014|2015-2016,WTSB2YR,ok,,0.9850263642790837
survey_weighted,odds_ratio,1.021845846566518,0.6089860522376808,1.7146023793295608,0.2534287518836334,30,0.9326108620718174,age+sex+eth+marital+PIR_level+edu+smoke+alcohol.user+PA_level+BMI_level,,AsB_binary_U,HM_urine.rds,CVD,binary_above_detection_threshold,2235,178,2057,30,4,2013-2014|2015-2016,WTSA2YR,ok,,0.9850263642790837
survey_weighted,odds_ratio,0.9777912553089441,0.5540541203135326,1.7255999078530608,0.2781381265014931,30,0.9361787267610487,age+sex+eth+marital+PIR_level+edu+smoke+alcohol.user+PA_level+BMI_level,,EtP_binary_U,PCCP_urine.rds,CVD,binary_above_detection_threshold,2146,190,1956,30,4,2013-2014|2015-2016,WTSB2YR,ok,,0.9850263642790837
survey_weighted,odds_ratio,0.9762869378174303,0.4932502028458832,1.9323584246973813,0.3343040634064759,30,0.9432477425783026,age+sex+eth+marital+PIR_level+edu+smoke+alcohol.user+PA_level+BMI_level,,BuP_binary_U,PCCP_urine.rds,CVD,binary_above_detection_threshold,2146,190,1956,30,4,2013-2014|2015-2016,WTSB2YR,ok,,0.9850263642790837
survey_weighted,odds_ratio,0.9931379389596311,0.7878381166563362,1.2519360829951176,0.11339179157248037,30,0.9519809905572292,age+sex+eth+marital+PIR_level+edu+smoke+alcohol.user+PA_level+BMI_level,,BCETP_ln_U,BFR_urine.rds,CVD,natural_log_transformed,1942,178,1764,30,4,2013-2014|2015-2016,WTSSBI2Y|WTSSCH2Y,ok,,0.9850263642790837
survey_weighted,odds_ratio,0.9961422211378295,0.869175644659873,1.14165569506002,0.0667613234939092,30,0.9542150851480982,age+sex+eth+marital+PIR_level+edu+smoke+alcohol.user+PA_level+BMI_level,,BP3_ln_U,PCCP_urine.rds,CVD,natural_log_transformed,2144,190,1954,30,4,2013-2014|2015-2016,WTSB2YR,ok,,0.9850263642790837
survey_weighted,odds_ratio,0.9921398786920593,0.7215136562311395,1.3642729148507715,0.14943482906448305,15,0.9585827034930681,age+sex+eth+marital+PIR_level+edu+smoke+alcohol.user+PA_level+BMI_level,,X1_AN_ln_U,AA_urine.rds,CVD,natural_log_transformed,1109,78,1031,15,2,2013-2014,WTSA2YR,ok,,0.9850263642790837
survey_weighted,odds_ratio,0.9959165589600506,0.8132002375108729,1.219687042205969,0.09924537907843321,30,0.9673864028838146,age+sex+eth+marital+PIR_level+edu+smoke+alcohol.user+PA_level+BMI_level,,Ba_ln_U,HM_urine.rds,CVD,natural_log_transformed,2233,177,2056,30,4,2013-2014|2015-2016,WTSA2YR,ok,,0.9872642056827972
survey_weighted,odds_ratio,1.0071434801272134,0.5376241990603339,1.8867044886290962,0.2945007848276523,15,0.9810356113661751,age+sex+eth+marital+PIR_level+edu+smoke+alcohol.user+PA_level+BMI_level,,Sm_PFOS_ln_S,PFC_serum.rds,CVD,natural_log_transformed,997,97,900,15,2,2015-2016,WTSB2YR,ok,,0.9943830346500687
survey_weighted,odds_ratio,1.0055038561153113,0.47540765021353504,2.1266759258262686,0.35143754579153597,15,0.9877449575431311,age+sex+eth+marital+PIR_level+edu+smoke+alcohol.user+PA_level+BMI_level,,X26_DMA_binary_U,AA_urine.rds,CVD,binary_above_detection_threshold,1065,82,983,15,2,2013-2014,WTSA2YR,ok,,0.9944189099589631
survey_weighted,odds_ratio,0.999352440557843,0.8223526071037407,1.2144489989109128,0.09545163461903743,30,0.9946302373559355,age+sex+eth+marital+PIR_level+edu+smoke+alcohol.user+PA_level+BMI_level,,Total_As_ln_U,HM_urine.rds,CVD,natural_log_transformed,2232,177,2055,30,4,2013-2014|2015-2016,WTSA2YR,ok,,0.9946302373559355
