exposure,outcome,estimate_same_sample_unweighted,estimate_survey_weighted,conf_low_same_sample_unweighted,conf_low_survey_weighted,conf_high_same_sample_unweighted,conf_high_survey_weighted,p_value_same_sample_unweighted,p_value_survey_weighted,p_fdr_bh_same_sample_unweighted,p_fdr_bh_survey_weighted,direction_consistent
As_III_binary_U,CVD,0.5495966861852395,0.5606500650759338,0.38547154370713443,0.3441854814468094,0.783602635257784,0.9132532091369614,9.418089213963732e-4,0.02168361645543403,0.08199344070163958,0.2942663328076152,TRUE
n_PFOA_ln_S,CVD,0.566061177120405,0.5814921028080383,0.3971361717796413,0.3441090733413289,0.806839766841316,0.9826333910489857,0.00165027174092152,0.04367620723364101,0.08199344070163958,0.3828091104595595,TRUE
IPM1_Cys_ln_U,CVD,2.110520485239511,3.1825164917993707,1.325389104917657,1.2989206356617573,3.3607464419985216,7.797559714196765,0.0016508746449994548,0.014781680598877732,0.08199344070163958,0.2942663328076152,TRUE
Cd_ln_S,CVD,1.443184916006435,1.30114950547619,1.1323060951484019,0.9740388898463929,1.8394166654340298,1.738113388745618,0.0030381977580968564,0.07319157117572817,0.09190176852138048,0.47415409152971727,TRUE
Cd_ln_U,CVD,1.480134497157622,1.361157145948087,1.1415828404337791,0.9477716411694993,1.9190881748394064,1.9548472390241063,0.0030839519638047137,0.09217670854940965,0.09190176852138048,0.501835597698979,TRUE
CEMA_CYM_ln_U,CVD,1.1952370863130108,1.2146575613091415,1.0593983876006623,1.0653341064460793,1.3484933611551995,1.384911064348944,0.0037630144237557404,0.005027517887886427,0.09344819152326755,0.2942663328076152,TRUE
X2_FL_ln_U,CVD,1.3434735457922393,1.3417876236495105,1.087922642142913,1.0344991282494824,1.6590528575527819,1.7403533534392817,0.006092048034579494,0.028036951471467647,0.12967359387890637,0.2942663328076152,TRUE
ATCA_ln_U,CVD,0.7761869170737703,0.7385308427094998,0.6432759004276075,0.5395503603006486,0.936559460467902,1.0108932284454044,0.0081951888565798,0.057916396826842895,0.13878349020007313,0.4037891353104139,TRUE
U_ln_U,CVD,1.2628978364261487,1.2896974733549744,1.0617058518807738,1.0584403533558742,1.5022154605482487,1.5714816309719393,0.008382895381212471,0.013366444781765335,0.13878349020007313,0.2942663328076152,TRUE
PFHxA_binary_U,CVD,0.4220598883796244,0.4341055444610278,0.21842054409265244,0.2071119079076488,0.8155576670638528,0.9098830947751887,0.010270219184142367,0.029624127463853882,0.15302626584372128,0.2942663328076152,TRUE
IPM3_Cys_ln_U,CVD,1.4176873132276375,1.6080332200911456,1.0788482988580428,1.202591214372566,1.8629471077759532,2.1501660797229305,0.012260047337335234,0.0033253436434742783,0.1570801235354245,0.2942663328076152,TRUE
o_TLD_ln_U,CVD,1.4944945497103908,1.5287322235059422,1.089768051894801,1.0525731679434234,2.0495315083155625,2.2202943057646314,0.012650748204195263,0.028451952036524064,0.1570801235354245,0.2942663328076152,TRUE
CEMA_CEM_ln_U,CVD,1.3409816173042404,1.4264042896228797,1.0617595044209212,0.8885932951610299,1.6936337188039994,2.2897192771253567,0.013776416774559168,0.13585877040935576,0.15789893072379355,0.5980508664995314,TRUE
X3_HPMA_ln_U,CVD,1.2901666985014557,1.3504669266853406,1.0500395599188626,1.042165766792581,1.585207046914276,1.7499720084683288,0.015322803531049404,0.02454080934731128,0.1630784090090258,0.2942663328076152,TRUE
PFBA_binary_U,CVD,0.3390002020472187,0.26637203249080876,0.1345659110085008,0.09626992180313157,0.8540137403803206,0.7370324849581046,0.021749094387777997,0.014285313768781154,0.2160410042519281,0.2942663328076152,TRUE
PFHS_ln_S,CVD,0.7974886691642628,0.8115472332937279,0.6533143146631142,0.5465644339592455,0.9734796302042431,1.2049977476503961,0.026138518154194837,0.2892601004565176,0.2303211628494314,0.7318322239421191,TRUE
X1_PY_ln_U,CVD,1.2818390731329297,1.4630274098633687,1.029721521904856,1.0670504704730739,1.5956852163007502,2.0059493540755904,0.026278253479465326,0.019772442669703825,0.2303211628494314,0.2942663328076152,TRUE
X4_ABP_ln_U,CVD,1.36411497469164,1.2520704495678094,1.0329248643145623,0.8720832241890855,1.8014956638814057,1.7976270695249972,0.028650607078301096,0.2050597952406389,0.23716335859260354,0.6309365786777807,TRUE
PGA_ln_U,CVD,1.3387566104511217,1.314865776554999,1.0094015142348898,0.84659578176492,1.7755761575066464,2.042145788573806,0.04287629595623571,0.21392528264422916,0.31061320207551163,0.6309365786777807,TRUE
X3_FL_ln_U,CVD,1.2129530440681833,1.158746246597754,1.0049023461462026,0.9260833742321194,1.4640776715832449,1.4498617525854016,0.04433577251855475,0.18948857729119184,0.31061320207551163,0.6309365786777807,TRUE
X24D_ln_U,CVD,0.8139700121028217,0.6748977941797676,0.6640153592154405,0.4923037078485535,0.9977889387761941,0.92521552311533,0.04756094507011122,0.016291018615467757,0.31061320207551163,0.2942663328076152,TRUE
MECPP_ln_U,CVD,1.2455791287254443,1.0664706884081996,1.0012988911883063,0.855679855328304,1.5494547927394684,1.3291883899703134,0.04865321672666722,0.5550992325028916,0.31061320207551163,0.8845138616998544,TRUE
DHB_Cys_ln_U,CVD,1.4574353064788885,1.2973755887145688,1.001359237091502,0.63224081479935,2.121234412078544,2.6622504887266008,0.04917661011313853,0.46525229548306646,0.31061320207551163,0.8665324003372114,TRUE
X1_NP_ln_U,CVD,1.1457515624082795,1.0824454136342954,0.9999812019179297,0.9022115795315365,1.3127713203440328,1.2986843663725833,0.05003165671014953,0.38141959637603606,0.31061320207551163,0.8610836342428694,TRUE
Sn_ln_U,CVD,1.179706803151074,1.2200209817850187,0.9982097082106894,0.9485961770846374,1.3942041736856987,1.569109418688787,0.05250852128450126,0.11700206176698275,0.3129507868556275,0.5623647484929171,TRUE
Hg_binary_U,CVD,0.7085366743314017,0.5402288740006833,0.4971885426610696,0.2850983968755981,1.0097260411224511,1.0236719655473647,0.05659704061367691,0.058429744920794446,0.3243445789014561,0.4037891353104139,TRUE
MB3_Cys_ln_U,CVD,1.2158843199997083,1.1888936242670831,0.9912461456068022,0.9010836806115506,1.4914304445705053,1.5686312827945381,0.060710393260287286,0.2121516468569764,0.3350314294734372,0.6309365786777807,TRUE
MiBP_ln_U,CVD,1.2147953026298342,1.0716843120029067,0.9838476702906729,0.7173280925624731,1.4999554014855918,1.6010905978746657,0.07051307181986191,0.7271546752344826,0.3597019203358031,0.9548280976492394,TRUE
X5OHIMI_binary_U,CVD,0.5096298479326221,1.1226729596930702,0.24541525978807396,0.39664659356443743,1.0582984209217816,3.1776261157307535,0.07060886113950535,0.81582269281842,0.3597019203358031,0.9568297563098194,FALSE
PFNA_ln_S,CVD,0.7993064001325323,0.6931565830285679,0.6259957721607357,0.48803587491612727,1.020599099395804,0.9844892010826288,0.07242320543673889,0.041198771818706514,0.3597019203358031,0.3828091104595595,TRUE
TCC_binary_U,CVD,0.7319575857554278,0.8701581112297109,0.5148051500799335,0.5402700721675673,1.0407081344499505,1.401475257552331,0.08225517050197105,0.5556693889212757,0.3953554969288286,0.8845138616998544,TRUE
MBzP_ln_U,CVD,1.1525740705384746,1.0184063248876283,0.9779778331311842,0.8550014380691778,1.3583405912426605,1.213040582613862,0.09021458780118442,0.8327803421280986,0.42006167444926495,0.9568297563098194,TRUE
EO_ln_S,CVD,1.2367673446018441,1.286799751587087,0.9589982256642371,0.9993628589437904,1.5949909225473742,1.6569092856168703,0.1015520978158933,0.05054427834334512,0.45361546696756927,0.4037891353104139,TRUE
MCOCH_binary_U,CVD,1.5053187089240936,1.8508934381515472,0.9152222666671976,0.7827170609971705,2.475884272012451,4.376813397970431,0.10717442593899386,0.14813015241932564,0.45361546696756927,0.6130942419577645,TRUE
X2_NP_ln_U,CVD,1.1812024547339386,1.1903172450164752,0.9639594292314629,0.9251038299362337,1.4474045242566547,1.531563374763321,0.10827746028767915,0.1683749902664481,0.45361546696756927,0.6309365786777807,TRUE
OXY_binary_U,CVD,1.3603949996296425,1.5847789659288367,0.9296504905534526,0.9186385456432588,1.9907207857391278,2.7339636277637656,0.11309514733294716,0.09491823885069743,0.45361546696756927,0.501835597698979,TRUE
Co_ln_U,CVD,1.2263325552723334,1.5536196232287942,0.9507577572863564,1.140529422664408,1.581782030801582,2.1163276332168794,0.11615491664608657,0.006732113214145686,0.45361546696756927,0.2942663328076152,TRUE
MEOHP_ln_U,CVD,1.1814513976576215,1.0123912082250013,0.9590753589244351,0.8235588574983287,1.455388663715135,1.244520593955676,0.11706293198079723,0.9038434021819527,0.45361546696756927,0.9850263642790837,TRUE
TTCA_binary_U,CVD,1.4965013638228895,1.5209305915469649,0.9018397409753922,0.8014368430732489,2.483275276272036,2.8863532844745676,0.11873156517943087,0.1833170480376697,0.45361546696756927,0.6309365786777807,TRUE
PMM_Cys_ln_U,CVD,1.1751036770051935,1.1347532687000375,0.9550363822882474,0.8329776226493159,1.4458806777628654,1.5458578307661541,0.12722866411632452,0.41027774021983743,0.4739267738333089,0.8665324003372114,TRUE
X1_PH_ln_U,CVD,1.1996310377690123,1.268693084411632,0.9464946836383625,0.9231036763074245,1.5204677338986672,1.7436634516206342,0.1322698509524033,0.1368879802756305,0.4806879949245876,0.5980508664995314,TRUE
FA_ln_S,CVD,0.47479688699992983,0.5716512201168927,0.17831066489656322,0.15237909848388156,1.2642658476743145,2.144553424403538,0.13604478609335022,0.3945466061003463,0.48263507447402815,0.8665324003372114,TRUE
CEMA_AAM_ln_U,CVD,1.1988482920175088,1.1456145022837279,0.9307756000948109,0.789502515465508,1.5441286032067212,1.6623539027851664,0.1601876612248292,0.4616363831970812,0.5238879772929297,0.8665324003372114,TRUE
PFDA_ln_S,CVD,0.8607370533686778,0.8111322022668448,0.6981689205144449,0.5968198755183752,1.06115905946642,1.1024020421283787,0.1602734738934355,0.1737568325268178,0.5238879772929297,0.6309365786777807,TRUE
X23_OH_PH_ln_U,CVD,1.1758703591179687,1.245025071782135,0.9371485328879513,0.9263885692762726,1.4754023006271273,1.6732583721073904,0.1617244350233757,0.14048174716431946,0.5238879772929297,0.5980508664995314,TRUE
BMA_ln_U,CVD,1.141958038899759,1.128205415860281,0.947932377849739,0.9209497573886363,1.3756974580464187,1.3821030410884123,0.16236551946276734,0.23432901373143905,0.5238879772929297,0.6523768969746595,TRUE
BDCM_binary_S,CVD,0.7350887514551369,0.662212051766541,0.4759367595190718,0.3842594314917114,1.1353514132043396,1.14122065866407,0.16525325458233353,0.13244607787647317,0.5238879772929297,0.5980508664995314,TRUE
BDCPP_ln_U,CVD,0.8879556212653474,0.840387202064401,0.7470358780116062,0.6586404624453882,1.0554582564834714,1.072285548281498,0.17772636785902307,0.15540682188864272,0.5516922668957174,0.6258274719299396,TRUE
X2_HPMA_ln_U,CVD,1.1303302164158313,1.3999938474546483,0.942336744434501,0.9875592945549084,1.3558278457128186,1.9846735114717646,0.18682831563587504,0.05824948065512557,0.5577720755169837,0.4037891353104139,TRUE
X25_DMF_binary_S,CVD,1.5739823045910242,1.2707110241470778,0.8021705676955875,0.7816472895634362,3.0883959034829838,2.0657738195327937,0.18717183742180662,0.32203610797440113,0.5577720755169837,0.7739254852933188,TRUE
DPHP_ln_U,CVD,1.1253730835235762,1.0755363988736153,0.940627575444935,0.8948138170546155,1.3464038373745315,1.2927589217494388,0.19671353677639297,0.42521027824916713,0.5747120976408343,0.8665324003372114,TRUE
MCNP_ln_U,CVD,1.1257720513385396,1.0604821559033513,0.9285780273122608,0.8578812210553323,1.364842451897472,1.3109302026753227,0.22790607064709661,0.5758244603012475,0.6428823028584596,0.8845138616998544,TRUE
DPCP_binary_U,CVD,1.61227057651685,1.4493960756300932,0.740783981971243,0.39997222626893,3.5090073154455497,5.252237145684789,0.2286762553791836,0.5481394254177612,0.6428823028584596,0.8845138616998544,TRUE
BPS_ln_U,CVD,0.91702774203681,0.8532000746472291,0.7935637726371876,0.7429731518135515,1.0597004407982251,0.9797801785988572,0.24038837038297783,0.02590327222837342,0.6632938367974758,0.2942663328076152,TRUE
DETP_binary_U,CVD,0.7358619181387793,0.7190454131192495,0.43784832977671073,0.3778381588820064,1.2367130938766588,1.368380334208892,0.2469054988405078,0.29182396154152634,0.663438023367821,0.7318322239421191,TRUE
MDA_binary_U,CVD,0.6443325247300107,0.4823178907287714,0.30501486243667625,0.21299487318018398,1.361128435212371,1.0921884843690872,0.24934583428589246,0.07662377312557417,0.663438023367821,0.47570592482127294,TRUE
Sm_PFOS_ln_S,CVD,0.8419349263677999,1.0071434801272134,0.6252864167055496,0.5376241990603339,1.1336475594219657,1.8867044886290962,0.2569922272550761,0.9810356113661751,0.6677657960058193,0.9943830346500687,FALSE
Furan_binary_S,CVD,1.351895683276998,1.344710521718312,0.7974320850611448,0.8549052759449663,2.291884127439949,2.1151423884022664,0.26292850626633996,0.19177774999999284,0.6677657960058193,0.6309365786777807,TRUE
DEA_ln_U,CVD,0.9450375293097443,0.9195025824562743,0.8550983389930753,0.802356048318036,1.0444365180916322,1.053752883045042,0.26790943802238765,0.2182219210787574,0.6677657960058193,0.6309365786777807,TRUE
Perchlorate_ln_U,CVD,0.8802904193294683,0.7779082794542561,0.7022006683551888,0.5762749035261856,1.1035466886956644,1.0500913497024842,0.2688989782573769,0.09767270022329122,0.6677657960058193,0.501835597698979,TRUE
CYHA_Cys_binary_U,CVD,1.6164538959104617,1.3000469296298955,0.6615751494254334,0.7548183027458226,3.9495485885063677,2.239111072283113,0.29207020736128775,0.3199147784666152,0.70280270122912,0.7739254852933188,TRUE
BCPP_binary_U,CVD,1.2152243858544858,1.2874055347546913,0.8453788544424474,0.6808350400503137,1.7468739609643846,2.4343826528002,0.29244139245775463,0.4243942529261968,0.70280270122912,0.8665324003372114,TRUE
TBPPP_binary_U,CVD,0.6322576916029338,0.7363250537456023,0.258432217745317,0.2941087958119853,1.5468264447779527,1.8434490654269982,0.31520658940917495,0.488058305262399,0.7454886003486836,0.8820965225416805,TRUE
X26_DMA_binary_U,CVD,1.338215364163236,1.0055038561153113,0.7459807585046578,0.47540765021353504,2.400625405502815,2.1266759258262686,0.32851960282985493,0.9877449575431311,0.7506332162027618,0.9944189099589631,TRUE
CMAC_ln_U,CVD,1.1262586624100184,0.9679211595160994,0.8868080055640665,0.7066519472445115,1.4303643705232263,1.325788989462474,0.3295813940548804,0.8338117833983864,0.7506332162027618,0.9568297563098194,FALSE
Se_ln_S,CVD,0.5774890618553489,0.336522193359564,0.19022872673539193,0.053390451400014666,1.7531191123749692,2.1211131139359636,0.33249525013008235,0.2364318955478632,0.7506332162027618,0.6523768969746595,TRUE
Thiocyanate_ln_U,CVD,1.0866713427821086,1.0280684332504133,0.9120571168838304,0.7865195747622897,1.2947156327867102,1.3437996171492546,0.35236867179874987,0.8342454426837169,0.7776399863080211,0.9568297563098194,TRUE
DMTP_ln_U,CVD,1.0824452833326457,1.2133836768567725,0.9151966977006464,1.0500113706260923,1.2802578881161366,1.4021752415734023,0.35489610113386194,0.012148476491421478,0.7776399863080211,0.2942663328076152,TRUE
Sb_ln_U,CVD,1.1227489437865994,1.1710270347630127,0.871294836616063,0.8913286485199027,1.4467722495288857,1.5384946040082703,0.3708015669508662,0.24671788074703047,0.8007164271837545,0.6683811678419552,TRUE
DEP_ln_U,CVD,1.1141848207054494,0.8852713199457173,0.8680541197194926,0.6094226146295669,1.4301041680345794,1.2859800261839678,0.3959119096859462,0.4972893147214843,0.8092101841311092,0.8820965225416805,FALSE
DMA_ln_U,CVD,1.1133456059387643,1.274535656502734,0.8592495269957448,0.9646744445590749,1.4425826250926674,1.683926788834279,0.41661604474370395,0.08544471446771386,0.8092101841311092,0.501835597698979,TRUE
m_p_Xylene_binary_S,CVD,0.8709302086419195,0.9366447566795321,0.623655715379306,0.6433168758120272,1.2162470568616977,1.3637189279511486,0.41734871496395864,0.724466407532845,0.8092101841311092,0.9548280976492394,TRUE
X2_MHA_ln_U,CVD,0.9339883249932693,0.9372978518941157,0.7865187591151194,0.696935160967835,1.1091079279598635,1.260558101194538,0.4360500868215113,0.6585780441636547,0.8092101841311092,0.934553605527472,TRUE
IPPPP_binary_U,CVD,0.7409341963015139,0.7718618830424175,0.34747372351171707,0.23803001472310337,1.5799280524026686,2.5029228653656874,0.43768854572517124,0.6456934829121321,0.8092101841311092,0.9250800860952663,TRUE
A_a_C_binary_U,CVD,1.2702066066219682,0.8260838738649676,0.6932200503891084,0.4055740410900331,2.327435310909531,1.6825893610588922,0.43887345250251986,0.5755015201387466,0.8092101841311092,0.8845138616998544,FALSE
MeFOSAA_binary_S,CVD,1.1459585102343435,1.4256322717521372,0.8113867680059323,0.8188017822981452,1.6184894294072525,2.482197056968672,0.4392677253469195,0.2014742532514834,0.8092101841311092,0.6309365786777807,TRUE
PhIP_binary_U,CVD,0.8180571076230376,0.9245698199746375,0.48819016269338694,0.3623257348036702,1.3708130201568185,2.3592841189465372,0.4457813947586926,0.8607628989279533,0.8092101841311092,0.9643133228591356,TRUE
Harman_ln_U,CVD,1.1110126667728473,0.9681876744948181,0.8465225545973192,0.701810416325135,1.4581408835785592,1.335670362306807,0.4479309214427978,0.8333071397805758,0.8092101841311092,0.9568297563098194,FALSE
MeP_ln_U,CVD,0.9602546415382595,0.911473468186022,0.8646317787548843,0.7637543819042767,1.066452794418022,1.0877631642985186,0.4485674988762505,0.2928762393832634,0.8092101841311092,0.7318322239421191,TRUE
W_ln_U,CVD,1.0752489890542414,1.0406730650108422,0.8910237846373003,0.8034491101331345,1.2975640026632893,1.3479390475142896,0.4492668565751383,0.7551535559812513,0.8092101841311092,0.9568297563098194,TRUE
BPA_ln_U,CVD,1.0719007018874798,0.9872632548159095,0.8954410005194736,0.7546980194856201,1.2831343595393971,1.291495020715733,0.4493042566458205,0.9230111840349153,0.8092101841311092,0.9850263642790837,FALSE
TCPY_ln_U,CVD,0.9161902381535687,0.9737095447906023,0.7296894765048604,0.746311577693842,1.1503585833641958,1.2703947063853047,0.45099706947715285,0.8392860900919937,0.8092101841311092,0.9568297563098194,TRUE
PHE_Cys_binary_U,CVD,0.8705648833595523,0.851981140201844,0.6046568979573187,0.5189518762266476,1.2534103533742007,1.3987267346204102,0.4560428015278049,0.5143453033119014,0.8092101841311092,0.8845138616998544,TRUE
MHNCH_binary_U,CVD,1.1480422749042898,1.0245408165737655,0.7984444322028242,0.6085678888589249,1.6507110724426872,1.7248427070212544,0.4561990299799542,0.9249023139277235,0.8092101841311092,0.9850263642790837,TRUE
PMA_binary_U,CVD,0.8768447841586485,0.6534030533195554,0.6174488020583921,0.4191616206555178,1.2452154299159466,1.0185463769789858,0.46268779084704276,0.05961987232771212,0.8110644804259926,0.4037891353104139,TRUE
HEMA_binary_U,CVD,0.8747050097879827,0.9378651057726645,0.6016509486880103,0.5736227288298631,1.2716822865760107,1.5333962767135372,0.4832080939398292,0.791693670118239,0.8219194118987619,0.9568297563098194,TRUE
MCPP_ln_U,CVD,0.9428605614084138,0.9266212881065641,0.7981189959610567,0.7704223152034944,1.1138514967795181,1.1144887610705771,0.4889789684143931,0.4058421621266678,0.8219194118987619,0.8665324003372114,TRUE
MHBP_ln_U,CVD,0.9306939751372237,0.9108119044016243,0.7582478343327538,0.6853735570756794,1.1423590495566163,1.210403168659323,0.4921019509190076,0.5074140784112623,0.8219194118987619,0.8845138616998544,TRUE
MEHP_binary_U,CVD,0.8889391584195009,0.9427489757128444,0.6338893439190907,0.5841917921400558,1.246610051031924,1.5213764437733484,0.4950176278919453,0.8030750278103727,0.8219194118987619,0.9568297563098194,TRUE
MEHHP_ln_U,CVD,1.071357799164985,0.8630636777729815,0.8772737153680815,0.6909847498835825,1.30838017111917,1.0779961670883802,0.4990830358048576,0.18631914258819032,0.8219194118987619,0.6309365786777807,FALSE
Ba_ln_U,CVD,0.9443511227264599,0.9959165589600506,0.7946235132415923,0.8132002375108729,1.1222912840279726,1.219687042205969,0.5156441072279232,0.9673864028838146,0.8219194118987619,0.9872642056827972,TRUE
HIBP_ln_U,CVD,0.9360317539914783,0.8607563589026734,0.7643222396225212,0.6740131605491954,1.1463168269355524,1.0992389359099324,0.5226128580133738,0.22019263148486307,0.8219194118987619,0.6309365786777807,TRUE
MCOP_ln_U,CVD,1.0474676652810957,1.0641062316868084,0.9084647397554377,0.8903603996214845,1.2077392349919898,1.271757001767014,0.5232027984369556,0.48205806214706204,0.8219194118987619,0.8820965225416805,TRUE
PFHpA_binary_S,CVD,0.7893393850359235,0.762919128724033,0.3716943773611002,0.3365214463416297,1.67626066660565,1.7295943640458407,0.5381379186310681,0.4918040951401439,0.8219194118987619,0.8820965225416805,TRUE
THg_ln_S,CVD,0.9515461790135185,0.9330531767044489,0.8120970495590705,0.7756226444856058,1.1149407959145243,1.1224378720088026,0.5390232206730514,0.44978359869898565,0.8219194118987619,0.8665324003372114,TRUE
Benzene_binary_S,CVD,0.8839812165886658,0.9301922628748001,0.5948346567154353,0.581135270707653,1.3136806715271883,1.4889091912430472,0.5417802342207827,0.7555680056576344,0.8219194118987619,0.9568297563098194,TRUE
DBCM_binary_S,CVD,1.1385389984870165,0.8722883811663864,0.7498259395231757,0.5239265378675804,1.7287626137609142,1.4522780674839286,0.5426160950870458,0.5881549587070449,0.8219194118987619,0.8942356004831602,FALSE
X1_AN_ln_U,CVD,1.0638240589452752,0.9921398786920593,0.8674915259099135,0.7215136562311395,1.3045909897548977,1.3642729148507715,0.5522649757594804,0.9585827034930681,0.8219194118987619,0.9850263642790837,FALSE
GLYP_ln_U,CVD,1.0730630011970235,1.2320029598333406,0.8466186018813445,0.9507609789780402,1.3600743026189064,1.5964383547478016,0.5598160206470417,0.11054776871918721,0.8219194118987619,0.5490539179719631,TRUE
Mn_binary_U,CVD,1.1162276533676898,1.2026156285495992,0.7689992346422105,0.7571602477005802,1.6202411108022035,1.910143003973027,0.563023030871298,0.4218447087227496,0.8219194118987619,0.8665324003372114,TRUE
PNP_ln_U,CVD,0.9399612684082472,0.9131724583136761,0.7611621613834149,0.7431914653854101,1.1607607825667887,1.1220311016222455,0.5651830202021301,0.3749662246345066,0.8219194118987619,0.8595379610852535,TRUE
AsC_binary_U,CVD,1.134238170540904,1.2822221236145537,0.7381892092146279,0.734814050348358,1.7427730065042564,2.2374280588499764,0.5654368708742699,0.36907863927211426,0.8219194118987619,0.8595379610852535,TRUE
PPDA_binary_U,CVD,1.1990736495885186,1.5477424847222219,0.6428144876311513,0.657775967834181,2.2366913702208433,3.641827789637339,0.5681724793662583,0.29375697564388953,0.8219194118987619,0.7318322239421191,TRUE
GAM_Cys_binary_U,CVD,1.1081083600234733,0.9002719257487456,0.7742692895678895,0.6211750671013272,1.5858876932070887,1.3047683064187545,0.5746339318159214,0.5674495251480502,0.8232736138516565,0.8845138616998544,FALSE
NDMA_binary_U,CVD,0.8510924499426601,0.767260119906498,0.47260208294188083,0.3698701222910788,1.5327024245013299,1.5916075836362107,0.591133198253687,0.4510244178197258,0.8388461575218988,0.8665324003372114,TRUE
MA_ln_U,CVD,1.0742179594661512,1.0570491551984118,0.8205326344509634,0.763835225347589,1.406335563011155,1.4628193089644645,0.6024572846704404,0.7297029527656342,0.84079134729113,0.9548280976492394,TRUE
IHg_binary_S,CVD,0.9145860431464156,0.9158023127086001,0.6528003335853323,0.5811328349469891,1.2813529455846646,1.4432051082416057,0.6037897594641001,0.6956804735426299,0.84079134729113,0.9548280976492394,TRUE
Sr_ln_U,CVD,0.94513379721531,1.0829914132159921,0.7585545856018979,0.812384793571768,1.1776052924785003,1.4437375125436263,0.615019373120679,0.5753824769327216,0.8484989499535293,0.8845138616998544,FALSE
BuP_binary_U,CVD,0.9017451523193326,0.9762869378174303,0.5983472675248531,0.4932502028458832,1.3589839276697981,1.9323584246973813,0.621156982470614,0.9432477425783026,0.8491044989735916,0.9850263642790837,TRUE
Nitrate_ln_U,CVD,1.0682914988165872,1.1644346081837014,0.8112559773676282,0.7872325067998608,1.4067652606356376,1.7223729267072103,0.6380505450298051,0.43331192140611074,0.8598965455340978,0.8665324003372114,TRUE
Toluene_ln_S,CVD,1.0401739770874852,1.0395753138752946,0.8725230365062414,0.8310539722677301,1.2400382079794598,1.3004171441114973,0.6604845373375378,0.7257676169919084,0.8598965455340978,0.9548280976492394,TRUE
X3PBA_ln_U,CVD,0.9692092932731643,0.8942673046564507,0.8427501620856067,0.7612417369367708,1.1146442877475775,1.050538841177514,0.6610726508507823,0.16676344017604522,0.8598965455340978,0.6309365786777807,TRUE
Mn_ln_S,CVD,0.9092571336127319,1.5118466010503886,0.5929537469006334,0.7846902952195391,1.394288406721523,2.9128436518615657,0.6627499220812183,0.20787123823560194,0.8598965455340978,0.6309365786777807,FALSE
DBUP_binary_U,CVD,1.0835244866565392,1.3841433829053744,0.7500081152085228,0.8599095115594716,1.565350146721953,2.227970360469995,0.6691072607838793,0.17333959690728523,0.8598965455340978,0.6309365786777807,TRUE
MeA_a_C_binary_U,CVD,0.8396794853184235,0.8329757204000152,0.37313362591118887,0.36837406951902074,1.8895687472359493,1.8835434092358065,0.6728476929668605,0.6399497687304898,0.8598965455340978,0.9250800860952663,TRUE
DMP_ln_U,CVD,1.0497427145331975,1.0239256635114804,0.8366730196226754,0.7980658757450538,1.3170733857445174,1.3137057932951257,0.6749282991416117,0.8424588086040594,0.8598965455340978,0.9568297563098194,TRUE
Pb_ln_S,CVD,1.0532582604882779,1.0450698009250057,0.826269043367515,0.7171954783809665,1.3426050173264998,1.522835714568297,0.675220777365701,0.8126295012354029,0.8598965455340978,0.9568297563098194,TRUE
Chloroform_binary_S,CVD,1.0620419315999121,0.7424651094001409,0.7914421559144649,0.5214432127336878,1.4251617203448204,1.0571706088311876,0.688304819796099,0.09555688743608692,0.8691306622849047,0.501835597698979,FALSE
Norharman_ln_U,CVD,1.0617354723803494,0.8696939442748882,0.7810740341454846,0.49302964946634625,1.4432463044863597,1.534121847493558,0.7021206439425569,0.6077289377822053,0.8703160811821968,0.914662744742915,FALSE
EtP_binary_U,CVD,0.9353776699260571,0.9777912553089441,0.6628671437481535,0.5540541203135326,1.3199196756819747,1.7255999078530608,0.7037893399043886,0.9361787267610487,0.8703160811821968,0.9850263642790837,TRUE
X4_MDA_binary_U,CVD,0.9104389620483279,0.8312207780823616,0.5584096503967257,0.4493609549075466,1.4843925118893266,1.5375790316673175,0.7067667504902404,0.5314413815677257,0.8703160811821968,0.8845138616998544,TRUE
BCETP_ln_U,CVD,1.0289261871769757,0.9931379389596311,0.8833369820313772,0.7878381166563362,1.1985110101740797,1.2519360829951176,0.7141143003684122,0.9519809905572292,0.8704801733993061,0.9850263642790837,FALSE
X2_AN_ln_U,CVD,0.93944545689896,0.9247911000193666,0.6688351960131123,0.5752846893327415,1.3195444434577774,1.486635390326484,0.7185843042155345,0.7304202380129416,0.8704801733993061,0.9548280976492394,TRUE
X14_DCB_binary_S,CVD,1.05261329291334,1.1337137631294474,0.779273914669334,0.7231736184287322,1.4218296334069076,1.7773144151770495,0.7381897026709637,0.5728803487387535,0.8811856940118272,0.8845138616998544,TRUE
PFUnDA_binary_S,CVD,1.062752723932933,0.7767318154348716,0.7426539986194927,0.4787971758946155,1.5208204013260187,1.2600582114576673,0.7392497432985128,0.29469753984246405,0.8811856940118272,0.7318322239421191,FALSE
X25_DCP_ln_U,CVD,0.9862930273848317,0.9831783491979136,0.9074589650810152,0.8844237343383732,1.0719756741629525,1.0929598887965914,0.7453916868589715,0.7457102516400183,0.8814552487459266,0.9568297563098194,TRUE
X34_MHA_ln_U,CVD,1.0236724119629574,1.037357132068765,0.8593974838595723,0.7583099299793703,1.219348702660723,1.4190897110937322,0.7932010909625254,0.8126945037373174,0.9206387317938559,0.9568297563098194,TRUE
BP3_ln_U,CVD,1.0103183910586517,0.9961422211378295,0.9329969168189575,0.869175644659873,1.094047829002003,1.14165569506002,0.8004966263535677,0.9542150851480982,0.9206387317938559,0.9850263642790837,FALSE
MINP_binary_U,CVD,1.049511841098395,1.092668007074747,0.7205125018541756,0.7523482669550162,1.5287383657760183,1.5869291206277016,0.8011769265572679,0.6311998895839799,0.9206387317938559,0.9250800860952663,TRUE
MEP_ln_U,CVD,0.985487844716724,0.9782107419540791,0.8784339377643724,0.8066599496644695,1.105588309299727,1.1862449053933708,0.8032418465315522,0.8170891765636701,0.9206387317938559,0.9568297563098194,TRUE
o_Xylene_binary_S,CVD,1.04069840590963,1.0474274134017831,0.7315618952186892,0.6427252023891946,1.4804669012169955,1.7069568491593266,0.8244472662026255,0.847661260623464,0.9375784110795508,0.9568297563098194,TRUE
X4FPBA_binary_U,CVD,1.0558600892665562,1.0499855135576344,0.6416904186915582,0.560907571673349,1.7373495000583004,1.965510245104919,0.8306063776006758,0.8748272341842988,0.9375784110795508,0.9727556559213472,TRUE
Total_As_ln_U,CVD,1.0180643176674566,0.999352440557843,0.8553704389493696,0.8223526071037407,1.2117030326425078,1.2144489989109128,0.8402919535252914,0.9946302373559355,0.9413797073328453,0.9946302373559355,FALSE
Pb_ln_U,CVD,0.9760762147296642,0.9786944981303053,0.7509929231921666,0.7128213071499725,1.268620179417061,1.3437349740571192,0.8563328046369969,0.8905757702006096,0.9456870095569917,0.9829317759991913,TRUE
PrP_ln_U,CVD,0.9927163837064534,0.9538104760654172,0.9156657189029577,0.8401187665339149,1.0762506427126168,1.082887873110512,0.8592420771031886,0.4526336427815637,0.9456870095569917,0.8665324003372114,TRUE
Cs_ln_U,CVD,1.0316418385631663,1.0510635154184673,0.7114660244757975,0.7104206481575789,1.4959040157372891,1.5550427993736813,0.8694834117327341,0.7968971050973912,0.9456870095569917,0.9568297563098194,TRUE
DCVDMPCA_binary_U,CVD,1.0287394524021738,1.0831869773355656,0.7239252555452074,0.7038786202467721,1.4618979691925331,1.6668982323372956,0.8744284599756088,0.7076597199912267,0.9456870095569917,0.9548280976492394,TRUE
o_ANS_ln_U,CVD,0.9784645316241289,0.9114363227195514,0.7445792255685434,0.6474104728635016,1.2858172868244924,1.283136750473427,0.8758711900594958,0.5719225776013814,0.9456870095569917,0.8845138616998544,TRUE
AsB_binary_U,CVD,1.022508669119389,1.021845846566518,0.7195838082996512,0.6089860522376808,1.4529565095340833,1.7146023793295608,0.9011785295351048,0.9326108620718174,0.9647419852878858,0.9850263642790837,TRUE
MnBP_ln_U,CVD,1.0121952993963954,1.0469780120420809,0.8268901389591544,0.8600588192874058,1.2390271401830892,1.2745209201014924,0.9064689794651276,0.6370028848996075,0.9647419852878858,0.9250800860952663,TRUE
X24_DCP_ln_U,CVD,0.9948883529300687,0.9422693301241153,0.8779631693772804,0.8171877907541057,1.1273853725526437,1.086496274832026,0.9359683813584099,0.4005879958780185,0.9864249567206234,0.8665324003372114,TRUE
NPMA_ln_U,CVD,0.9963938532451514,0.9511462155663286,0.8718545866886469,0.8048052922693943,1.1387228167892465,1.1240968866334486,0.9577072360094081,0.5449648658496938,0.9864249567206234,0.8845138616998544,TRUE
Ethylbenzene_binary_S,CVD,0.9895112314216781,0.9099095140860333,0.6660664624397891,0.5225457720459473,1.4700221859588933,1.5844264141352213,0.958360696986594,0.7305396183356596,0.9864249567206234,0.9548280976492394,TRUE
n_PFOS_ln_S,CVD,1.0075378869929061,1.1467061718290565,0.7551338440466918,0.6245243137953302,1.3443081669947798,2.1054985618090467,0.9592931385583023,0.6380308965916195,0.9864249567206234,0.9250800860952663,TRUE
BPF_binary_U,CVD,1.007799190413135,1.0176760917997425,0.7192217961679273,0.7189620471131479,1.4121641107220133,1.4404997203667531,0.9639989033968519,0.9186601662036242,0.9864249567206234,0.9850263642790837,TRUE
Tl_ln_U,CVD,1.0064368266945338,1.0718467051483047,0.745584734351798,0.6743827780183139,1.3585512678281682,1.703565685222878,0.9665640515517516,0.7618533363526028,0.9864249567206234,0.9568297563098194,TRUE
MMA_binary_U,CVD,0.9946925505087724,1.100611011554195,0.69749850324423035,0.6940638588426182,1.418516692775184,1.7452927181287297,0.9765566433181198,0.6741287400664893,0.9898431282612234,0.9475960591500651,FALSE
DMDTP_binary_U,CVD,0.9971437289812615,1.3211177369558362,0.6150058692410623,0.6944108930117487,1.6167254102365711,2.513428421794329,0.9907441746452081,0.3706819553718823,0.9947952454688085,0.8595379610852535,FALSE
Mo_ln_U,CVD,0.9991304056245808,0.8971438014682106,0.7693103161559259,0.6673900283750509,1.2976058509544397,1.2059919481753534,0.9947952454688085,0.4595272498168419,0.9947952454688085,0.8665324003372114,TRUE
X25_DMF_binary_S,LE8,-10.23099339332021,-10.723402518073332,-11.374496836041759,-12.637882553701747,-9.08748995059866,-8.808922482444917,3.835571828569499e-66,1.8273225711206835e-12,5.7150020245685536e-64,1.0462090017400061e-10,TRUE
Furan_binary_S,LE8,-9.094721094702756,-10.208785143682334,-10.340109597514362,-12.218654863097276,-7.849332591891149,-8.198915424267392,2.96580864089953e-45,1.9349605970135592e-11,2.20952743747015e-43,7.207728223875508e-10,TRUE
CEMA_CYM_ln_U,LE8,-1.733558241616414,-1.6375108998198673,-2.0085106894418256,-1.9315580885548131,-1.4586057937910022,-1.3434637110849215,4.2194157183875835e-34,2.1064610773288714e-12,2.0956431401324997e-32,1.0462090017400061e-10,TRUE
EO_ln_S,LE8,-3.345349380743631,-3.4759044849579053,-3.877607611350162,-4.010486653141024,-2.8130911501371,-2.9413223167747864,6.900147863612869e-34,4.2646114976115594e-14,2.570305079195794e-32,6.3542711314412235e-12,TRUE
Cd_ln_S,LE8,-3.3720071427405625,-3.6436623848300154,-3.934490706710549,-4.534497982311791,-2.809523578770576,-2.7528267873482397,2.4494515221565063e-31,2.530229683204117e-9,7.299365536026389e-30,3.770042227974134e-8,TRUE
Benzene_binary_S,LE8,-5.488505490612833,-5.299531081401788,-6.439784833318782,-6.993310306928016,-4.537226147906884,-3.6057518558755612,3.683852003478177e-29,4.713806140764096e-7,9.14823247530414e-28,3.344557690351668e-6,TRUE
Toluene_ln_S,LE8,-2.535159306604869,-2.9211640078997863,-2.976389551532462,-3.5844968777314605,-2.0939290616772763,-2.257831138068112,6.1128450728925e-29,5.093247366875136e-10,1.3011627369442606e-27,1.2648230961073255e-8,TRUE
Ethylbenzene_binary_S,LE8,-5.711236532444502,-5.714518886465742,-6.709563698000033,-7.818071832650384,-4.712909366888971,-3.6109659402810994,1.0480754910840911e-28,4.9594241597877055e-6,1.9520406021441197e-27,2.7368674066976596e-5,TRUE
CYHA_Cys_binary_U,LE8,-10.60306179463755,-10.12703853579592,-12.537141298633529,-12.385025978733205,-8.668982290641573,-7.869051092858635,8.535401143161636e-26,9.008588146698501e-8,1.4130830781456488e-24,7.895762552106334e-7,TRUE
X2_FL_ln_U,LE8,-2.9569749748208274,-3.1233300903017467,-3.5112566396747966,-3.7892732782929666,-2.402693309966858,-2.457386902310527,4.312705924552834e-25,1.2354853883980897e-10,6.425931827583723e-24,3.6817464574263073e-9,TRUE
MB3_Cys_ln_U,LE8,-2.599104913933625,-2.4390781609384025,-3.1229719723091276,-3.0180217724498855,-2.075237855558122,-1.8601345494269195,5.7204786672439285e-22,1.3419800730524897e-9,7.211090324574064e-21,2.856500441211728e-8,TRUE
X2_NP_ln_U,LE8,-3.020669241117193,-3.4012653865479225,-3.6296658858045214,-4.328368320119855,-2.411672596429865,-2.4741624529759902,5.807589523146898e-22,2.3696344699316102e-8,7.211090324574064e-21,2.7159656616908457e-7,TRUE
GAM_Cys_binary_U,LE8,-4.976961996211792,-5.730617262985921,-6.053999029556686,-7.120189410415337,-3.8999249628668986,-4.341045115556504,2.5535904160489507e-19,2.1227154285999947e-9,2.926807476856105e-18,3.5142733206822136e-8,TRUE
CMAC_ln_U,LE8,-2.830874111888297,-2.3812000625996683,-3.4565711027578256,-3.340679077148955,-2.2051771210187683,-1.4217210480503817,1.3581405235159176e-18,1.920267634076873e-5,1.4454495571705122e-17,8.67029931749861e-5,TRUE
o_Xylene_binary_S,LE8,-4.3332366835665574,-4.350095960307905,-5.322904846828117,-6.109023451330489,-3.3435685203049976,-2.5911684692853205,1.3421983740874163e-17,2.0180488844649158e-5,1.3332503849268335e-16,8.84380246427272e-5,TRUE
X3_FL_ln_U,LE8,-2.037441024710557,-2.10106855018736,-2.5086986368927953,-2.656877287626998,-1.5661834125283187,-1.5452598127477217,3.8843223359893915e-17,1.2995224507540011e-8,3.617275175390121e-16,1.7602622287486015e-7,TRUE
THg_ln_S,LE8,2.0653654197854654,2.389042377429655,1.5851556960484618,1.7464714308633311,2.545575143522469,3.0316133239959786,4.7979158558942144e-17,1.8160506091135942e-8,4.2052321325190474e-16,2.254929506316046e-7,TRUE
PMM_Cys_ln_U,LE8,-2.499770299768767,-2.5529330687251983,-3.082700209605508,-3.3243250321874322,-1.9168403899320259,-1.7815411052629644,6.930054014831772e-17,1.708805151566441e-7,5.736544712277412e-16,1.4145109310188875e-6,TRUE
CEMA_CEM_ln_U,LE8,-2.9626810984921983,-3.071884308677874,-3.662089140942145,-3.9446928435106523,-2.2632730560422516,-2.199075773845096,1.6090583423963179e-16,5.3439497369337086e-8,1.2618404895634281e-15,5.182100290744074e-7,TRUE
DMA_ln_U,LE8,3.320440849785953,4.026815779093979,2.534278641372942,3.0605131347827985,4.1066030581989645,4.993118423405159,1.9506702027358352e-16,1.697854183117171e-9,1.4532493010381972e-15,3.1622534160557314e-8,TRUE
Tl_ln_U,LE8,3.9686301723224715,3.9337885565332975,3.019749978866003,2.6250971226770683,4.9175103657789405,5.242479990389526,3.7653310676718984e-16,9.463736813637995e-7,2.671592043252918e-15,5.892006073458074e-6,TRUE
IPM3_Cys_ln_U,LE8,-2.7524355466126087,-2.7278684226500753,-3.416501456796316,-3.623603448382971,-2.0883696364289013,-1.8321333969171796,1.069342882749476e-15,1.0186586321109997e-5,7.242367705894178e-15,5.233797799466861e-5,TRUE
PHE_Cys_binary_U,LE8,-4.4306726124715015,-4.907867152894166,-5.522854843799099,-6.265546901527702,-3.338490381143904,-3.5501874042606305,2.7292088944777857e-15,3.1736045791018835e-8,1.7680527185964785e-14,3.3776220163298615e-7,TRUE
Total_As_ln_U,LE8,2.151856267399769,2.558353128558286,1.6053698963485683,1.8299271951475813,2.6983426384509697,3.286779061968991,1.6563568614616377e-14,5.564671453148e-8,1.0283215514907666e-13,5.182100290744074e-7,TRUE
MeP_ln_U,LE8,1.3188204652005948,1.1189607003686008,0.9768415968756763,0.6083532542016885,1.6607993335255133,1.6295681465355132,5.59666689089749e-14,1.0195663331560728e-4,3.335613466974904e-13,3.7978845910063716e-4,TRUE
X3_HPMA_ln_U,LE8,-2.2438285873947272,-2.065533763540357,-2.8313271692602426,-2.696378614402586,-1.6563300055292118,-1.4346889126781281,9.682509802559043e-14,2.0811382939317008e-7,5.548822925312683e-13,1.6320505568201234e-6,TRUE
MeA_a_C_binary_U,LE8,-7.252174834229691,-7.843345467203018,-9.211221628361109,-10.037272133053587,-5.293128040098273,-5.649418801352447,6.63027012265078e-13,1.5597890070044428e-6,3.658926845462838e-12,9.29634248174648e-6,TRUE
Nitrate_ln_U,LE8,3.1435089405224046,3.055610112247094,2.277877226152254,1.7197971992475984,4.009140654892555,4.391423025246589,1.398754335046908e-12,5.879733172925701e-5,7.44337128292819e-12,2.4335562299053598e-4,TRUE
Cs_ln_U,LE8,4.2089508515743805,3.958246228415468,3.0437174592110736,2.0788806518569647,5.3741842439376875,5.837611804973971,1.828559755469128e-12,1.658243518785232e-4,9.395013916031037e-12,5.74600661160464e-4,TRUE
BP3_ln_U,LE8,0.9391942916891016,1.0068552123250643,0.6749517029494437,0.615634040425745,1.2034368804287596,1.3980763842243835,4.082315067681507e-12,1.1304303533654548e-5,2.0275498169484822e-11,5.6144707550484257e-5,TRUE
A_a_C_binary_U,LE8,-5.212778387235273,-5.439583729798548,-6.719079161961278,-6.815683632934294,-3.7064776125092687,-4.063483826662801,1.7314095600226543e-11,4.5232624336819633e-7,8.321936272366951e-11,3.344557690351668e-6,TRUE
Thiocyanate_ln_U,LE8,-1.6391403689714674,-1.6298440613613183,-2.123071269709015,-2.3621887537743955,-1.1552094682339196,-0.8974993689482411,3.7960737177668705e-11,8.388472593641435e-5,1.767546824835199e-10,3.2891642538225623e-4,TRUE
X24D_ln_U,LE8,2.137996225932344,2.39685076950835,1.494634493114313,1.6036794887619,2.7813579587503754,3.1900220502548002,8.703212040936409e-11,8.642446684267076e-7,3.929632103331894e-10,5.853293436162701e-6,TRUE
IPM1_Cys_ln_U,LE8,-4.370917759163398,-4.1504873417160075,-5.6955321259661345,-6.006963088330297,-3.046303392360662,-2.294011595101718,1.40140985716462e-10,2.504035027918124e-4,6.141472609339071e-10,8.291138203551122e-4,TRUE
PrP_ln_U,LE8,0.8818323536266257,0.8400863605555263,0.6119049417732565,0.5068396245324485,1.151759765479995,1.1733330965786042,1.7874289849948826e-10,1.532085858575466e-5,7.609340536121071e-10,7.133774778992014e-5,TRUE
HEMA_binary_U,LE8,-3.4310558950362675,-3.752356346317745,-4.524975627614221,-5.000894984646813,-2.3371361624583145,-2.503817707988677,8.997137592496488e-10,9.490479581408978e-7,3.7238152813388246e-9,5.892006073458074e-6,TRUE
X1_AN_ln_U,LE8,-1.496714486957675,-1.5982989182031242,-1.9772283732875189,-2.1396264495746875,-1.016200600627831,-1.0569713868315611,1.33540493452069e-9,1.4408724104384234e-5,5.377711763340076e-9,6.92548352113952e-5,TRUE
PFUnDA_binary_S,LE8,3.5382035961521594,4.110241855440841,2.392114685812997,2.2264085760230845,4.684292506491322,5.994075134858598,1.6411144542809588e-9,1.07697043498128e-4,6.434896149680602e-9,3.9138681661514814e-4,TRUE
X1_NP_ln_U,LE8,-1.1260900906943503,-1.0778409550819985,-1.5087572132529337,-1.656958522058866,-0.7434229681357668,-0.49872338810513095,8.920067405045876e-9,6.577104354724313e-4,3.4079231880816295e-8,0.001999976630314128,TRUE
Perchlorate_ln_U,LE8,1.943187363201981,2.5123136930474876,1.263145179720507,1.3746625290942227,2.6232295466834548,3.649964857000753,2.3370265283849997e-8,9.25577734133451e-5,8.705423818234124e-8,3.5361815996380564e-4,TRUE
PNP_ln_U,LE8,1.824130742980899,1.8059204175575083,1.1549492784197297,0.9710673559166944,2.4933122075420684,2.640773479198322,9.871368496709695e-8,1.1983260397854783e-4,3.5873997707554747e-7,4.251204284000863e-4,TRUE
MBzP_ln_U,LE8,-1.4189153875512555,-1.6821610798463948,-1.9508966091377211,-2.2923678876763045,-0.8869341659647898,-1.0719542720164854,1.838164931082973e-7,3.937859991513189e-6,6.521108922175309e-7,2.2566966874440968e-5,TRUE
X23_OH_PH_ln_U,LE8,-1.890573881600337,-2.2595798959449533,-2.616726283668042,-3.26771530160593,-1.1644214795326322,-1.2514444902839768,3.552684441387488e-7,7.660892647989006e-5,1.2310464692249667e-6,3.0850621744604376e-4,TRUE
NDMA_binary_U,LE8,4.620496485305898,4.321628444246539,2.7966345944435873,0.8232925391335648,6.444358376168209,7.819964349359513,7.844435679758882e-7,0.018817224628972548,2.656411173372894e-6,0.041231859848778085,TRUE
TCPY_ln_U,LE8,1.7785590467812948,2.2879171942867487,1.0510860778261184,1.3574749708480534,2.506032015736471,3.218359417725444,1.7318829000352748e-6,2.1902204841623794e-5,5.734456713450132e-6,9.324081489719843e-5,TRUE
Pb_ln_U,LE8,1.8326512014738048,2.319155282848575,1.0478573878021484,1.167816500555291,2.617445015145461,3.4704940651418594,4.899127837760823e-6,2.790615821112262e-4,1.5868914083181798e-5,9.039168637950588e-4,TRUE
Sr_ln_U,LE8,1.5974307938490815,1.813234807235169,0.9057683515576055,0.7325959987427839,2.2890932361405576,2.893873615727554,6.210745863086992e-6,0.0017925344041128978,1.968938582127578e-5,0.005039389173826826,TRUE
BMA_ln_U,LE8,1.368682518685586,1.563802656021308,0.7632193922909735,0.9763452110551158,1.9741456450801986,2.1512601009875003,9.710524398804186e-6,6.792257552786178e-6,2.983820591380258e-5,3.614451340589788e-5,TRUE
EtP_binary_U,LE8,2.517560213374704,2.2200967903947504,1.4033333499896146,0.6325120391129093,3.6317870767597937,3.8076815416765912,9.812564360914943e-6,0.007716814976172648,2.983820591380258e-5,0.01884926936802827,TRUE
X34_MHA_ln_U,LE8,-1.130095627629342,-1.2192277180942777,-1.632996951315842,-2.098244872894445,-0.6271943039428419,-0.34021056329411026,1.0955406299976357e-5,0.008171035200403562,3.264711077392955e-5,0.019636842659034367,TRUE
PFDA_ln_S,LE8,1.4333771632747734,1.506579076302144,0.7614460897772164,0.4592189938439073,2.1053082367723306,2.5539391587603806,2.980060455093076e-5,0.006300111539483288,8.706451133507222e-5,0.015645276989716832,TRUE
DMTP_ln_U,LE8,1.216456767036746,1.4936561636763146,0.6411724532684486,0.81426967060685,1.7917410808050436,2.1730426567457792,3.593562701427736e-5,2.926551905520124e-4,1.0274070657895295e-4,9.277792211116988e-4,TRUE
MA_ln_U,LE8,-1.737235370034287,-1.6230678497684008,-2.560884687092015,-2.8676450160780984,-0.9135860529765593,-0.37849068345870296,3.6545352004594e-5,0.012322011292278954,1.0274070657895295e-4,0.028687182539836938,TRUE
X26_DMA_binary_U,LE8,-3.3636684930518808,-3.8430378848970674,-4.976429871560734,-6.136370722956292,-1.7509071145430277,-1.5497050468378437,4.5729289355998325e-5,0.0027822095291657445,1.2617896507488425e-4,0.007402664640101713,TRUE
PMA_binary_U,LE8,-2.2403936511779707,-2.218624309929373,-3.320752795730126,-3.570059384468677,-1.1600345066258158,-0.867189235390069,4.9242638196285715e-5,0.0021775619270731315,1.3340278347721038e-4,0.005899213220616302,TRUE
CEMA_AAM_ln_U,LE8,-1.3908884329165134,-1.0914915161744767,-2.0928454024419767,-2.183617801949846,-0.6889314633910502,6.347696008923709e-4,1.0487769183994873e-4,0.05012501602359554,2.790495729312921e-4,0.09108082179897238,TRUE
MHBP_ln_U,LE8,1.3873099319774624,1.548908262452703,0.6861323663328442,0.2806066703725587,2.0884874976220806,2.8172098545328472,1.0742446465774302e-4,0.018364965746216867,2.8081131989480195e-4,0.041231859848778085,TRUE
MMA_binary_U,LE8,2.15657355368689,2.688943380895761,1.063962210971061,1.3858120692321407,3.249184896402719,3.992074692559381,1.1144136920675046e-4,2.1134159233251543e-4,2.862890346863072e-4,7.156794831260181e-4,TRUE
As_III_binary_U,LE8,2.1527896925609706,2.516785673430225,1.0486237839855976,1.1370671793108376,3.256955601136344,3.8965041675496126,1.3496406518432726e-4,8.073588578730627e-4,3.4084145275364e-4,0.002405929396461727,TRUE
Mo_ln_U,LE8,1.6132736746410472,1.7560957600275096,0.7730918421917801,0.6193902594654823,2.4534555070903146,2.892801260589537,1.702394003242454e-4,0.003634780054164755,4.2276117747187613e-4,0.00950144259772892,TRUE
X4_ABP_ln_U,LE8,-1.2498646479464788,-1.3525190220450038,-1.9214297524515438,-2.4728263150801686,-0.5782995434414138,-0.23221172900983933,2.7188787560068983e-4,0.02119724046566354,6.571619740752297e-4,0.044484349709631936,TRUE
m_p_Xylene_binary_S,LE8,-1.6986953686541169,-1.5456963560321972,-2.6129470774888643,-2.9720602819066664,-0.7844436598193696,-0.1193324301577281,2.734499489440553e-4,0.034638546135293824,6.571619740752297e-4,0.06790978123893131,TRUE
DEP_ln_U,LE8,1.591391335879884,2.029890600206347,0.7286178156920717,1.0619832848664377,2.4541648560676963,2.997797915546256,3.0882267138724733e-4,4.493401501130437e-4,7.303901275666643e-4,0.0013948267159759064,TRUE
PGA_ln_U,LE8,-1.5135282274459798,-1.0027662214623703,-2.384018983310123,-2.142008576800362,-0.6430374715818369,0.13647613387562108,6.614539662097888e-4,0.0823104426220681,0.0015399475150821647,0.1378006286594174,TRUE
X1_PH_ln_U,LE8,-1.260489633583696,-1.358518606532117,-2.013242605025326,-2.245141937983143,-0.5077366621420663,-0.4718952750810911,0.0010392488908857042,0.0038835352830478625,0.0023822782267995373,0.009976668227140198,TRUE
Hg_binary_U,LE8,1.7802303074566743,1.0458740337057975,0.6782329222888803,0.09242103151859737,2.8822276926244683,1.9993270358929975,0.0015546804613550628,0.03263515550266633,0.0035098089203318846,0.06483517559863045,TRUE
NPMA_ln_U,LE8,0.6742209250861582,0.7972134771130351,0.2544695230723943,0.330215095803724,1.093972327099922,1.2642118584223463,0.0016540083401021372,0.0015312128107409636,0.0036783170548540067,0.004387513630776992,TRUE
Co_ln_U,LE8,1.366624058542025,1.6371101367257739,0.5005289904472694,0.6437521376637853,2.2327191266367805,2.6304681357877624,0.001995660887156402,0.002104503805763695,0.004372845179210352,0.005806871612199825,TRUE
DMP_ln_U,LE8,1.1295431075559934,1.3524033782341849,0.38315504466338224,0.2514444205630775,1.8759311704486046,2.4533623359052923,0.0030483173877150684,0.01938164312709088,0.00658259841694993,0.04185311341937016,TRUE
DMDTP_binary_U,LE8,2.3407163310021617,1.100878120309003,0.750660637782784,-0.6124535279901813,3.9307720242215396,2.8142097686081873,0.00394695159209867,0.19098798780418313,0.008401368388895741,0.2634926868779934,TRUE
n_PFOA_ln_S,LE8,1.5996566586989227,1.5739236003478576,0.5109630806532928,0.024757772814670842,2.6883502367445526,3.1230894278810446,0.004015921372653992,0.046874620681997506,0.008427778655287954,0.08724564535025003,TRUE
Sn_ln_U,LE8,-0.7702029517208325,-0.8467666577572546,-1.3021408053299837,-1.5839424319284352,-0.23826509811168128,-0.10959088358607383,0.00455871012357246,0.025784417018617053,0.009433997339059676,0.05262846761334166,TRUE
X3PBA_ln_U,LE8,0.6637547442271899,1.0607081342726628,0.19999563948804694,0.46282868386380627,1.127513848966333,1.6585875846815192,0.005046727091335275,0.0010629112298966338,0.010300853926150082,0.0031053681030313415,TRUE
U_ln_U,LE8,-0.82670865323733,-0.6434842743513561,-1.4076750350826295,-1.1887934350886875,-0.24574227139203053,-0.09817511361402476,0.005305042672774761,0.02229409385491213,0.01068177511139783,0.046136388671970945,TRUE
BuP_binary_U,LE8,1.759815335827721,1.4134225055376906,0.520759208521379,-0.1497804046143425,2.998871463134063,2.976625415689724,0.005392775587010577,0.07469313337811627,0.01071364749952768,0.1309326690981097,TRUE
DETP_binary_U,LE8,2.303411840912499,3.291061956673079,0.6423549129849371,0.7698068711190102,3.9644687688400606,5.812317042227148,0.0066123614391310264,0.013950560331353461,0.012963708610927934,0.031978976759564084,TRUE
DHB_Cys_ln_U,LE8,-1.5218758773243575,-1.1917333087568993,-2.67267522025657,-2.86887005870933,-0.37107653439214516,0.48540344119553147,0.009565251590029626,0.1571043573226351,0.018509382946940448,0.23005585012701854,TRUE
AsB_binary_U,LE8,1.4213544589730085,1.068669419746502,0.342631258265949,-0.24431088643847843,2.500077659680068,2.3816497259314824,0.009829555394846897,0.10687620058393461,0.018709138781904642,0.16941014773410912,TRUE
Mn_binary_U,LE8,-1.5490159101193797,-1.9405293087099733,-2.7260636721496248,-3.3651050943804544,-0.37196814808913437,-0.5159535230394923,0.009919610495103804,0.009252228224322813,0.018709138781904642,0.02188225405435078,TRUE
X2_AN_ln_U,LE8,-1.1108245361575246,-1.4188162988977027,-1.9827640788028236,-2.565518313228762,-0.2388849935122257,-0.27211428456664355,0.012570916137996402,0.018660703547855942,0.0234133313070183,0.041231859848778085,TRUE
DBUP_binary_U,LE8,-1.4647065251651676,-1.5855109622656376,-2.6397130684192094,-3.0999951739506812,-0.2896999819111261,-0.07102675058059393,0.014581661546627713,0.0407762670635314,0.026823056425278137,0.0778931255444382,TRUE
X2_MHA_ln_U,LE8,-0.6090177393982534,-0.5194127416704845,-1.0993005083508682,-1.2795480538148487,-0.11873497044563858,0.24072257047387968,0.014929779148964532,0.17310437259150976,0.027128501136533114,0.24800530303975918,TRUE
o_ANS_ln_U,LE8,1.0088592178057751,0.8588945390738043,0.1708453764210376,-0.3679853977735841,1.8468730591905127,2.085774475921193,0.018341868053756236,0.15639106733389374,0.03292696795192385,0.23005585012701854,TRUE
BPF_binary_U,LE8,-1.3001619983197745,-1.5264146216326586,-2.394183052600889,-3.0899294630993985,-0.20614094403866035,0.037100219834081294,0.019865020144838107,0.055332638682489756,0.035236761923581876,0.09933208630952979,TRUE
PFBA_binary_U,LE8,2.670462492800948,2.7835207029451046,0.39991522784326206,0.03592985263414006,4.941009757758634,5.5311115532560695,0.02119714132955877,0.04742884076087418,0.037157341860050076,0.08724564535025003,TRUE
Ba_ln_U,LE8,0.6560298082020062,0.7598014519136506,0.09502235307395557,-0.0953968017059813,1.2170372633300568,1.6149997055332825,0.021927956128337426,0.07961937388981273,0.03799145887351484,0.1348571125628154,TRUE
MHNCH_binary_U,LE8,-1.3104318967918809,-1.4203137924307174,-2.452981370381531,-2.8943228737449664,-0.16788242320223046,0.05369528888353159,0.0245971019556643,0.058386282496495454,0.04212607116544806,0.10356614395211693,TRUE
Chloroform_binary_S,LE8,0.9852721804254698,1.115067846816184,0.10034442710517211,0.1023761597121231,1.8701999337457675,2.127759533920245,0.02910474132391185,0.03202894361792449,0.04927961883253256,0.06449071079825336,TRUE
TTCA_binary_U,LE8,-1.6518121267175094,-1.6772174583577355,-3.1702199263347985,-3.6194619229294416,-0.1334043271002201,0.2650270062139706,0.03301754604465121,0.08554703364141555,0.05527656585003405,0.14050787268584544,TRUE
W_ln_U,LE8,-0.6340945073992962,-0.28191103249976524,-1.2277302104830194,-1.0003598931740139,-0.040458804315572916,0.4365378281744834,0.03631080406919538,0.42922266518882946,0.06011455340344568,0.5035761977412251,TRUE
DPHP_ln_U,LE8,0.6484865235311011,0.6539537341406957,0.02951822493239642,-0.09788376411648592,1.2674548221298059,1.4057912323978772,0.04003905250149566,0.08581353298263045,0.06555844860135004,0.14050787268584544,TRUE
X1_PY_ln_U,LE8,-0.7016416441880237,-0.49530750162160236,-1.3947612129047067,-1.5973335736558731,-0.00852207547134054,0.6067185704126683,0.04725102617156123,0.3659908296194093,0.07652611847350678,0.4614320282772743,TRUE
n_PFOS_ln_S,LE8,0.9885500002001139,0.9679071510854567,0.009706854851142865,-0.3274827883078977,1.9673931455490847,2.263297090478811,0.04777487147886061,0.13209882760433447,0.0765425360252713,0.20718658224258776,TRUE
MEHHP_ln_U,LE8,-0.6568978124204564,-0.6789790726296943,-1.3254914373640734,-1.5864317398756989,0.011695812523160432,0.22847359461631034,0.05414126372484819,0.13696886725505333,0.08581966271279128,0.21039547650518503,TRUE
IHg_binary_S,LE8,0.9837895578531648,1.2141481848346414,-0.041778102557253005,-0.14504362757102562,2.009357218263583,2.5733399972403084,0.06008613268802028,0.07807634301034712,0.09396094399628686,0.1348571125628154,TRUE
PFHS_ln_S,LE8,0.6168466458628328,0.5891236567912601,-0.02733802188746648,-0.29564893041924667,1.261031313613132,1.4738962440017669,0.06053859478955395,0.18401276474602385,0.09396094399628686,0.2611228756872148,TRUE
BPS_ln_U,LE8,-0.43828795139931764,-0.033776589411541866,-0.9028411588815152,-0.6624788657509784,0.026265256082879884,0.5949256869278947,0.06442444619712899,0.9133623842046116,0.09896126271517752,0.9195337516654536,TRUE
Cd_ln_U,LE8,-0.6422813964906907,-1.2796647405504027,-1.3696572298048921,-2.3535919978949984,0.0850944368235107,-0.20573748320580676,0.08348412816367698,0.021122801635464775,0.12692994996314153,0.044484349709631936,TRUE
BCPP_binary_U,LE8,-1.0043972545118556,-1.403883207773019,-2.152207025491048,-2.9841844028844413,0.143412516467337,0.17641798733840353,0.08629890355573067,0.0796471537283742,0.12988420838185727,0.1348571125628154,TRUE
X5OHIMI_binary_U,LE8,1.892279877230855,1.4983305203779713,-0.2948561096115401,-1.6717708827619935,4.079415864073249,4.668431923517936,0.08985267214555974,0.3297097316624783,0.133880481496884,0.4235064656699075,TRUE
MEOHP_ln_U,LE8,-0.5992851157229275,-0.5475046867895211,-1.2962821706529724,-1.5347858511642718,0.0977119392071173,0.43977647758522953,0.09191682434563546,0.26637078693418037,0.13560006759900675,0.34815129169467435,TRUE
PFNA_ln_S,LE8,0.6796339992124238,0.7224278870828622,-0.11382470040283577,-0.4556921178215647,1.4730926988276836,1.9005478919872891,0.09315546060470496,0.2201250940284153,0.13608003558922588,0.2964845192691743,TRUE
MiBP_ln_U,LE8,-0.5703004853486918,-0.4951284989527949,-1.260368939704205,-1.2495285018975126,0.1197679690068214,0.2592715039919227,0.1052326632024368,0.19018316573180752,0.15222977492391343,0.2634926868779934,TRUE
OXY_binary_U,LE8,1.0668003734418328,1.899451902888865,-0.24420918678702042,-0.29163758774665816,2.3778099336706857,4.090541393524388,0.11069393688548303,0.08681599856390476,0.15859035188400933,0.1406041715871936,TRUE
GLYP_ln_U,LE8,0.6057484023367398,0.39058571084572924,-0.15138006274885818,-0.4996729538463539,1.3628768674223377,1.2808443755378125,0.11680258255282161,0.37738008187651706,0.1657484266701945,0.4614320282772743,TRUE
BPA_ln_U,LE8,-0.47930161821249045,-0.5460913096865773,-1.0815784570915112,-1.2737646620959313,0.12297522066653027,0.18158204272277678,0.11876013353287959,0.13584152228293966,0.16693641411697227,0.21039547650518503,TRUE
FA_ln_S,LE8,2.842165414990037,2.702659460611445,-0.772092471760597,-2.0344342686428587,6.456423301740671,7.439753189865749,0.12318900247094064,0.25312749373329263,0.17154356418850614,0.33376988111735045,TRUE
TCC_binary_U,LE8,-0.8782823911094615,-0.8572145637408963,-2.0129284198973387,-2.802885208508483,0.2563636376784155,1.0884560810266908,0.12917354956781998,0.3754061334476061,0.17821165634819608,0.4614320282772743,TRUE
DCVDMPCA_binary_U,LE8,0.8742989856698099,1.7151285415665063,-0.2719702576441446,0.08397347566831193,2.0205682289837643,3.3462836074647004,0.13486755785268317,0.03996165117962963,0.18347728431194416,0.0773283899449976,TRUE
MCOCH_binary_U,LE8,-1.2295979878061085,-1.7121934535635883,-2.8444256773856376,-4.167473288286108,0.38522970177342053,0.7430863811589317,0.1354530286866702,0.1578963758292877,0.18347728431194416,0.23005585012701854,TRUE
PFHpA_binary_S,LE8,-1.7423215575296962,-1.1444436592560867,-4.090196479866854,-4.448839195797856,0.6055533648074616,2.159951877285682,0.1456791692916665,0.4717819613114759,0.19555131733746223,0.5449264514372861,TRUE
o_TLD_ln_U,LE8,-0.7182235055968871,-0.22430673805050724,-1.6943181683737827,-1.352827341101731,0.2578711571800085,0.9042138650007165,0.14910305079493752,0.6778328657956314,0.19836030864683651,0.7214078357396363,TRUE
Mn_ln_S,LE8,-0.9296672575439298,-2.338255357350698,-2.267225084270283,-3.944946939855811,0.4078905691824235,-0.7315637748455857,0.17305472772097552,0.0057801207826692,0.22818720734889694,0.0145972541799612,TRUE
MDA_binary_U,LE8,1.5392196320752778,-0.6877062049556321,-0.6961591891472068,-4.101158904795103,3.774598453297762,2.725746494883839,0.17695654842451036,0.6737205767969305,0.2312853132916846,0.7214078357396363,FALSE
PPDA_binary_U,LE8,-1.5300353018692663,-1.7528934780997887,-3.7691668192559398,-4.171246917343051,0.7090962155174072,0.6654599611434742,0.18026334847593106,0.14319478360067198,0.23355859932968462,0.21604268535756777,TRUE
X24_DCP_ln_U,LE8,0.27893771253465116,0.3967980547605876,-0.13125125600182108,-0.2167423666588144,0.6891266810711234,1.0103384761799896,0.18249728427257403,0.1965523526097127,0.2344146151432201,0.26868165631969904,TRUE
Harman_ln_U,LE8,0.5264557441353516,0.329302216928971,-0.2599622205933735,-0.5559642881128192,1.3128737088640765,1.2145687219707613,0.1893111250527943,0.4402214007051064,0.24108852677663545,0.5124452242582879,TRUE
Se_ln_S,LE8,-2.1243496569072224,-2.5148215195371884,-5.489530375746389,-6.318675557569609,1.240831061931944,1.2890325184952327,0.21591333991091882,0.18705207653717837,0.27263633598921105,0.2629316924909394,TRUE
Pb_ln_S,LE8,0.44742703564352176,1.0657496524864367,-0.2821663975423549,-0.2105611215473573,1.1770204688293984,2.3420604265202307,0.2293036948833546,0.09846545770325188,0.28711134905562885,0.1577564859976831,TRUE
PFHxA_binary_U,LE8,1.0839649971573062,1.0833611454496774,-0.7197464498155048,-1.457441710601478,2.8876764441301175,3.6241640015008327,0.23860436337338603,0.377816828522332,0.2962670845219543,0.4614320282772743,TRUE
BDCPP_ln_U,LE8,-0.3288801360984116,-0.024595757776368167,-0.895761722760167,-0.6761603648793749,0.23800145056334376,0.6269688493266387,0.25536359439163764,0.9390612298455114,0.31445599639961985,0.9390612298455114,TRUE
Sm_PFOS_ln_S,LE8,0.5601115136814038,0.45720124509021004,-0.44890923007752803,-1.3046435393490068,1.5691322574403355,2.219046029529427,0.2763088107692041,0.5883346597606267,0.33745912134927386,0.6445725316495102,TRUE
HIBP_ln_U,LE8,0.35149064812848396,0.3072313302550911,-0.32898730429610124,-0.47456829064593253,1.031968600553069,1.0890309511561147,0.3112038950673175,0.42853500677482814,0.37698683223601875,0.5035761977412251,TRUE
MEP_ln_U,LE8,0.20326327194827712,0.18439458029196598,-0.19905903881068218,-0.4296980445674735,0.6055855827072364,0.7984872051514055,0.3219215824902065,0.544341693876411,0.3848203409152938,0.6052754655789943,TRUE
X4FPBA_binary_U,LE8,-0.8299251633252631,-1.8580625569612241,-2.475707517996466,-4.48549278503547,0.8158571913459396,0.769367671113022,0.32283585647256197,0.1590318963965296,0.3848203409152938,0.23005585012701854,TRUE
IPPPP_binary_U,LE8,-1.0331571819432523,-2.536873246930282,-3.2952597453397496,-4.988878819215163,1.2289453814532452,-0.0848676746454009,0.3703297685186324,0.04346011018790042,0.4379296468990177,0.08196906858224257,TRUE
BCETP_ln_U,LE8,-0.19979317853753178,-0.3510159719592163,-0.6953287611493012,-1.1419459320469054,0.2957424040742377,0.4399139881284728,0.4292239339004945,0.37196597891098493,0.503577686229714,0.4614320282772743,TRUE
MECPP_ln_U,LE8,-0.24620084059936462,-0.48750980388336485,-0.9664570954113153,-1.6408735069620177,0.474055414212586,0.6658538991952881,0.5027311888982756,0.39485548604894916,0.5852105245768989,0.478320873343849,TRUE
DEA_ln_U,LE8,-0.10005405835221595,-0.07248662254520984,-0.40511901192281163,-0.5167103445186496,0.2050108952183797,0.37173709942822997,0.5201924221788834,0.7412637212933635,0.6008424101135941,0.7790712041386124,TRUE
MeFOSAA_binary_S,LE8,0.3281940557485524,0.8709120285648726,-0.8092825371482976,-0.6253337915496653,1.4656706486454025,2.3671578486794105,0.5715861853237015,0.24386890975450093,0.6467881288470856,0.32443274601268424,TRUE
X4_MDA_binary_U,LE8,0.45409262393333305,0.4263074238909606,-1.120691385637386,-1.4882988195163989,2.028876633504052,2.34091366729832,0.5716610446998256,0.6419148214150573,0.6467881288470856,0.6981409371594418,TRUE
Sb_ln_U,LE8,0.2316018635767709,0.6066876140959981,-0.5759378100143601,-0.38432696831491564,1.0391415371679018,1.597702196506912,0.5739007696510657,0.22087101771059292,0.6467881288470856,0.2964845192691743,TRUE
MCPP_ln_U,LE8,0.14342440132116271,0.16134507090301445,-0.36118443391385247,-0.4273871425519127,0.648033236556178,0.7500772843579415,0.577334370044714,0.5798426658303429,0.6467881288470856,0.6399744978423785,TRUE
MnBP_ln_U,LE8,-0.18758645665766663,-0.5042657870132484,-0.8710983564851036,-1.4868945505905775,0.4959254431697704,0.47836297656408067,0.5905074701524924,0.30298429055958914,0.6533502113151918,0.3925622547250329,TRUE
Norharman_ln_U,LE8,-0.2503667277832349,-0.4727236447690839,-1.1665305398593833,-1.5516230075864472,0.6657970842929134,0.6061757180482794,0.5919616008560463,0.3651452911260471,0.6533502113151918,0.4614320282772743,TRUE
TBPPP_binary_U,LE8,0.6378137745027803,1.4116794045915602,-1.7912364709448834,-2.0804617426137577,3.0668640199504438,4.903820551796878,0.606476159571087,0.40245715634060664,0.664448145412441,0.47972893035800307,TRUE
X25_DCP_ln_U,LE8,-0.06179043338571,0.05047106404491358,-0.3361302895601957,-0.2603394258854947,0.2125494227887757,0.36128155397532186,0.6587670876428736,0.7424705435414964,0.7164693142977238,0.7790712041386124,FALSE
DBCM_binary_S,LE8,-0.28397280544214776,-0.86571486097863,-1.608750321466266,-2.0428117918015256,1.0408047105819704,0.31138206984426553,0.6743128391073441,0.14354513993556517,0.7280624132390888,0.21604268535756777,TRUE
PhIP_binary_U,LE8,-0.29932712767900804,-0.6112312680871084,-1.8352436739125308,-2.4373159283730796,1.236589418554515,1.2148533921988631,0.7022777876026343,0.4865240649477631,0.7479820672217331,0.5565304616896084,TRUE
BDCM_binary_S,LE8,0.23503963058066826,0.17397299987021847,-0.9726678157806011,-1.4126769973236275,1.4427470769419377,1.7606229970640643,0.7028019423559908,0.8243289530686027,0.7479820672217331,0.8470690621187711,TRUE
MINP_binary_U,LE8,0.22402792158325618,0.49508768333962555,-0.9523184461295919,-1.0696048296800922,1.4003742892961042,2.0597801963593434,0.7088459325757013,0.5230629825277178,0.7490641415161666,0.5864673006748397,TRUE
DPCP_binary_U,LE8,0.4740727370485886,1.7827151846040106,-2.116530973758867,-2.5894857356087444,3.0646764478560438,6.154916104816766,0.7196351791942659,0.39849944654504466,0.7551101528165184,0.4788420768968682,TRUE
X14_DCB_binary_S,LE8,-0.16010168426286614,0.11632313383436713,-1.0733893620914419,-1.0885553979503384,0.7531859935657095,1.3212016656190726,0.7310889885093933,0.8450258237540609,0.7617640509643329,0.8623893680777746,FALSE
X2_HPMA_ln_U,LE8,-0.08027097084519763,0.1659680132614243,-0.6587251761637559,-0.6403293439999284,0.49818323447336066,0.972265370522777,0.7855564503001307,0.6772032775899005,0.812832715935552,0.7214078357396363,FALSE
MCOP_ln_U,LE8,0.04633733789840978,0.0875124866433442,-0.38918190356324317,-0.555975615823465,0.4818565793600627,0.7310005891101534,0.8347497310057855,0.783114775147784,0.857777309792152,0.8103062603959711,TRUE
ATCA_ln_U,LE8,-0.030324907986914736,0.14264872433970863,-0.6408614487488173,-0.7595630297160838,0.5802116327749878,1.0448604783955011,0.9224176853686509,0.7490080320835759,0.9390887467262263,0.7804349425206489,FALSE
MEHP_binary_U,LE8,0.05231795555829823,0.11719214129620983,-1.0594421847391866,-1.4667746972855082,1.164078095855783,1.7011589798779279,0.9264835286493642,0.8809078625790091,0.9390887467262263,0.8928930035664786,TRUE
MCNP_ln_U,LE8,-0.022376146003308003,0.27139514143308097,-0.6293407376720133,-0.5872217725042953,0.5845884456653974,1.1300120553704573,0.9423757920520844,0.5234909462399575,0.9487431960524364,0.5864673006748397,FALSE
AsC_binary_U,LE8,-0.03965336305563453,0.6220859245642626,-1.4185347822520336,-1.1927776859023167,1.3392280561407643,2.4369495350308417,0.9550345863340374,0.4892985938344879,0.9550345863340374,0.5565304616896084,FALSE
