"category_group_id","family","outcome","variable","z","est","se"
"C04","Urinary PAH metabolites","CVD","X1_NP_ln_U",-1.99359802273941,0,0.0269057071367069
"C04","Urinary PAH metabolites","CVD","X1_NP_ln_U",-1.82401248035393,0,0.0269057071367069
"C04","Urinary PAH metabolites","CVD","X1_NP_ln_U",-1.65442693796845,0,0.0269057071367069
"C04","Urinary PAH metabolites","CVD","X1_NP_ln_U",-1.48484139558297,0,0.0269057071367069
"C04","Urinary PAH metabolites","CVD","X1_NP_ln_U",-1.31525585319749,0,0.0269057071367069
"C04","Urinary PAH metabolites","CVD","X1_NP_ln_U",-1.14567031081201,0,0.0269057071367069
"C04","Urinary PAH metabolites","CVD","X1_NP_ln_U",-0.976084768426535,0,0.0269057071367069
"C04","Urinary PAH metabolites","CVD","X1_NP_ln_U",-0.806499226041056,0,0.0269057071367069
"C04","Urinary PAH metabolites","CVD","X1_NP_ln_U",-0.636913683655578,0,0.0269057071367069
"C04","Urinary PAH metabolites","CVD","X1_NP_ln_U",-0.467328141270099,0,0.0269057071367069
"C04","Urinary PAH metabolites","CVD","X1_NP_ln_U",-0.297742598884621,0,0.0269057071367069
"C04","Urinary PAH metabolites","CVD","X1_NP_ln_U",-0.128157056499143,0,0.0269057071367069
"C04","Urinary PAH metabolites","CVD","X1_NP_ln_U",0.0414284858863359,0,0.0269057071367069
"C04","Urinary PAH metabolites","CVD","X1_NP_ln_U",0.211014028271814,0,0.0269057071367069
"C04","Urinary PAH metabolites","CVD","X1_NP_ln_U",0.380599570657293,0,0.0269057071367069
"C04","Urinary PAH metabolites","CVD","X1_NP_ln_U",0.550185113042771,0,0.0269057071367069
"C04","Urinary PAH metabolites","CVD","X1_NP_ln_U",0.719770655428249,0,0.0269057071367069
"C04","Urinary PAH metabolites","CVD","X1_NP_ln_U",0.889356197813728,0,0.0269057071367069
"C04","Urinary PAH metabolites","CVD","X1_NP_ln_U",1.05894174019921,0,0.0269057071367069
"C04","Urinary PAH metabolites","CVD","X1_NP_ln_U",1.22852728258468,0,0.0269057071367069
"C04","Urinary PAH metabolites","CVD","X1_NP_ln_U",1.39811282497016,0,0.0269057071367069
"C04","Urinary PAH metabolites","CVD","X1_NP_ln_U",1.56769836735564,0,0.0269057071367069
"C04","Urinary PAH metabolites","CVD","X1_NP_ln_U",1.73728390974112,0,0.0269057071367069
"C04","Urinary PAH metabolites","CVD","X1_NP_ln_U",1.9068694521266,0,0.0269057071367069
"C04","Urinary PAH metabolites","CVD","X1_NP_ln_U",2.07645499451208,0,0.0269057071367069
"C04","Urinary PAH metabolites","CVD","X1_NP_ln_U",2.24604053689756,0,0.0269057071367069
"C04","Urinary PAH metabolites","CVD","X1_NP_ln_U",2.41562607928303,0,0.0269057071367069
"C04","Urinary PAH metabolites","CVD","X1_NP_ln_U",2.58521162166851,0,0.0269057071367069
"C04","Urinary PAH metabolites","CVD","X1_NP_ln_U",2.75479716405399,0,0.0269057071367069
"C04","Urinary PAH metabolites","CVD","X1_NP_ln_U",2.92438270643947,0,0.0269057071367069
"C04","Urinary PAH metabolites","CVD","X1_NP_ln_U",3.09396824882495,0,0.0269057071367069
"C04","Urinary PAH metabolites","CVD","X1_NP_ln_U",3.26355379121043,0,0.0269057071367069
"C04","Urinary PAH metabolites","CVD","X1_NP_ln_U",3.4331393335959,0,0.0269057071367069
"C04","Urinary PAH metabolites","CVD","X1_NP_ln_U",3.60272487598138,0,0.0269057071367069
"C04","Urinary PAH metabolites","CVD","X1_NP_ln_U",3.77231041836686,0,0.0269057071367069
"C04","Urinary PAH metabolites","CVD","X1_NP_ln_U",3.94189596075234,0,0.0269057071367069
"C04","Urinary PAH metabolites","CVD","X1_NP_ln_U",4.11148150313782,0,0.0269057071367069
"C04","Urinary PAH metabolites","CVD","X1_NP_ln_U",4.2810670455233,0,0.0269057071367069
"C04","Urinary PAH metabolites","CVD","X1_NP_ln_U",4.45065258790877,0,0.0269057071367069
"C04","Urinary PAH metabolites","CVD","X1_NP_ln_U",4.62023813029425,0,0.0269057071367069
"C04","Urinary PAH metabolites","CVD","X1_NP_ln_U",4.78982367267973,0,0.0269057071367069
"C04","Urinary PAH metabolites","CVD","X1_NP_ln_U",4.95940921506521,0,0.0269057071367069
"C04","Urinary PAH metabolites","CVD","X1_NP_ln_U",5.12899475745069,0,0.0269057071367069
"C04","Urinary PAH metabolites","CVD","X1_NP_ln_U",5.29858029983617,0,0.0269057071367069
"C04","Urinary PAH metabolites","CVD","X1_NP_ln_U",5.46816584222164,0,0.0269057071367069
"C04","Urinary PAH metabolites","CVD","X1_NP_ln_U",5.63775138460712,0,0.0269057071367069
"C04","Urinary PAH metabolites","CVD","X1_NP_ln_U",5.8073369269926,0,0.0269057071367069
"C04","Urinary PAH metabolites","CVD","X1_NP_ln_U",5.97692246937808,0,0.0269057071367069
"C04","Urinary PAH metabolites","CVD","X1_NP_ln_U",6.14650801176356,0,0.0269057071367069
"C04","Urinary PAH metabolites","CVD","X1_NP_ln_U",6.31609355414904,0,0.0269057071367069
"C04","Urinary PAH metabolites","CVD","X1_PH_ln_U",-3.72043990923627,-0.0574141666807462,0.183404024755931
"C04","Urinary PAH metabolites","CVD","X1_PH_ln_U",-3.52993239991942,-0.0623265957874111,0.170503809272568
"C04","Urinary PAH metabolites","CVD","X1_PH_ln_U",-3.33942489060256,-0.0667591510551828,0.158102171501824
"C04","Urinary PAH metabolites","CVD","X1_PH_ln_U",-3.14891738128571,-0.0707127868958821,0.146195617551987
"C04","Urinary PAH metabolites","CVD","X1_PH_ln_U",-2.95840987196885,-0.0741886247355543,0.134779568686394
"C04","Urinary PAH metabolites","CVD","X1_PH_ln_U",-2.767902362652,-0.0771879498694368,0.123848437698611
"C04","Urinary PAH metabolites","CVD","X1_PH_ln_U",-2.57739485333514,-0.0797122082179405,0.113395794761202
"C04","Urinary PAH metabolites","CVD","X1_PH_ln_U",-2.38688734401829,-0.0817630029995922,0.103414672328818
"C04","Urinary PAH metabolites","CVD","X1_PH_ln_U",-2.19637983470143,-0.0833420913099525,0.0938980869860803
"C04","Urinary PAH metabolites","CVD","X1_PH_ln_U",-2.00587232538458,-0.08445138061247,0.084839901907882
"C04","Urinary PAH metabolites","CVD","X1_PH_ln_U",-1.81536481606773,-0.0850929251691195,0.0762362307896382
"C04","Urinary PAH metabolites","CVD","X1_PH_ln_U",-1.62485730675087,-0.0852689223810259,0.0680877167069708
"C04","Urinary PAH metabolites","CVD","X1_PH_ln_U",-1.43434979743402,-0.0849817090874154,0.0604032450432736
"C04","Urinary PAH metabolites","CVD","X1_PH_ln_U",-1.24384228811716,-0.0842337578000443,0.0532060298080238
"C04","Urinary PAH metabolites","CVD","X1_PH_ln_U",-1.05333477880031,-0.0830276728741239,0.0465435933075105
"C04","Urinary PAH metabolites","CVD","X1_PH_ln_U",-0.862827269483453,-0.081366186665667,0.0405037866582323
"C04","Urinary PAH metabolites","CVD","X1_PH_ln_U",-0.672319760166598,-0.0792521556240233,0.0352385394632233
"C04","Urinary PAH metabolites","CVD","X1_PH_ln_U",-0.481812250849744,-0.0766885563692385,0.0309910051175511
"C04","Urinary PAH metabolites","CVD","X1_PH_ln_U",-0.29130474153289,-0.0736784817179217,0.0280999777391619
"C04","Urinary PAH metabolites","CVD","X1_PH_ln_U",-0.100797232216035,-0.0702251367299001,0.0269203735655922
"C04","Urinary PAH metabolites","CVD","X1_PH_ln_U",0.0897102771008198,-0.0663318347096684,0.027634457349615
"C04","Urinary PAH metabolites","CVD","X1_PH_ln_U",0.280217786417674,-0.0620019932259845,0.030114528536975
"C04","Urinary PAH metabolites","CVD","X1_PH_ln_U",0.470725295734529,-0.0572391301080204,0.0340184100609881
"C04","Urinary PAH metabolites","CVD","X1_PH_ln_U",0.661232805051383,-0.0520468594514707,0.0389885996583349
"C04","Urinary PAH metabolites","CVD","X1_PH_ln_U",0.851740314368238,-0.0464288876579939,0.0447577190242386
"C04","Urinary PAH metabolites","CVD","X1_PH_ln_U",1.04224782368509,-0.0403890094656836,0.0511555956949232
"C04","Urinary PAH metabolites","CVD","X1_PH_ln_U",1.23275533300195,-0.0339311039994996,0.058083063066997
"C04","Urinary PAH metabolites","CVD","X1_PH_ln_U",1.4232628423188,-0.0270591308790733,0.0654862970329372
"C04","Urinary PAH metabolites","CVD","X1_PH_ln_U",1.61377035163566,-0.0197771263317259,0.0733389542112968
"C04","Urinary PAH metabolites","CVD","X1_PH_ln_U",1.80427786095251,-0.0120891993429808,0.0816309349380474
"C04","Urinary PAH metabolites","CVD","X1_PH_ln_U",1.99478537026936,-0.00399952787948621,0.0903615121964201
"C04","Urinary PAH metabolites","CVD","X1_PH_ln_U",2.18529287958622,0.00448764486112729,0.0995351397331814
"C04","Urinary PAH metabolites","CVD","X1_PH_ln_U",2.37580038890307,0.0133680141688934,0.109158879920229
"C04","Urinary PAH metabolites","CVD","X1_PH_ln_U",2.56630789821993,0.0226372174408001,0.119240817998942
"C04","Urinary PAH metabolites","CVD","X1_PH_ln_U",2.75681540753678,0.0322908377488504,0.129789086853226
"C04","Urinary PAH metabolites","CVD","X1_PH_ln_U",2.94732291685364,0.0423244073835063,0.140811276196601
"C04","Urinary PAH metabolites","CVD","X1_PH_ln_U",3.13783042617049,0.0527334112564422,0.152314085616192
"C04","Urinary PAH metabolites","CVD","X1_PH_ln_U",3.32833793548735,0.0635132903033719,0.164303135711922
"C04","Urinary PAH metabolites","CVD","X1_PH_ln_U",3.5188454448042,0.0746594447552296,0.176782880042084
"C04","Urinary PAH metabolites","CVD","X1_PH_ln_U",3.70935295412106,0.0861672373526225,0.189756582255028
"C04","Urinary PAH metabolites","CVD","X1_PH_ln_U",3.89986046343791,0.098031996482856,0.203226334112427
"C04","Urinary PAH metabolites","CVD","X1_PH_ln_U",4.09036797275477,0.110249019211384,0.217193098331761
"C04","Urinary PAH metabolites","CVD","X1_PH_ln_U",4.28087548207162,0.122813574246436,0.231656765848204
"C04","Urinary PAH metabolites","CVD","X1_PH_ln_U",4.47138299138847,0.135720904795215,0.246616220193989
"C04","Urinary PAH metabolites","CVD","X1_PH_ln_U",4.66189050070533,0.148966231336175,0.262069404529009
"C04","Urinary PAH metabolites","CVD","X1_PH_ln_U",4.85239801002218,0.162544754295355,0.278013388329074
"C04","Urinary PAH metabolites","CVD","X1_PH_ln_U",5.04290551933904,0.176451656615547,0.294444431763788
"C04","Urinary PAH metabolites","CVD","X1_PH_ln_U",5.23341302865589,0.190682106264256,0.311358046958981
"C04","Urinary PAH metabolites","CVD","X1_PH_ln_U",5.42392053797275,0.205231258569597,0.328749055097047
"C04","Urinary PAH metabolites","CVD","X1_PH_ln_U",5.6144280472896,0.22009425854659,0.346611639824693
"C04","Urinary PAH metabolites","CVD","X1_PY_ln_U",-2.77722921058405,-0.10315181114907,0.14868434015648
"C04","Urinary PAH metabolites","CVD","X1_PY_ln_U",-2.62714218785941,-0.116466898571968,0.135593718237963
"C04","Urinary PAH metabolites","CVD","X1_PY_ln_U",-2.47705516513478,-0.128734875922867,0.123212888539938
"C04","Urinary PAH metabolites","CVD","X1_PY_ln_U",-2.32696814241014,-0.1399438988742,0.111546768576675
"C04","Urinary PAH metabolites","CVD","X1_PY_ln_U",-2.1768811196855,-0.150082890237789,0.10059993456958
"C04","Urinary PAH metabolites","CVD","X1_PY_ln_U",-2.02679409696086,-0.159141556330312,0.0903767269970276
"C04","Urinary PAH metabolites","CVD","X1_PY_ln_U",-1.87670707423623,-0.167110402443768,0.0808814151512913
"C04","Urinary PAH metabolites","CVD","X1_PY_ln_U",-1.72662005151159,-0.173980747396434,0.0721184484583193
"C04","Urinary PAH metabolites","CVD","X1_PY_ln_U",-1.57653302878695,-0.179744737073031,0.0640928316504675
"C04","Urinary PAH metabolites","CVD","X1_PY_ln_U",-1.42644600606232,-0.184395356980708,0.0568106648807441
"C04","Urinary PAH metabolites","CVD","X1_PY_ln_U",-1.27635898333768,-0.187926443793065,0.0502798804583585
"C04","Urinary PAH metabolites","CVD","X1_PY_ln_U",-1.12627196061304,-0.190332695808925,0.044511160439801
"C04","Urinary PAH metabolites","CVD","X1_PY_ln_U",-0.976184937888407,-0.191609682380827,0.0395188838074632
"C04","Urinary PAH metabolites","CVD","X1_PY_ln_U",-0.82609791516377,-0.19175385225102,0.0353216810467936
"C04","Urinary PAH metabolites","CVD","X1_PY_ln_U",-0.676010892439133,-0.190762540710561,0.0319417608078707
"C04","Urinary PAH metabolites","CVD","X1_PY_ln_U",-0.525923869714496,-0.18863397572488,0.0294018489601493
"C04","Urinary PAH metabolites","CVD","X1_PY_ln_U",-0.375836846989859,-0.185367282838407,0.027719062025535
"C04","Urinary PAH metabolites","CVD","X1_PY_ln_U",-0.225749824265222,-0.180962488968788,0.0268970698398652
"C04","Urinary PAH metabolites","CVD","X1_PY_ln_U",-0.0756628015405854,-0.17542052503969,0.0269207562576533
"C04","Urinary PAH metabolites","CVD","X1_PY_ln_U",0.0744242211840516,-0.168743227385471,0.0277579000427553
"C04","Urinary PAH metabolites","CVD","X1_PY_ln_U",0.224511243908688,-0.160933338039331,0.0293679774191804
"C04","Urinary PAH metabolites","CVD","X1_PY_ln_U",0.374598266633325,-0.151994503813371,0.031712954340429
"C04","Urinary PAH metabolites","CVD","X1_PY_ln_U",0.524685289357962,-0.141931274152218,0.0347645008176413
"C04","Urinary PAH metabolites","CVD","X1_PY_ln_U",0.674772312082599,-0.130749097870257,0.0385058413895622
"C04","Urinary PAH metabolites","CVD","X1_PY_ln_U",0.824859334807236,-0.118454318647746,0.0429298310522559
"C04","Urinary PAH metabolites","CVD","X1_PY_ln_U",0.974946357531873,-0.105054169361066,0.0480356447059795
"C04","Urinary PAH metabolites","CVD","X1_PY_ln_U",1.12503338025651,-0.0905567652582295,0.0538256903972312
"C04","Urinary PAH metabolites","CVD","X1_PY_ln_U",1.27512040298115,-0.0749710959287748,0.0603033772123635
"C04","Urinary PAH metabolites","CVD","X1_PY_ln_U",1.42520742570578,-0.0583070161560473,0.0674717587929514
"C04","Urinary PAH metabolites","CVD","X1_PY_ln_U",1.57529444843042,-0.0405752356048801,0.0753328423760014
"C04","Urinary PAH metabolites","CVD","X1_PY_ln_U",1.72538147115506,-0.0217873073940913,0.0838873240235812
"C04","Urinary PAH metabolites","CVD","X1_PY_ln_U",1.87546849387969,-0.00195561553587709,0.0931345641646997
"C04","Urinary PAH metabolites","CVD","X1_PY_ln_U",2.02555551660433,0.0189066386852219,0.103072679066694
"C04","Urinary PAH metabolites","CVD","X1_PY_ln_U",2.17564253932897,0.0407854514187691,0.113698676966407
"C04","Urinary PAH metabolites","CVD","X1_PY_ln_U",2.3257295620536,0.0636660320156914,0.125008600015813
"C04","Urinary PAH metabolites","CVD","X1_PY_ln_U",2.47581658477824,0.0875328197953933,0.136997653925041
"C04","Urinary PAH metabolites","CVD","X1_PY_ln_U",2.62590360750288,0.112369501820651,0.1496603191408
"C04","Urinary PAH metabolites","CVD","X1_PY_ln_U",2.77599063022752,0.138159031635452,0.16299044247112
"C04","Urinary PAH metabolites","CVD","X1_PY_ln_U",2.92607765295215,0.16488364895038,0.176981311214148
"C04","Urinary PAH metabolites","CVD","X1_PY_ln_U",3.07616467567679,0.192524900214821,0.191625712086008
"C04","Urinary PAH metabolites","CVD","X1_PY_ln_U",3.22625169840143,0.221063660079341,0.206915978066145
"C04","Urinary PAH metabolites","CVD","X1_PY_ln_U",3.37633872112606,0.250480153662684,0.222844025324426
"C04","Urinary PAH metabolites","CVD","X1_PY_ln_U",3.5264257438507,0.280753979660807,0.239401382739627
"C04","Urinary PAH metabolites","CVD","X1_PY_ln_U",3.67651276657534,0.311864134189247,0.256579215317726
"C04","Urinary PAH metabolites","CVD","X1_PY_ln_U",3.82659978929997,0.343789035340233,0.274368343011636
"C04","Urinary PAH metabolites","CVD","X1_PY_ln_U",3.97668681202461,0.376506548454431,0.292759256188155
"C04","Urinary PAH metabolites","CVD","X1_PY_ln_U",4.12677383474925,0.409994011987378,0.311742128197609
"C04","Urinary PAH metabolites","CVD","X1_PY_ln_U",4.27686085747388,0.444228263998245,0.331306826070709
"C04","Urinary PAH metabolites","CVD","X1_PY_ln_U",4.42694788019852,0.479185669208416,0.351442919714193
"C04","Urinary PAH metabolites","CVD","X1_PY_ln_U",4.57703490292316,0.514842146526517,0.372139689816917
"C04","Urinary PAH metabolites","CVD","X2_FL_ln_U",-2.07208632756034,-0.224712052122833,0.134931002184738
"C04","Urinary PAH metabolites","CVD","X2_FL_ln_U",-1.94148125135976,-0.225516048605735,0.123943895149732
"C04","Urinary PAH metabolites","CVD","X2_FL_ln_U",-1.81087617515918,-0.225674598117266,0.113322276319924
"C04","Urinary PAH metabolites","CVD","X2_FL_ln_U",-1.68027109895859,-0.225186934917816,0.103066602006079
"C04","Urinary PAH metabolites","CVD","X2_FL_ln_U",-1.54966602275801,-0.224052583715535,0.0931796346832822
"C04","Urinary PAH metabolites","CVD","X2_FL_ln_U",-1.41906094655743,-0.222271360396885,0.0836680223112439
"C04","Urinary PAH metabolites","CVD","X2_FL_ln_U",-1.28845587035685,-0.219843372669568,0.0745448426823051
"C04","Urinary PAH metabolites","CVD","X2_FL_ln_U",-1.15785079415626,-0.21676902040875,0.0658338031298886
"C04","Urinary PAH metabolites","CVD","X2_FL_ln_U",-1.02724571795568,-0.213048995840504,0.0575763300103512
"C04","Urinary PAH metabolites","CVD","X2_FL_ln_U",-0.896640641755097,-0.208684283437557,0.0498437425168083
"C04","Urinary PAH metabolites","CVD","X2_FL_ln_U",-0.766035565554513,-0.203676159688039,0.0427580923615663
"C04","Urinary PAH metabolites","CVD","X2_FL_ln_U",-0.63543048935393,-0.198026192560356,0.036525855698093
"C04","Urinary PAH metabolites","CVD","X2_FL_ln_U",-0.504825413153347,-0.191736240815333,0.0314814124360505
"C04","Urinary PAH metabolites","CVD","X2_FL_ln_U",-0.374220336952764,-0.184808453053807,0.0281002294728888
"C04","Urinary PAH metabolites","CVD","X2_FL_ln_U",-0.243615260752181,-0.1772452665746,0.026867227861022
"C04","Urinary PAH metabolites","CVD","X2_FL_ln_U",-0.113010184551598,-0.169049405998948,0.0279532353120054
"C04","Urinary PAH metabolites","CVD","X2_FL_ln_U",0.0175948916489852,-0.16022388171151,0.0310390073059528
"C04","Urinary PAH metabolites","CVD","X2_FL_ln_U",0.148199967849568,-0.150771988035961,0.0355628879967771
"C04","Urinary PAH metabolites","CVD","X2_FL_ln_U",0.278805044050151,-0.140697301244342,0.0410319035515091
"C04","Urinary PAH metabolites","CVD","X2_FL_ln_U",0.409410120250735,-0.130003677329364,0.0471171715506502
"C04","Urinary PAH metabolites","CVD","X2_FL_ln_U",0.540015196451317,-0.118695249571837,0.0536231260976511
"C04","Urinary PAH metabolites","CVD","X2_FL_ln_U",0.670620272651901,-0.106776425923155,0.0604393092939233
"C04","Urinary PAH metabolites","CVD","X2_FL_ln_U",0.801225348852484,-0.0942518861291264,0.0675059776747012
"C04","Urinary PAH metabolites","CVD","X2_FL_ln_U",0.931830425053067,-0.081126578726761,0.0747933533492776
"C04","Urinary PAH metabolites","CVD","X2_FL_ln_U",1.06243550125365,-0.0674057177626652,0.0822895683494498
"C04","Urinary PAH metabolites","CVD","X2_FL_ln_U",1.19304057745423,-0.053094779397985,0.089993599963188
"C04","Urinary PAH metabolites","CVD","X2_FL_ln_U",1.32364565365482,-0.0381994982323599,0.0979110257582062
"C04","Urinary PAH metabolites","CVD","X2_FL_ln_U",1.4542507298554,-0.022725863501738,0.10605139058078
"C04","Urinary PAH metabolites","CVD","X2_FL_ln_U",1.58485580605598,-0.00668011507414779,0.11442652222663
"C04","Urinary PAH metabolites","CVD","X2_FL_ln_U",1.71546088225657,0.00993126074751149,0.123049423357207
"C04","Urinary PAH metabolites","CVD","X2_FL_ln_U",1.84606595845715,0.0271015356139164,0.131933525564214
"C04","Urinary PAH metabolites","CVD","X2_FL_ln_U",1.97667103465773,0.0448237436303232,0.141092178748013
"C04","Urinary PAH metabolites","CVD","X2_FL_ln_U",2.10727611085831,0.0630906861166949,0.150538300244758
"C04","Urinary PAH metabolites","CVD","X2_FL_ln_U",2.2378811870589,0.0818949364726174,0.160284133707956
"C04","Urinary PAH metabolites","CVD","X2_FL_ln_U",2.36848626325948,0.101228845210023,0.17034108694869
"C04","Urinary PAH metabolites","CVD","X2_FL_ln_U",2.49909133946006,0.121084545156831,0.180719627403437
"C04","Urinary PAH metabolites","CVD","X2_FL_ln_U",2.62969641566065,0.141453956820071,0.191429220207048
"C04","Urinary PAH metabolites","CVD","X2_FL_ln_U",2.76030149186123,0.162328793872963,0.202478297936413
"C04","Urinary PAH metabolites","CVD","X2_FL_ln_U",2.89090656806181,0.183700568775912,0.213874254168243
"C04","Urinary PAH metabolites","CVD","X2_FL_ln_U",3.0215116442624,0.205560598572143,0.225623454967919
"C04","Urinary PAH metabolites","CVD","X2_FL_ln_U",3.15211672046298,0.227900010799894,0.237731263297698
"C04","Urinary PAH metabolites","CVD","X2_FL_ln_U",3.28272179666356,0.250709749479425,0.250202072446178
"C04","Urinary PAH metabolites","CVD","X2_FL_ln_U",3.41332687286415,0.273980581301653,0.26303934632803
"C04","Urinary PAH metabolites","CVD","X2_FL_ln_U",3.54393194906473,0.29770310186203,0.276245663563981
"C04","Urinary PAH metabolites","CVD","X2_FL_ln_U",3.67453702526531,0.321867742038617,0.289822764055877
"C04","Urinary PAH metabolites","CVD","X2_FL_ln_U",3.80514210146589,0.346464774456852,0.303771596499898
"C04","Urinary PAH metabolites","CVD","X2_FL_ln_U",3.93574717766648,0.371484320041958,0.318092365766696
"C04","Urinary PAH metabolites","CVD","X2_FL_ln_U",4.06635225386706,0.396916354680738,0.332784579513764
"C04","Urinary PAH metabolites","CVD","X2_FL_ln_U",4.19695733006764,0.422750715960804,0.347847093334015
"C04","Urinary PAH metabolites","CVD","X2_FL_ln_U",4.32756240626823,0.448977109953489,0.363278153969651
"C04","Urinary PAH metabolites","CVD","X2_NP_ln_U",-2.7660886590815,0,0.0269057071367069
"C04","Urinary PAH metabolites","CVD","X2_NP_ln_U",-2.62050930208393,0,0.0269057071367069
"C04","Urinary PAH metabolites","CVD","X2_NP_ln_U",-2.47492994508636,0,0.0269057071367069
"C04","Urinary PAH metabolites","CVD","X2_NP_ln_U",-2.32935058808879,0,0.0269057071367069
"C04","Urinary PAH metabolites","CVD","X2_NP_ln_U",-2.18377123109123,0,0.0269057071367069
"C04","Urinary PAH metabolites","CVD","X2_NP_ln_U",-2.03819187409366,0,0.0269057071367069
"C04","Urinary PAH metabolites","CVD","X2_NP_ln_U",-1.89261251709609,0,0.0269057071367069
"C04","Urinary PAH metabolites","CVD","X2_NP_ln_U",-1.74703316009852,0,0.0269057071367069
"C04","Urinary PAH metabolites","CVD","X2_NP_ln_U",-1.60145380310095,0,0.0269057071367069
"C04","Urinary PAH metabolites","CVD","X2_NP_ln_U",-1.45587444610339,0,0.0269057071367069
"C04","Urinary PAH metabolites","CVD","X2_NP_ln_U",-1.31029508910582,0,0.0269057071367069
"C04","Urinary PAH metabolites","CVD","X2_NP_ln_U",-1.16471573210825,0,0.0269057071367069
"C04","Urinary PAH metabolites","CVD","X2_NP_ln_U",-1.01913637511068,0,0.0269057071367069
"C04","Urinary PAH metabolites","CVD","X2_NP_ln_U",-0.873557018113116,0,0.0269057071367069
"C04","Urinary PAH metabolites","CVD","X2_NP_ln_U",-0.727977661115548,0,0.0269057071367069
"C04","Urinary PAH metabolites","CVD","X2_NP_ln_U",-0.58239830411798,0,0.0269057071367069
"C04","Urinary PAH metabolites","CVD","X2_NP_ln_U",-0.436818947120412,0,0.0269057071367069
"C04","Urinary PAH metabolites","CVD","X2_NP_ln_U",-0.291239590122845,0,0.0269057071367069
"C04","Urinary PAH metabolites","CVD","X2_NP_ln_U",-0.145660233125277,0,0.0269057071367069
"C04","Urinary PAH metabolites","CVD","X2_NP_ln_U",-8.08761277091286e-05,0,0.0269057071367069
"C04","Urinary PAH metabolites","CVD","X2_NP_ln_U",0.145498480869859,0,0.0269057071367069
"C04","Urinary PAH metabolites","CVD","X2_NP_ln_U",0.291077837867426,0,0.0269057071367069
"C04","Urinary PAH metabolites","CVD","X2_NP_ln_U",0.436657194864994,0,0.0269057071367069
"C04","Urinary PAH metabolites","CVD","X2_NP_ln_U",0.582236551862562,0,0.0269057071367069
"C04","Urinary PAH metabolites","CVD","X2_NP_ln_U",0.727815908860129,0,0.0269057071367069
"C04","Urinary PAH metabolites","CVD","X2_NP_ln_U",0.873395265857697,0,0.0269057071367069
"C04","Urinary PAH metabolites","CVD","X2_NP_ln_U",1.01897462285526,0,0.0269057071367069
"C04","Urinary PAH metabolites","CVD","X2_NP_ln_U",1.16455397985283,0,0.0269057071367069
"C04","Urinary PAH metabolites","CVD","X2_NP_ln_U",1.3101333368504,0,0.0269057071367069
"C04","Urinary PAH metabolites","CVD","X2_NP_ln_U",1.45571269384797,0,0.0269057071367069
"C04","Urinary PAH metabolites","CVD","X2_NP_ln_U",1.60129205084554,0,0.0269057071367069
"C04","Urinary PAH metabolites","CVD","X2_NP_ln_U",1.7468714078431,0,0.0269057071367069
"C04","Urinary PAH metabolites","CVD","X2_NP_ln_U",1.89245076484067,0,0.0269057071367069
"C04","Urinary PAH metabolites","CVD","X2_NP_ln_U",2.03803012183824,0,0.0269057071367069
"C04","Urinary PAH metabolites","CVD","X2_NP_ln_U",2.18360947883581,0,0.0269057071367069
"C04","Urinary PAH metabolites","CVD","X2_NP_ln_U",2.32918883583337,0,0.0269057071367069
"C04","Urinary PAH metabolites","CVD","X2_NP_ln_U",2.47476819283094,0,0.0269057071367069
"C04","Urinary PAH metabolites","CVD","X2_NP_ln_U",2.62034754982851,0,0.0269057071367069
"C04","Urinary PAH metabolites","CVD","X2_NP_ln_U",2.76592690682608,0,0.0269057071367069
"C04","Urinary PAH metabolites","CVD","X2_NP_ln_U",2.91150626382365,0,0.0269057071367069
"C04","Urinary PAH metabolites","CVD","X2_NP_ln_U",3.05708562082121,0,0.0269057071367069
"C04","Urinary PAH metabolites","CVD","X2_NP_ln_U",3.20266497781878,0,0.0269057071367069
"C04","Urinary PAH metabolites","CVD","X2_NP_ln_U",3.34824433481635,0,0.0269057071367069
"C04","Urinary PAH metabolites","CVD","X2_NP_ln_U",3.49382369181392,0,0.0269057071367069
"C04","Urinary PAH metabolites","CVD","X2_NP_ln_U",3.63940304881148,0,0.0269057071367069
"C04","Urinary PAH metabolites","CVD","X2_NP_ln_U",3.78498240580905,0,0.0269057071367069
"C04","Urinary PAH metabolites","CVD","X2_NP_ln_U",3.93056176280662,0,0.0269057071367069
"C04","Urinary PAH metabolites","CVD","X2_NP_ln_U",4.07614111980419,0,0.0269057071367069
"C04","Urinary PAH metabolites","CVD","X2_NP_ln_U",4.22172047680175,0,0.0269057071367069
"C04","Urinary PAH metabolites","CVD","X2_NP_ln_U",4.36729983379932,0,0.0269057071367069
"C04","Urinary PAH metabolites","CVD","X23_OH_PH_ln_U",-2.48697503248888,0.11653903369215,0.11207992206621
"C04","Urinary PAH metabolites","CVD","X23_OH_PH_ln_U",-2.3229332839301,0.110073047579335,0.104536343050506
"C04","Urinary PAH metabolites","CVD","X23_OH_PH_ln_U",-2.15889153537131,0.10370889499166,0.0970456224120412
"C04","Urinary PAH metabolites","CVD","X23_OH_PH_ln_U",-1.99484978681253,0.0974470751594927,0.08961623171728
"C04","Urinary PAH metabolites","CVD","X23_OH_PH_ln_U",-1.83080803825374,0.0912880797329807,0.0822598949176797
"C04","Urinary PAH metabolites","CVD","X23_OH_PH_ln_U",-1.66676628969496,0.0852323926744853,0.0749930943612535
"C04","Urinary PAH metabolites","CVD","X23_OH_PH_ln_U",-1.50272454113618,0.0792804902292037,0.0678394515369867
"C04","Urinary PAH metabolites","CVD","X23_OH_PH_ln_U",-1.33868279257739,0.0734328408444416,0.0608335868290868
"C04","Urinary PAH metabolites","CVD","X23_OH_PH_ln_U",-1.17464104401861,0.0676899051142952,0.0540275340912697
"C04","Urinary PAH metabolites","CVD","X23_OH_PH_ln_U",-1.01059929545982,0.0620521357075425,0.0475015875193604
"C04","Urinary PAH metabolites","CVD","X23_OH_PH_ln_U",-0.846557546901036,0.0565199773302156,0.0413826194871206
"C04","Urinary PAH metabolites","CVD","X23_OH_PH_ln_U",-0.682515798342251,0.0510938666490564,0.0358734890572975
"C04","Urinary PAH metabolites","CVD","X23_OH_PH_ln_U",-0.518474049783467,0.045774232242124,0.0312919421477964
"C04","Urinary PAH metabolites","CVD","X23_OH_PH_ln_U",-0.354432301224682,0.0405614945443151,0.0280898307163061
"C04","Urinary PAH metabolites","CVD","X23_OH_PH_ln_U",-0.190390552665897,0.0354560657703216,0.0267619814871563
"C04","Urinary PAH metabolites","CVD","X23_OH_PH_ln_U",-0.026348804107112,0.0304583498958904,0.0275766957091064
"C04","Urinary PAH metabolites","CVD","X23_OH_PH_ln_U",0.137692944451673,0.0255687425818678,0.0303594985903394
"C04","Urinary PAH metabolites","CVD","X23_OH_PH_ln_U",0.301734693010458,0.0207876311356276,0.0346378933219092
"C04","Urinary PAH metabolites","CVD","X23_OH_PH_ln_U",0.465776441569242,0.0161153944292867,0.0399335506802756
"C04","Urinary PAH metabolites","CVD","X23_OH_PH_ln_U",0.629818190128027,0.01155240288612,0.0458958645298651
"C04","Urinary PAH metabolites","CVD","X23_OH_PH_ln_U",0.793859938686812,0.00709901842549154,0.0522980121394963
"C04","Urinary PAH metabolites","CVD","X23_OH_PH_ln_U",0.957901687245597,0.00275559438763917,0.0589980678574711
"C04","Urinary PAH metabolites","CVD","X23_OH_PH_ln_U",1.12194343580438,-0.00147752448737659,0.0659066339856434
"C04","Urinary PAH metabolites","CVD","X23_OH_PH_ln_U",1.28598518436317,-0.0056000021012057,0.0729661502250505
"C04","Urinary PAH metabolites","CVD","X23_OH_PH_ln_U",1.45002693292195,-0.00961151106343561,0.080138575386289
"C04","Urinary PAH metabolites","CVD","X23_OH_PH_ln_U",1.61406868148074,-0.0135117327220948,0.0873981202334113
"C04","Urinary PAH metabolites","CVD","X23_OH_PH_ln_U",1.77811043003952,-0.0173003572071728,0.0947268968577858
"C04","Urinary PAH metabolites","CVD","X23_OH_PH_ln_U",1.94215217859831,-0.0209770834691385,0.102112252609621
"C04","Urinary PAH metabolites","CVD","X23_OH_PH_ln_U",2.10619392715709,-0.0245416193188861,0.109545093152033
"C04","Urinary PAH metabolites","CVD","X23_OH_PH_ln_U",2.27023567571588,-0.027993681479324,0.117018799815938
"C04","Urinary PAH metabolites","CVD","X23_OH_PH_ln_U",2.43427742427466,-0.0313329956083406,0.124528513546911
"C04","Urinary PAH metabolites","CVD","X23_OH_PH_ln_U",2.59831917283344,-0.0345592963324259,0.132070649969809
"C04","Urinary PAH metabolites","CVD","X23_OH_PH_ln_U",2.76236092139223,-0.0376723272936088,0.139642563893142
"C04","Urinary PAH metabolites","CVD","X23_OH_PH_ln_U",2.92640266995101,-0.0406718411826743,0.147242312854161
"C04","Urinary PAH metabolites","CVD","X23_OH_PH_ln_U",3.0904444185098,-0.0435575997665714,0.154868487354053
"C04","Urinary PAH metabolites","CVD","X23_OH_PH_ln_U",3.25448616706858,-0.0463293739104955,0.16252008705319
"C04","Urinary PAH metabolites","CVD","X23_OH_PH_ln_U",3.41852791562737,-0.048986943637952,0.170196428719636
"C04","Urinary PAH metabolites","CVD","X23_OH_PH_ln_U",3.58256966418615,-0.0515300981157187,0.177897077613146
"C04","Urinary PAH metabolites","CVD","X23_OH_PH_ln_U",3.74661141274494,-0.0539586357304698,0.185621794636088
"C04","Urinary PAH metabolites","CVD","X23_OH_PH_ln_U",3.91065316130372,-0.0562723640810088,0.193370496163365
"C04","Urinary PAH metabolites","CVD","X23_OH_PH_ln_U",4.07469490986251,-0.0584711000166243,0.201143222469963
"C04","Urinary PAH metabolites","CVD","X23_OH_PH_ln_U",4.23873665842129,-0.0605546696492079,0.208940113032495
"C04","Urinary PAH metabolites","CVD","X23_OH_PH_ln_U",4.40277840698008,-0.0625229084065095,0.216761386668019
"C04","Urinary PAH metabolites","CVD","X23_OH_PH_ln_U",4.56682015553886,-0.0643756610097599,0.224607325984247
"C04","Urinary PAH metabolites","CVD","X23_OH_PH_ln_U",4.73086190409765,-0.066112781527937,0.232478264440563
"C04","Urinary PAH metabolites","CVD","X23_OH_PH_ln_U",4.89490365265643,-0.0677341333975958,0.24037457590523
"C04","Urinary PAH metabolites","CVD","X23_OH_PH_ln_U",5.05894540121522,-0.0692395894125699,0.248296666259713
"C04","Urinary PAH metabolites","CVD","X23_OH_PH_ln_U",5.222987149774,-0.0706290317591725,0.256244966209689
"C04","Urinary PAH metabolites","CVD","X23_OH_PH_ln_U",5.38702889833279,-0.0719023520393156,0.264219925331688
"C04","Urinary PAH metabolites","CVD","X23_OH_PH_ln_U",5.55107064689157,-0.0730594512769587,0.272222007164969
"C04","Urinary PAH metabolites","CVD","X3_FL_ln_U",-2.70571954906687,0.0419927882953273,0.131125228050096
"C04","Urinary PAH metabolites","CVD","X3_FL_ln_U",-2.58036948398052,0.0396852075755643,0.12472126269577
"C04","Urinary PAH metabolites","CVD","X3_FL_ln_U",-2.45501941889416,0.0374141092683091,0.118334130868338
"C04","Urinary PAH metabolites","CVD","X3_FL_ln_U",-2.3296693538078,0.0351795549164526,0.111966549745989
"C04","Urinary PAH metabolites","CVD","X3_FL_ln_U",-2.20431928872145,0.0329816051041245,0.105621887311303
"C04","Urinary PAH metabolites","CVD","X3_FL_ln_U",-2.07896922363509,0.0308203194482735,0.0993043636461694
"C04","Urinary PAH metabolites","CVD","X3_FL_ln_U",-1.95361915854873,0.0286957565803183,0.0930193299003985
"C04","Urinary PAH metabolites","CVD","X3_FL_ln_U",-1.82826909346238,0.0266079741873302,0.0867736619539714
"C04","Urinary PAH metabolites","CVD","X3_FL_ln_U",-1.70291902837602,0.0245570289542982,0.0805763229962187
"C04","Urinary PAH metabolites","CVD","X3_FL_ln_U",-1.57756896328966,0.0225429766052221,0.074439185901647
"C04","Urinary PAH metabolites","CVD","X3_FL_ln_U",-1.4522188982033,0.0205658718790822,0.0683782548392865
"C04","Urinary PAH metabolites","CVD","X3_FL_ln_U",-1.32686883311695,0.0186257685302644,0.0624155162485724
"C04","Urinary PAH metabolites","CVD","X3_FL_ln_U",-1.20151876803059,0.0167227193366353,0.0565817928672317
"C04","Urinary PAH metabolites","CVD","X3_FL_ln_U",-1.07616870294423,0.0148567760783926,0.0509212026471061
"C04","Urinary PAH metabolites","CVD","X3_FL_ln_U",-0.950818637857877,0.0130279895464245,0.0454981538616278
"C04","Urinary PAH metabolites","CVD","X3_FL_ln_U",-0.82546857277152,0.0112364095547175,0.040408124251922
"C04","Urinary PAH metabolites","CVD","X3_FL_ln_U",-0.700118507685163,0.00948208490368074,0.0357931758961612
"C04","Urinary PAH metabolites","CVD","X3_FL_ln_U",-0.574768442598806,0.007765063410619,0.0318601187934811
"C04","Urinary PAH metabolites","CVD","X3_FL_ln_U",-0.449418377512449,0.00608539188164947,0.0288884976533915
"C04","Urinary PAH metabolites","CVD","X3_FL_ln_U",-0.324068312426092,0.00444311613905324,0.0271950133254672
"C04","Urinary PAH metabolites","CVD","X3_FL_ln_U",-0.198718247339735,0.00283828098925643,0.0270207641985012
"C04","Urinary PAH metabolites","CVD","X3_FL_ln_U",-0.073368182253378,0.00127093023635094,0.0283934783678502
"C04","Urinary PAH metabolites","CVD","X3_FL_ln_U",0.0519818828329788,-0.0002588933219414,0.0311088292296665
"C04","Urinary PAH metabolites","CVD","X3_FL_ln_U",0.177331947919336,-0.00175114788804276,0.0348542492639401
"C04","Urinary PAH metabolites","CVD","X3_FL_ln_U",0.302682013005693,-0.00320579269091148,0.0393364620490075
"C04","Urinary PAH metabolites","CVD","X3_FL_ln_U",0.42803207809205,-0.00462278796140847,0.0443324436705137
"C04","Urinary PAH metabolites","CVD","X3_FL_ln_U",0.553382143178407,-0.0060020949387285,0.0496873785894345
"C04","Urinary PAH metabolites","CVD","X3_FL_ln_U",0.678732208264763,-0.00734367590559692,0.0552970207677913
"C04","Urinary PAH metabolites","CVD","X3_FL_ln_U",0.804082273351121,-0.00864749412400023,0.0610912012617131
"C04","Urinary PAH metabolites","CVD","X3_FL_ln_U",0.929432338437477,-0.00991351390878581,0.0670220445374976
"C04","Urinary PAH metabolites","CVD","X3_FL_ln_U",1.05478240352383,-0.0111417005739876,0.0730562548079668
"C04","Urinary PAH metabolites","CVD","X3_FL_ln_U",1.18013246861019,-0.012332020467575,0.0791701899263102
"C04","Urinary PAH metabolites","CVD","X3_FL_ln_U",1.30548253369655,-0.0134844409606174,0.0853467159397462
"C04","Urinary PAH metabolites","CVD","X3_FL_ln_U",1.43083259878291,-0.0145989304481642,0.0915731736985633
"C04","Urinary PAH metabolites","CVD","X3_FL_ln_U",1.55618266386926,-0.0156754583505991,0.0978400420814811
"C04","Urinary PAH metabolites","CVD","X3_FL_ln_U",1.68153272895562,-0.0167139951127453,0.10414004263178
"C04","Urinary PAH metabolites","CVD","X3_FL_ln_U",1.80688279404198,-0.017714512225095,0.110467528125899
"C04","Urinary PAH metabolites","CVD","X3_FL_ln_U",1.93223285912833,-0.0186769821933144,0.116818058076477
"C04","Urinary PAH metabolites","CVD","X3_FL_ln_U",2.05758292421469,-0.0196013785658167,0.123188097859781
"C04","Urinary PAH metabolites","CVD","X3_FL_ln_U",2.18293298930105,-0.0204876759180372,0.129574802746497
"C04","Urinary PAH metabolites","CVD","X3_FL_ln_U",2.3082830543874,-0.0213358498674623,0.135975860047735
"C04","Urinary PAH metabolites","CVD","X3_FL_ln_U",2.43363311947376,-0.022145877056551,0.142389372441834
"C04","Urinary PAH metabolites","CVD","X3_FL_ln_U",2.55898318456012,-0.0229177351764625,0.148813770182879
"C04","Urinary PAH metabolites","CVD","X3_FL_ln_U",2.68433324964648,-0.0236514029491479,0.155247744741084
"C04","Urinary PAH metabolites","CVD","X3_FL_ln_U",2.80968331473283,-0.0243468601380963,0.161690197633953
"C04","Urinary PAH metabolites","CVD","X3_FL_ln_U",2.93503337981919,-0.0250040875477895,0.168140200796967
"C04","Urinary PAH metabolites","CVD","X3_FL_ln_U",3.06038344490555,-0.0256230670244229,0.174596965570439
"C04","Urinary PAH metabolites","CVD","X3_FL_ln_U",3.1857335099919,-0.0262037814505458,0.181059818156613
"C04","Urinary PAH metabolites","CVD","X3_FL_ln_U",3.31108357507826,-0.0267462147511193,0.187528180027222
"C04","Urinary PAH metabolites","CVD","X3_FL_ln_U",3.43643364016462,-0.0272503519043825,0.19400155211237
"C06","Urinary perchlorate, nitrate and thiocyanate","CVD","Nitrate_ln_U",-7.24337190203705,0.32300087123824,0.374396998818353
"C06","Urinary perchlorate, nitrate and thiocyanate","CVD","Nitrate_ln_U",-7.00141035781803,0.290246346016921,0.352991839497211
"C06","Urinary perchlorate, nitrate and thiocyanate","CVD","Nitrate_ln_U",-6.75944881359902,0.258510000037151,0.332213214220087
"C06","Urinary perchlorate, nitrate and thiocyanate","CVD","Nitrate_ln_U",-6.51748726938,0.227819395121146,0.312068703379042
"C06","Urinary perchlorate, nitrate and thiocyanate","CVD","Nitrate_ln_U",-6.27552572516099,0.198201202892779,0.292565521431304
"C06","Urinary perchlorate, nitrate and thiocyanate","CVD","Nitrate_ln_U",-6.03356418094197,0.169681166827539,0.273710504528213
"C06","Urinary perchlorate, nitrate and thiocyanate","CVD","Nitrate_ln_U",-5.79160263672296,0.142284065645601,0.255510093567756
"C06","Urinary perchlorate, nitrate and thiocyanate","CVD","Nitrate_ln_U",-5.54964109250394,0.116033678006624,0.237970311164484
"C06","Urinary perchlorate, nitrate and thiocyanate","CVD","Nitrate_ln_U",-5.30767954828493,0.090952748670488,0.221096731738445
"C06","Urinary perchlorate, nitrate and thiocyanate","CVD","Nitrate_ln_U",-5.06571800406591,0.0670629561554703,0.20489444348176
"C06","Urinary perchlorate, nitrate and thiocyanate","CVD","Nitrate_ln_U",-4.8237564598469,0.0443848819119097,0.189368000293858
"C06","Urinary perchlorate, nitrate and thiocyanate","CVD","Nitrate_ln_U",-4.58179491562788,0.0229379811875461,0.174521363436205
"C06","Urinary perchlorate, nitrate and thiocyanate","CVD","Nitrate_ln_U",-4.33983337140887,0.00274055550592056,0.160357830665788
"C06","Urinary perchlorate, nitrate and thiocyanate","CVD","Nitrate_ln_U",-4.09787182718985,-0.0161902731006816,0.146879953196667
"C06","Urinary perchlorate, nitrate and thiocyanate","CVD","Nitrate_ln_U",-3.85591028297084,-0.0338385860761008,0.134089441139643
"C06","Urinary perchlorate, nitrate and thiocyanate","CVD","Nitrate_ln_U",-3.61394873875182,-0.0501896904856198,0.121987061253229
"C06","Urinary perchlorate, nitrate and thiocyanate","CVD","Nitrate_ln_U",-3.37198719453281,-0.0652301393188934,0.110572534644669
"C06","Urinary perchlorate, nitrate and thiocyanate","CVD","Nitrate_ln_U",-3.13002565031379,-0.0789477498750855,0.0998444512548867
"C06","Urinary perchlorate, nitrate and thiocyanate","CVD","Nitrate_ln_U",-2.88806410609478,-0.0913316201551111,0.0898002324291424
"C06","Urinary perchlorate, nitrate and thiocyanate","CVD","Nitrate_ln_U",-2.64610256187576,-0.102372143374888,0.0804361932787529
"C06","Urinary perchlorate, nitrate and thiocyanate","CVD","Nitrate_ln_U",-2.40414101765675,-0.112061020359047,0.071747801486313
"C06","Urinary perchlorate, nitrate and thiocyanate","CVD","Nitrate_ln_U",-2.16217947343773,-0.120391270040558,0.0637302831297209
"C06","Urinary perchlorate, nitrate and thiocyanate","CVD","Nitrate_ln_U",-1.92021792921872,-0.127357237765943,0.0563798338613702
"C06","Urinary perchlorate, nitrate and thiocyanate","CVD","Nitrate_ln_U",-1.6782563849997,-0.13295460169327,0.0496958229150858
"C06","Urinary perchlorate, nitrate and thiocyanate","CVD","Nitrate_ln_U",-1.43629484078069,-0.137180376999214,0.0436845700356476
"C06","Urinary perchlorate, nitrate and thiocyanate","CVD","Nitrate_ln_U",-1.19433329656167,-0.140032918098916,0.0383654046745509
"C06","Urinary perchlorate, nitrate and thiocyanate","CVD","Nitrate_ln_U",-0.952371752342658,-0.141511918749439,0.0337795238408796
"C06","Urinary perchlorate, nitrate and thiocyanate","CVD","Nitrate_ln_U",-0.710410208123643,-0.141618410076519,0.0300007693889446
"C06","Urinary perchlorate, nitrate and thiocyanate","CVD","Nitrate_ln_U",-0.468448663904629,-0.140354756570628,0.0271432089778732
"C06","Urinary perchlorate, nitrate and thiocyanate","CVD","Nitrate_ln_U",-0.226487119685613,-0.137724650001966,0.0253527566350915
"C06","Urinary perchlorate, nitrate and thiocyanate","CVD","Nitrate_ln_U",0.0154744245334015,-0.133733101317747,0.0247674417029052
"C06","Urinary perchlorate, nitrate and thiocyanate","CVD","Nitrate_ln_U",0.257435968752417,-0.128386430510555,0.0254545641763754
"C06","Urinary perchlorate, nitrate and thiocyanate","CVD","Nitrate_ln_U",0.499397512971432,-0.121692254522678,0.0273746299899072
"C06","Urinary perchlorate, nitrate and thiocyanate","CVD","Nitrate_ln_U",0.741359057190446,-0.113659473154203,0.0304098644093528
"C06","Urinary perchlorate, nitrate and thiocyanate","CVD","Nitrate_ln_U",0.983320601409461,-0.104298253056165,0.0344255880122395
"C06","Urinary perchlorate, nitrate and thiocyanate","CVD","Nitrate_ln_U",1.22528214562848,-0.0936200098483648,0.0393128635078465
"C06","Urinary perchlorate, nitrate and thiocyanate","CVD","Nitrate_ln_U",1.46724368984749,-0.0816373883720285,0.0450000823713187
"C06","Urinary perchlorate, nitrate and thiocyanate","CVD","Nitrate_ln_U",1.70920523406651,-0.0683642411112459,0.051447344530001
"C06","Urinary perchlorate, nitrate and thiocyanate","CVD","Nitrate_ln_U",1.95116677828552,-0.053815604907653,0.0586366081498389
"C06","Urinary perchlorate, nitrate and thiocyanate","CVD","Nitrate_ln_U",2.19312832250454,-0.0380076759182555,0.0665631935969303
"C06","Urinary perchlorate, nitrate and thiocyanate","CVD","Nitrate_ln_U",2.43508986672355,-0.0209577829205663,0.0752298134974882
"C06","Urinary perchlorate, nitrate and thiocyanate","CVD","Nitrate_ln_U",2.67705141094257,-0.00268435907474585,0.0846427613381279
"C06","Urinary perchlorate, nitrate and thiocyanate","CVD","Nitrate_ln_U",2.91901295516158,0.0167930879103428,0.094809617619705
"C06","Urinary perchlorate, nitrate and thiocyanate","CVD","Nitrate_ln_U",3.1609744993806,0.0374540070591318,0.105737932314379
"C06","Urinary perchlorate, nitrate and thiocyanate","CVD","Nitrate_ln_U",3.40293604359961,0.0592768368351342,0.117434508659768
"C06","Urinary perchlorate, nitrate and thiocyanate","CVD","Nitrate_ln_U",3.64489758781863,0.0822390391384999,0.129905043714439
"C06","Urinary perchlorate, nitrate and thiocyanate","CVD","Nitrate_ln_U",3.88685913203764,0.106317134624096,0.143153975864451
"C06","Urinary perchlorate, nitrate and thiocyanate","CVD","Nitrate_ln_U",4.12882067625666,0.131486739179576,0.157184446280511
"C06","Urinary perchlorate, nitrate and thiocyanate","CVD","Nitrate_ln_U",4.37078222047567,0.157722601542542,0.171998320550908
"C06","Urinary perchlorate, nitrate and thiocyanate","CVD","Nitrate_ln_U",4.61274376469469,0.184998641949431,0.187596238497881
"C06","Urinary perchlorate, nitrate and thiocyanate","CVD","Perchlorate_ln_U",-5.38695421756199,0.351378986823753,0.328096277648255
"C06","Urinary perchlorate, nitrate and thiocyanate","CVD","Perchlorate_ln_U",-5.16905570383529,0.321223027113042,0.304639152535718
"C06","Urinary perchlorate, nitrate and thiocyanate","CVD","Perchlorate_ln_U",-4.95115719010858,0.291818387229233,0.282046918472805
"C06","Urinary perchlorate, nitrate and thiocyanate","CVD","Perchlorate_ln_U",-4.73325867638188,0.263190997106205,0.260329764533944
"C06","Urinary perchlorate, nitrate and thiocyanate","CVD","Perchlorate_ln_U",-4.51536016265517,0.235366407599223,0.239497188129367
"C06","Urinary perchlorate, nitrate and thiocyanate","CVD","Perchlorate_ln_U",-4.29746164892846,0.208369754821103,0.219558043599747
"C06","Urinary perchlorate, nitrate and thiocyanate","CVD","Perchlorate_ln_U",-4.07956313520176,0.182225724689177,0.200520606156273
"C06","Urinary perchlorate, nitrate and thiocyanate","CVD","Perchlorate_ln_U",-3.86166462147505,0.156958517512796,0.182392654979977
"C06","Urinary perchlorate, nitrate and thiocyanate","CVD","Perchlorate_ln_U",-3.64376610774835,0.132591812832513,0.165181583980986
"C06","Urinary perchlorate, nitrate and thiocyanate","CVD","Perchlorate_ln_U",-3.42586759402164,0.109148734524898,0.148894551274372
"C06","Urinary perchlorate, nitrate and thiocyanate","CVD","Perchlorate_ln_U",-3.20796908029494,0.0866518162327408,0.133538683714811
"C06","Urinary perchlorate, nitrate and thiocyanate","CVD","Perchlorate_ln_U",-2.99007056656823,0.0651229672307756,0.119121361519675
"C06","Urinary perchlorate, nitrate and thiocyanate","CVD","Perchlorate_ln_U",-2.77217205284152,0.0445834387874231,0.105650618649934
"C06","Urinary perchlorate, nitrate and thiocyanate","CVD","Perchlorate_ln_U",-2.55427353911482,0.0250537910026547,0.0931357083972137
"C06","Urinary perchlorate, nitrate and thiocyanate","CVD","Perchlorate_ln_U",-2.33637502538811,0.00655386034544936,0.0815879057574896
"C06","Urinary perchlorate, nitrate and thiocyanate","CVD","Perchlorate_ln_U",-2.11847651166141,-0.0108972721726541,0.0710216293019051
"C06","Urinary perchlorate, nitrate and thiocyanate","CVD","Perchlorate_ln_U",-1.9005779979347,-0.0272813120361288,0.0614559607937177
"C06","Urinary perchlorate, nitrate and thiocyanate","CVD","Perchlorate_ln_U",-1.682679484208,-0.0425807814646046,0.0529165478876046
"C06","Urinary perchlorate, nitrate and thiocyanate","CVD","Perchlorate_ln_U",-1.46478097048129,-0.0567790487575466,0.0454375628329098
"C06","Urinary perchlorate, nitrate and thiocyanate","CVD","Perchlorate_ln_U",-1.24688245675459,-0.0698603566702531,0.039062576179689
"C06","Urinary perchlorate, nitrate and thiocyanate","CVD","Perchlorate_ln_U",-1.02898394302788,-0.0818098497965538,0.0338415685172144
"C06","Urinary perchlorate, nitrate and thiocyanate","CVD","Perchlorate_ln_U",-0.811085429301174,-0.0926136008138894,0.0298192953169546
"C06","Urinary perchlorate, nitrate and thiocyanate","CVD","Perchlorate_ln_U",-0.593186915574469,-0.102258635645252,0.0270111107381091
"C06","Urinary perchlorate, nitrate and thiocyanate","CVD","Perchlorate_ln_U",-0.375288401847763,-0.110732957365008,0.0253725855728973
"C06","Urinary perchlorate, nitrate and thiocyanate","CVD","Perchlorate_ln_U",-0.157389888121058,-0.118025568840066,0.0247863884175542
"C06","Urinary perchlorate, nitrate and thiocyanate","CVD","Perchlorate_ln_U",0.0605086256056477,-0.124126494102615,0.0250884745207128
"C06","Urinary perchlorate, nitrate and thiocyanate","CVD","Perchlorate_ln_U",0.278407139332353,-0.129026798269505,0.0261219507742775
"C06","Urinary perchlorate, nitrate and thiocyanate","CVD","Perchlorate_ln_U",0.496305653059059,-0.132718606080602,0.0277821252301778
"C06","Urinary perchlorate, nitrate and thiocyanate","CVD","Perchlorate_ln_U",0.714204166785764,-0.135195118931544,0.030031499772192
"C06","Urinary perchlorate, nitrate and thiocyanate","CVD","Perchlorate_ln_U",0.93210268051247,-0.136450630398986,0.0328894687570291
"C06","Urinary perchlorate, nitrate and thiocyanate","CVD","Perchlorate_ln_U",1.15000119423918,-0.136480540197256,0.0364107297627276
"C06","Urinary perchlorate, nitrate and thiocyanate","CVD","Perchlorate_ln_U",1.36789970796588,-0.135281366487327,0.0406634113988105
"C06","Urinary perchlorate, nitrate and thiocyanate","CVD","Perchlorate_ln_U",1.58579822169259,-0.132850756598303,0.045712739243565
"C06","Urinary perchlorate, nitrate and thiocyanate","CVD","Perchlorate_ln_U",1.80369673541929,-0.129187495997119,0.051611948270801
"C06","Urinary perchlorate, nitrate and thiocyanate","CVD","Perchlorate_ln_U",2.021595249146,-0.124291515592468,0.0583993934544209
"C06","Urinary perchlorate, nitrate and thiocyanate","CVD","Perchlorate_ln_U",2.2394937628727,-0.118163897280878,0.0660995948976614
"C06","Urinary perchlorate, nitrate and thiocyanate","CVD","Perchlorate_ln_U",2.45739227659941,-0.110806877723034,0.0747260203390092
"C06","Urinary perchlorate, nitrate and thiocyanate","CVD","Perchlorate_ln_U",2.67529079032612,-0.102223850330125,0.0842841298961786
"C06","Urinary perchlorate, nitrate and thiocyanate","CVD","Perchlorate_ln_U",2.89318930405282,-0.0924193654695671,0.0947739660503274
"C06","Urinary perchlorate, nitrate and thiocyanate","CVD","Perchlorate_ln_U",3.11108781777953,-0.0813991288188332,0.106192086830295
"C06","Urinary perchlorate, nitrate and thiocyanate","CVD","Perchlorate_ln_U",3.32898633150623,-0.0691699979447491,0.118532892411729
"C06","Urinary perchlorate, nitrate and thiocyanate","CVD","Perchlorate_ln_U",3.54688484523294,-0.0557399769995146,0.13178948301256
"C06","Urinary perchlorate, nitrate and thiocyanate","CVD","Perchlorate_ln_U",3.76478335895964,-0.0411182096268674,0.145954184986525
"C06","Urinary perchlorate, nitrate and thiocyanate","CVD","Perchlorate_ln_U",3.98268187268635,-0.0253149700512059,0.161018856196669
"C06","Urinary perchlorate, nitrate and thiocyanate","CVD","Perchlorate_ln_U",4.20058038641305,-0.00834165230504258,0.176975050871325
"C06","Urinary perchlorate, nitrate and thiocyanate","CVD","Perchlorate_ln_U",4.41847890013976,0.00978924229689548,0.19381409614817
"C06","Urinary perchlorate, nitrate and thiocyanate","CVD","Perchlorate_ln_U",4.63637741386647,0.0290641195064794,0.211527116256259
"C06","Urinary perchlorate, nitrate and thiocyanate","CVD","Perchlorate_ln_U",4.85427592759317,0.049468308232671,0.230105025421857
"C06","Urinary perchlorate, nitrate and thiocyanate","CVD","Perchlorate_ln_U",5.07217444131988,0.0709860783954532,0.249538503718543
"C06","Urinary perchlorate, nitrate and thiocyanate","CVD","Perchlorate_ln_U",5.29007295504658,0.0936006604850137,0.269817963789557
"C06","Urinary perchlorate, nitrate and thiocyanate","CVD","Thiocyanate_ln_U",-3.85870883513258,0.00344753509021034,0.125066724556239
"C06","Urinary perchlorate, nitrate and thiocyanate","CVD","Thiocyanate_ln_U",-3.6924159087552,-0.00128412009721934,0.117228723795514
"C06","Urinary perchlorate, nitrate and thiocyanate","CVD","Thiocyanate_ln_U",-3.52612298237782,-0.00573325462865792,0.109689818289349
"C06","Urinary perchlorate, nitrate and thiocyanate","CVD","Thiocyanate_ln_U",-3.35983005600044,-0.0098989044413309,0.102450789695814
"C06","Urinary perchlorate, nitrate and thiocyanate","CVD","Thiocyanate_ln_U",-3.19353712962306,-0.0137801680879326,0.0955123020465986
"C06","Urinary perchlorate, nitrate and thiocyanate","CVD","Thiocyanate_ln_U",-3.02724420324568,-0.0173762071183861,0.0888749250372388
"C06","Urinary perchlorate, nitrate and thiocyanate","CVD","Thiocyanate_ln_U",-2.8609512768683,-0.0206862463434665,0.0825391728603325
"C06","Urinary perchlorate, nitrate and thiocyanate","CVD","Thiocyanate_ln_U",-2.69465835049092,-0.0237095741214097,0.0765055613995161
"C06","Urinary perchlorate, nitrate and thiocyanate","CVD","Thiocyanate_ln_U",-2.52836542411353,-0.0264455426285721,0.0707746917873806
"C06","Urinary perchlorate, nitrate and thiocyanate","CVD","Thiocyanate_ln_U",-2.36207249773615,-0.0288935680726516,0.0653473713433867
"C06","Urinary perchlorate, nitrate and thiocyanate","CVD","Thiocyanate_ln_U",-2.19577957135877,-0.0310531309096307,0.0602247824364188
"C06","Urinary perchlorate, nitrate and thiocyanate","CVD","Thiocyanate_ln_U",-2.02948664498139,-0.0329237760211156,0.0554087168152661
"C06","Urinary perchlorate, nitrate and thiocyanate","CVD","Thiocyanate_ln_U",-1.86319371860401,-0.0345051128988771,0.0509018915721158
"C06","Urinary perchlorate, nitrate and thiocyanate","CVD","Thiocyanate_ln_U",-1.69690079222663,-0.0357968157430157,0.0467083686681751
"C06","Urinary perchlorate, nitrate and thiocyanate","CVD","Thiocyanate_ln_U",-1.53060786584925,-0.0367986236113129,0.0428340871108235
"C06","Urinary perchlorate, nitrate and thiocyanate","CVD","Thiocyanate_ln_U",-1.36431493947186,-0.0375103404661234,0.0392875102916636
"C06","Urinary perchlorate, nitrate and thiocyanate","CVD","Thiocyanate_ln_U",-1.19802201309448,-0.0379318352856375,0.0360803398948679
"C06","Urinary perchlorate, nitrate and thiocyanate","CVD","Thiocyanate_ln_U",-1.0317290867171,-0.0380630420516406,0.0332281876269002
"C06","Urinary perchlorate, nitrate and thiocyanate","CVD","Thiocyanate_ln_U",-0.865436160339721,-0.0379039598303792,0.0307509550268713
"C06","Urinary perchlorate, nitrate and thiocyanate","CVD","Thiocyanate_ln_U",-0.69914323396234,-0.0374546526754624,0.0286725352121374
"C06","Urinary perchlorate, nitrate and thiocyanate","CVD","Thiocyanate_ln_U",-0.532850307584958,-0.0367152496820635,0.0270193009511106
"C06","Urinary perchlorate, nitrate and thiocyanate","CVD","Thiocyanate_ln_U",-0.366557381207577,-0.0356859448676432,0.0258169759311454
"C06","Urinary perchlorate, nitrate and thiocyanate","CVD","Thiocyanate_ln_U",-0.200264454830196,-0.0343669971252947,0.025086006306039
"C06","Urinary perchlorate, nitrate and thiocyanate","CVD","Thiocyanate_ln_U",-0.0339715284528146,-0.0327587300856931,0.0248365705899461
"C06","Urinary perchlorate, nitrate and thiocyanate","CVD","Thiocyanate_ln_U",0.132321397924567,-0.0308615320262233,0.0250652074193211
"C06","Urinary perchlorate, nitrate and thiocyanate","CVD","Thiocyanate_ln_U",0.298614324301948,-0.0286758556780518,0.0257548164085289
"C06","Urinary perchlorate, nitrate and thiocyanate","CVD","Thiocyanate_ln_U",0.464907250679329,-0.0262022180745167,0.0268781862920479
"C06","Urinary perchlorate, nitrate and thiocyanate","CVD","Thiocyanate_ln_U",0.63120017705671,-0.0234412003329489,0.0284034516041991
"C06","Urinary perchlorate, nitrate and thiocyanate","CVD","Thiocyanate_ln_U",0.797493103434092,-0.0203934474389817,0.0302993012520676
"C06","Urinary perchlorate, nitrate and thiocyanate","CVD","Thiocyanate_ln_U",0.963786029811473,-0.0170596679819108,0.0325385335275413
"C06","Urinary perchlorate, nitrate and thiocyanate","CVD","Thiocyanate_ln_U",1.13007895618885,-0.0134406339086688,0.0350996820422882
"C06","Urinary perchlorate, nitrate and thiocyanate","CVD","Thiocyanate_ln_U",1.29637188256624,-0.0095371801939339,0.0379671697107964
"C06","Urinary perchlorate, nitrate and thiocyanate","CVD","Thiocyanate_ln_U",1.46266480894362,-0.00535020455423618,0.0411306149278428
"C06","Urinary perchlorate, nitrate and thiocyanate","CVD","Thiocyanate_ln_U",1.628957735321,-0.000880667064134588,0.0445838048646816
"C06","Urinary perchlorate, nitrate and thiocyanate","CVD","Thiocyanate_ln_U",1.79525066169838,0.00387041017415024,0.0483236406683607
"C06","Urinary perchlorate, nitrate and thiocyanate","CVD","Thiocyanate_ln_U",1.96154358807576,0.00890194342193595,0.0523492107911285
"C06","Urinary perchlorate, nitrate and thiocyanate","CVD","Thiocyanate_ln_U",2.12783651445314,0.0142127877383613,0.0566610430229994
"C06","Urinary perchlorate, nitrate and thiocyanate","CVD","Thiocyanate_ln_U",2.29412944083052,0.0198017373949724,0.0612605322228264
"C06","Urinary perchlorate, nitrate and thiocyanate","CVD","Thiocyanate_ln_U",2.46042236720791,0.0256675263343169,0.0661495222562438
"C06","Urinary perchlorate, nitrate and thiocyanate","CVD","Thiocyanate_ln_U",2.62671529358529,0.0318088286442113,0.0713300117981856
"C06","Urinary perchlorate, nitrate and thiocyanate","CVD","Thiocyanate_ln_U",2.79300821996267,0.0382242590624551,0.0768039547270394
"C06","Urinary perchlorate, nitrate and thiocyanate","CVD","Thiocyanate_ln_U",2.95930114634005,0.0449123734921568,0.0825731309895474
"C06","Urinary perchlorate, nitrate and thiocyanate","CVD","Thiocyanate_ln_U",3.12559407271743,0.0518716695401471,0.0886390679589253
"C06","Urinary perchlorate, nitrate and thiocyanate","CVD","Thiocyanate_ln_U",3.29188699909481,0.0591005870845667,0.095002997527291
"C06","Urinary perchlorate, nitrate and thiocyanate","CVD","Thiocyanate_ln_U",3.45817992547219,0.0665975088585236,0.101665837420646
"C06","Urinary perchlorate, nitrate and thiocyanate","CVD","Thiocyanate_ln_U",3.62447285184957,0.0743607610292853,0.10862818822727
"C06","Urinary perchlorate, nitrate and thiocyanate","CVD","Thiocyanate_ln_U",3.79076577822696,0.0823886138519709,0.115890341394372
"C06","Urinary perchlorate, nitrate and thiocyanate","CVD","Thiocyanate_ln_U",3.95705870460434,0.0906792822809002,0.123452292517322
"C06","Urinary perchlorate, nitrate and thiocyanate","CVD","Thiocyanate_ln_U",4.12335163098172,0.0992309266655318,0.131313758746661
"C06","Urinary perchlorate, nitrate and thiocyanate","CVD","Thiocyanate_ln_U",4.2896445573591,0.108041653383423,0.139474196547436
"C06","Urinary perchlorate, nitrate and thiocyanate","LE8","Nitrate_ln_U",-6.95325882430079,-11.2848897384399,6.2302906899342
"C06","Urinary perchlorate, nitrate and thiocyanate","LE8","Nitrate_ln_U",-6.71516878233354,-10.7750326031552,5.73774883217883
"C06","Urinary perchlorate, nitrate and thiocyanate","LE8","Nitrate_ln_U",-6.47707874036629,-10.29145765494,5.28776664493417
"C06","Urinary perchlorate, nitrate and thiocyanate","LE8","Nitrate_ln_U",-6.23898869839904,-9.83100570916255,4.87822048130303
"C06","Urinary perchlorate, nitrate and thiocyanate","LE8","Nitrate_ln_U",-6.00089865643179,-9.39039734127239,4.50644558997799
"C06","Urinary perchlorate, nitrate and thiocyanate","LE8","Nitrate_ln_U",-5.76280861446453,-8.96627259083759,4.16930945858812
"C06","Urinary perchlorate, nitrate and thiocyanate","LE8","Nitrate_ln_U",-5.52471857249728,-8.55523194280276,3.86331924199159
"C06","Urinary perchlorate, nitrate and thiocyanate","LE8","Nitrate_ln_U",-5.28662853053003,-8.15387809841307,3.58475823524465
"C06","Urinary perchlorate, nitrate and thiocyanate","LE8","Nitrate_ln_U",-5.04853848856278,-7.7588580365542,3.3298407659271
"C06","Urinary perchlorate, nitrate and thiocyanate","LE8","Nitrate_ln_U",-4.81044844659553,-7.3669048590636,3.09487091434837
"C06","Urinary perchlorate, nitrate and thiocyanate","LE8","Nitrate_ln_U",-4.57235840462828,-6.97487891504517,2.87638944392314
"C06","Urinary perchlorate, nitrate and thiocyanate","LE8","Nitrate_ln_U",-4.33426836266102,-6.57980770664093,2.67129556901505
"C06","Urinary perchlorate, nitrate and thiocyanate","LE8","Nitrate_ln_U",-4.09617832069377,-6.1789240932893,2.47693490345466
"C06","Urinary perchlorate, nitrate and thiocyanate","LE8","Nitrate_ln_U",-3.85808827872652,-5.76970233456105,2.29115062798503
"C06","Urinary perchlorate, nitrate and thiocyanate","LE8","Nitrate_ln_U",-3.61999823675927,-5.34989153921595,2.11230008823297
"C06","Urinary perchlorate, nitrate and thiocyanate","LE8","Nitrate_ln_U",-3.38190819479202,-4.91754612120693,1.9392427041887
"C06","Urinary perchlorate, nitrate and thiocyanate","LE8","Nitrate_ln_U",-3.14381815282477,-4.47105290596348,1.77130701573645
"C06","Urinary perchlorate, nitrate and thiocyanate","LE8","Nitrate_ln_U",-2.90572811085751,-4.00915457088166,1.60824513639571
"C06","Urinary perchlorate, nitrate and thiocyanate","LE8","Nitrate_ln_U",-2.66763806889026,-3.53096915285495,1.45018246692286
"C06","Urinary perchlorate, nitrate and thiocyanate","LE8","Nitrate_ln_U",-2.42954802692301,-3.03600541054864,1.29756984262273
"C06","Urinary perchlorate, nitrate and thiocyanate","LE8","Nitrate_ln_U",-2.19145798495576,-2.52417387666645,1.15114482025787
"C06","Urinary perchlorate, nitrate and thiocyanate","LE8","Nitrate_ln_U",-1.95336794298851,-1.99579349608601,1.0119090802137
"C06","Urinary perchlorate, nitrate and thiocyanate","LE8","Nitrate_ln_U",-1.71527790102126,-1.45159379618089,0.88112991147353
"C06","Urinary perchlorate, nitrate and thiocyanate","LE8","Nitrate_ln_U",-1.477187859054,-0.892712596250405,0.76037488750525
"C06","Urinary perchlorate, nitrate and thiocyanate","LE8","Nitrate_ln_U",-1.23909781708675,-0.320689312868694,0.651586015836206
"C06","Urinary perchlorate, nitrate and thiocyanate","LE8","Nitrate_ln_U",-1.0010077751195,0.262546027350723,0.557179535295773
"C06","Urinary perchlorate, nitrate and thiocyanate","LE8","Nitrate_ln_U",-0.762917733152249,0.854687906728614,0.480086293909444
"C06","Urinary perchlorate, nitrate and thiocyanate","LE8","Nitrate_ln_U",-0.524827691184997,1.45307436126107,0.423486605452414
"C06","Urinary perchlorate, nitrate and thiocyanate","LE8","Nitrate_ln_U",-0.286737649217746,2.05470969914674,0.389871288110631
"C06","Urinary perchlorate, nitrate and thiocyanate","LE8","Nitrate_ln_U",-0.0486476072504933,2.65629060666161,0.379560044623071
"C06","Urinary perchlorate, nitrate and thiocyanate","LE8","Nitrate_ln_U",0.189442434716758,3.25423531864155,0.390060456174976
"C06","Urinary perchlorate, nitrate and thiocyanate","LE8","Nitrate_ln_U",0.42753247668401,3.84471550379777,0.417450210875452
"C06","Urinary perchlorate, nitrate and thiocyanate","LE8","Nitrate_ln_U",0.665622518651261,4.42369049015657,0.458597593560698
"C06","Urinary perchlorate, nitrate and thiocyanate","LE8","Nitrate_ln_U",0.903712560618513,4.98694344146648,0.512411018545723
"C06","Urinary perchlorate, nitrate and thiocyanate","LE8","Nitrate_ln_U",1.14180260258577,5.53011907693592,0.579874206668999
"C06","Urinary perchlorate, nitrate and thiocyanate","LE8","Nitrate_ln_U",1.37989264455302,6.04876252733071,0.663471539083209
"C06","Urinary perchlorate, nitrate and thiocyanate","LE8","Nitrate_ln_U",1.61798268652027,6.538358912303,0.766477210439589
"C06","Urinary perchlorate, nitrate and thiocyanate","LE8","Nitrate_ln_U",1.85607272848752,6.99437323087085,0.892346857190847
"C06","Urinary perchlorate, nitrate and thiocyanate","LE8","Nitrate_ln_U",2.09416277045477,7.41229016166376,1.04431866852923
"C06","Urinary perchlorate, nitrate and thiocyanate","LE8","Nitrate_ln_U",2.33225281242202,7.7876533860159,1.22523327373378
"C06","Urinary perchlorate, nitrate and thiocyanate","LE8","Nitrate_ln_U",2.57034285438928,8.11610406008164,1.43751184309025
"C06","Urinary perchlorate, nitrate and thiocyanate","LE8","Nitrate_ln_U",2.80843289635653,8.39341808352782,1.68321176301381
"C06","Urinary perchlorate, nitrate and thiocyanate","LE8","Nitrate_ln_U",3.04652293832378,8.61554183474662,1.96409883183289
"C06","Urinary perchlorate, nitrate and thiocyanate","LE8","Nitrate_ln_U",3.28461298029103,8.7786260692324,2.28170514902683
"C06","Urinary perchlorate, nitrate and thiocyanate","LE8","Nitrate_ln_U",3.52270302225828,8.87905770568031,2.63736409394973
"C06","Urinary perchlorate, nitrate and thiocyanate","LE8","Nitrate_ln_U",3.76079306422553,8.91348925330956,3.0322247414607
"C06","Urinary perchlorate, nitrate and thiocyanate","LE8","Nitrate_ln_U",3.99888310619279,8.87886566545913,3.46725144841135
"C06","Urinary perchlorate, nitrate and thiocyanate","LE8","Nitrate_ln_U",4.23697314816004,8.77244843660675,3.94321421802306
"C06","Urinary perchlorate, nitrate and thiocyanate","LE8","Nitrate_ln_U",4.47506319012729,8.59183679212619,4.46067423555569
"C06","Urinary perchlorate, nitrate and thiocyanate","LE8","Nitrate_ln_U",4.71315323209454,8.33498585180037,5.0199676987614
"C06","Urinary perchlorate, nitrate and thiocyanate","LE8","Perchlorate_ln_U",-5.28833719105134,1.80656368625948,9.93930950559308
"C06","Urinary perchlorate, nitrate and thiocyanate","LE8","Perchlorate_ln_U",-5.04875603379553,1.58262628147943,8.92773981153936
"C06","Urinary perchlorate, nitrate and thiocyanate","LE8","Perchlorate_ln_U",-4.80917487653972,1.32578264341898,7.96924736299464
"C06","Urinary perchlorate, nitrate and thiocyanate","LE8","Perchlorate_ln_U",-4.5695937192839,1.0482353183465,7.06671067931063
"C06","Urinary perchlorate, nitrate and thiocyanate","LE8","Perchlorate_ln_U",-4.33001256202809,0.762087153284099,6.22245407386252
"C06","Urinary perchlorate, nitrate and thiocyanate","LE8","Perchlorate_ln_U",-4.09043140477228,0.479134790925215,5.43822872546044
"C06","Urinary perchlorate, nitrate and thiocyanate","LE8","Perchlorate_ln_U",-3.85085024751647,0.210663368186189,4.7152036137428
"C06","Urinary perchlorate, nitrate and thiocyanate","LE8","Perchlorate_ln_U",-3.61126909026066,-0.0327537869144692,4.0539667890127
"C06","Urinary perchlorate, nitrate and thiocyanate","LE8","Perchlorate_ln_U",-3.37168793300484,-0.241446671786193,3.45453725037195
"C06","Urinary perchlorate, nitrate and thiocyanate","LE8","Perchlorate_ln_U",-3.13210677574903,-0.406827630726838,2.91638736263205
"C06","Urinary perchlorate, nitrate and thiocyanate","LE8","Perchlorate_ln_U",-2.89252561849322,-0.521554340997966,2.43847511486216
"C06","Urinary perchlorate, nitrate and thiocyanate","LE8","Perchlorate_ln_U",-2.65294446123741,-0.579673464376143,2.01928417166671
"C06","Urinary perchlorate, nitrate and thiocyanate","LE8","Perchlorate_ln_U",-2.4133633039816,-0.576741987940636,1.65686682356908
"C06","Urinary perchlorate, nitrate and thiocyanate","LE8","Perchlorate_ln_U",-2.17378214672579,-0.509923660567438,1.3488790602746
"C06","Urinary perchlorate, nitrate and thiocyanate","LE8","Perchlorate_ln_U",-1.93420098946997,-0.378058388578651,1.09258632559309
"C06","Urinary perchlorate, nitrate and thiocyanate","LE8","Perchlorate_ln_U",-1.69461983221416,-0.181702950903386,0.884803695629409
"C06","Urinary perchlorate, nitrate and thiocyanate","LE8","Perchlorate_ln_U",-1.45503867495835,0.0768580556714653,0.721729551414708
"C06","Urinary perchlorate, nitrate and thiocyanate","LE8","Perchlorate_ln_U",-1.21545751770254,0.393631559533077,0.598683714026203
"C06","Urinary perchlorate, nitrate and thiocyanate","LE8","Perchlorate_ln_U",-0.975876360446726,0.762965569811911,0.50993122369729
"C06","Urinary perchlorate, nitrate and thiocyanate","LE8","Perchlorate_ln_U",-0.736295203190915,1.17762827124761,0.448978977134607
"C06","Urinary perchlorate, nitrate and thiocyanate","LE8","Perchlorate_ln_U",-0.496714045935103,1.62891540112511,0.409596664762019
"C06","Urinary perchlorate, nitrate and thiocyanate","LE8","Perchlorate_ln_U",-0.257132888679291,2.10678408576713,0.387165037199397
"C06","Urinary perchlorate, nitrate and thiocyanate","LE8","Perchlorate_ln_U",-0.0175517314234792,2.60001078519188,0.379483892386835
"C06","Urinary perchlorate, nitrate and thiocyanate","LE8","Perchlorate_ln_U",0.222029425832332,3.09637051853252,0.386504028682775
"C06","Urinary perchlorate, nitrate and thiocyanate","LE8","Perchlorate_ln_U",0.461610583088144,3.58283411939514,0.409190304268575
"C06","Urinary perchlorate, nitrate and thiocyanate","LE8","Perchlorate_ln_U",0.701191740343956,4.04577991964595,0.448286877371827
"C06","Urinary perchlorate, nitrate and thiocyanate","LE8","Perchlorate_ln_U",0.940772897599768,4.47121598759955,0.503750031369429
"C06","Urinary perchlorate, nitrate and thiocyanate","LE8","Perchlorate_ln_U",1.18035405485558,4.84500885176159,0.574963222266501
"C06","Urinary perchlorate, nitrate and thiocyanate","LE8","Perchlorate_ln_U",1.41993521211139,5.15311453537707,0.661267903089426
"C06","Urinary perchlorate, nitrate and thiocyanate","LE8","Perchlorate_ln_U",1.6595163693672,5.38180771588594,0.76238362585521
"C06","Urinary perchlorate, nitrate and thiocyanate","LE8","Perchlorate_ln_U",1.89909752662301,5.51790488608287,0.878602821357396
"C06","Urinary perchlorate, nitrate and thiocyanate","LE8","Perchlorate_ln_U",2.13867868387883,5.54897755860921,1.01081839392211
"C06","Urinary perchlorate, nitrate and thiocyanate","LE8","Perchlorate_ln_U",2.37825984113464,5.4635517899963,1.16046202523778
"C06","Urinary perchlorate, nitrate and thiocyanate","LE8","Perchlorate_ln_U",2.61784099839045,5.25129061198338,1.3294039996436
"C06","Urinary perchlorate, nitrate and thiocyanate","LE8","Perchlorate_ln_U",2.85742215564626,4.90315634265306,1.5198421481152
"C06","Urinary perchlorate, nitrate and thiocyanate","LE8","Perchlorate_ln_U",3.09700331290207,4.41155018066307,1.73419485508544
"C06","Urinary perchlorate, nitrate and thiocyanate","LE8","Perchlorate_ln_U",3.33658447015789,3.77042697282337,1.97500605793299
"C06","Urinary perchlorate, nitrate and thiocyanate","LE8","Perchlorate_ln_U",3.5761656274137,2.97538355945028,2.24486560604485
"C06","Urinary perchlorate, nitrate and thiocyanate","LE8","Perchlorate_ln_U",3.81574678466951,2.0237196440132,2.54634486827641
"C06","Urinary perchlorate, nitrate and thiocyanate","LE8","Perchlorate_ln_U",4.05532794192532,0.914470675931071,2.88194515942459
"C06","Urinary perchlorate, nitrate and thiocyanate","LE8","Perchlorate_ln_U",4.29490909918113,-0.351587209797245,3.25405535082713
"C06","Urinary perchlorate, nitrate and thiocyanate","LE8","Perchlorate_ln_U",4.53449025643694,-1.77195963285695,3.66491499614278
"C06","Urinary perchlorate, nitrate and thiocyanate","LE8","Perchlorate_ln_U",4.77407141369276,-3.34248271414226,4.11657994189301
"C06","Urinary perchlorate, nitrate and thiocyanate","LE8","Perchlorate_ln_U",5.01365257094857,-5.05739659026864,4.61088845247662
"C06","Urinary perchlorate, nitrate and thiocyanate","LE8","Perchlorate_ln_U",5.25323372820438,-6.90944174012847,5.1494269734154
"C06","Urinary perchlorate, nitrate and thiocyanate","LE8","Perchlorate_ln_U",5.49281488546019,-8.88997579764548,5.73349558817023
"C06","Urinary perchlorate, nitrate and thiocyanate","LE8","Perchlorate_ln_U",5.732396042716,-10.9891082234476,6.36407391339829
"C06","Urinary perchlorate, nitrate and thiocyanate","LE8","Perchlorate_ln_U",5.97197719997181,-13.1958499641287,7.04178859037463
"C06","Urinary perchlorate, nitrate and thiocyanate","LE8","Perchlorate_ln_U",6.21155835722763,-15.4982750565049,7.76688371377252
"C06","Urinary perchlorate, nitrate and thiocyanate","LE8","Perchlorate_ln_U",6.45113951448344,-17.8836910289397,8.53919553473354
"C06","Urinary perchlorate, nitrate and thiocyanate","LE8","Thiocyanate_ln_U",-4.38337435806132,-4.46250047294086,5.94312532801523
"C06","Urinary perchlorate, nitrate and thiocyanate","LE8","Thiocyanate_ln_U",-4.20602364546132,-3.01373477947057,5.37603273207457
"C06","Urinary perchlorate, nitrate and thiocyanate","LE8","Thiocyanate_ln_U",-4.02867293286131,-1.63145765203383,4.84189096064454
"C06","Urinary perchlorate, nitrate and thiocyanate","LE8","Thiocyanate_ln_U",-3.85132222026131,-0.320345059270096,4.34107764972256
"C06","Urinary perchlorate, nitrate and thiocyanate","LE8","Thiocyanate_ln_U",-3.6739715076613,0.915203732111664,3.87379808243399
"C06","Urinary perchlorate, nitrate and thiocyanate","LE8","Thiocyanate_ln_U",-3.4966207950613,2.07109921994478,3.44008326479476
"C06","Urinary perchlorate, nitrate and thiocyanate","LE8","Thiocyanate_ln_U",-3.3192700824613,3.14359302015529,3.03978885364078
"C06","Urinary perchlorate, nitrate and thiocyanate","LE8","Thiocyanate_ln_U",-3.14191936986129,4.12930718640416,2.67259481559799
"C06","Urinary perchlorate, nitrate and thiocyanate","LE8","Thiocyanate_ln_U",-2.96456865726129,5.02526118314961,2.33800562786121
"C06","Urinary perchlorate, nitrate and thiocyanate","LE8","Thiocyanate_ln_U",-2.78721794466128,5.82889621599462,2.03535074792745
"C06","Urinary perchlorate, nitrate and thiocyanate","LE8","Thiocyanate_ln_U",-2.60986723206128,6.53809664408485,1.76378498471653
"C06","Urinary perchlorate, nitrate and thiocyanate","LE8","Thiocyanate_ln_U",-2.43251651946128,7.15120822297675,1.52228833895265
"C06","Urinary perchlorate, nitrate and thiocyanate","LE8","Thiocyanate_ln_U",-2.25516580686127,7.66705295232701,1.30966494432119
"C06","Urinary perchlorate, nitrate and thiocyanate","LE8","Thiocyanate_ln_U",-2.07781509426127,8.08494033626134,1.12454108082593
"C06","Urinary perchlorate, nitrate and thiocyanate","LE8","Thiocyanate_ln_U",-1.90046438166126,8.404674892572,0.965363244245354
"C06","Urinary perchlorate, nitrate and thiocyanate","LE8","Thiocyanate_ln_U",-1.72311366906126,8.62655978905681,0.830399170123631
"C06","Urinary perchlorate, nitrate and thiocyanate","LE8","Thiocyanate_ln_U",-1.54576295646126,8.75139651668847,0.717747838285297
"C06","Urinary perchlorate, nitrate and thiocyanate","LE8","Thiocyanate_ln_U",-1.36841224386125,8.78048055190769,0.625367691230139
"C06","Urinary perchlorate, nitrate and thiocyanate","LE8","Thiocyanate_ln_U",-1.19106153126125,8.71559300221089,0.551132765133036
"C06","Urinary perchlorate, nitrate and thiocyanate","LE8","Thiocyanate_ln_U",-1.01371081866124,8.55898826635503,0.49291978565191
"C06","Urinary perchlorate, nitrate and thiocyanate","LE8","Thiocyanate_ln_U",-0.83636010606124,8.31337778597046,0.448713287788125
"C06","Urinary perchlorate, nitrate and thiocyanate","LE8","Thiocyanate_ln_U",-0.659009393461236,7.9819100044904,0.416697363150217
"C06","Urinary perchlorate, nitrate and thiocyanate","LE8","Thiocyanate_ln_U",-0.481658680861232,7.56814668971558,0.395297758806799
"C06","Urinary perchlorate, nitrate and thiocyanate","LE8","Thiocyanate_ln_U",-0.304307968261228,7.0760358156228,0.383159807188766
"C06","Urinary perchlorate, nitrate and thiocyanate","LE8","Thiocyanate_ln_U",-0.126957255661225,6.50988123761886,0.379088235311619
"C06","Urinary perchlorate, nitrate and thiocyanate","LE8","Thiocyanate_ln_U",0.0503934569387798,5.87430942644141,0.382005134484261
"C06","Urinary perchlorate, nitrate and thiocyanate","LE8","Thiocyanate_ln_U",0.227744169538783,5.17423356338143,0.390976782869313
"C06","Urinary perchlorate, nitrate and thiocyanate","LE8","Thiocyanate_ln_U",0.405094882138788,4.41481532314404,0.405324697976753
"C06","Urinary perchlorate, nitrate and thiocyanate","LE8","Thiocyanate_ln_U",0.582445594738791,3.60142470109695,0.424799144981611
"C06","Urinary perchlorate, nitrate and thiocyanate","LE8","Thiocyanate_ln_U",0.759796307338796,2.73959825728714,0.449773213473367
"C06","Urinary perchlorate, nitrate and thiocyanate","LE8","Thiocyanate_ln_U",0.937147019938799,1.8349961738071,0.481406140679436
"C06","Urinary perchlorate, nitrate and thiocyanate","LE8","Thiocyanate_ln_U",1.1144977325388,0.893358528924182,0.521716446521878
"C06","Urinary perchlorate, nitrate and thiocyanate","LE8","Thiocyanate_ln_U",1.29184844513881,-0.0795387977554896,0.573506281286745
"C06","Urinary perchlorate, nitrate and thiocyanate","LE8","Thiocyanate_ln_U",1.46919915773881,-1.07792816908032,0.640113387243912
"C06","Urinary perchlorate, nitrate and thiocyanate","LE8","Thiocyanate_ln_U",1.64654987033882,-2.09609376981095,0.725043282171823
"C06","Urinary perchlorate, nitrate and thiocyanate","LE8","Thiocyanate_ln_U",1.82390058293882,-3.12841430760214,0.831604608878071
"C06","Urinary perchlorate, nitrate and thiocyanate","LE8","Thiocyanate_ln_U",2.00125129553882,-4.16940443756091,0.96266766605906
"C06","Urinary perchlorate, nitrate and thiocyanate","LE8","Thiocyanate_ln_U",2.17860200813883,-5.21375452442501,1.12058645082622
"C06","Urinary perchlorate, nitrate and thiocyanate","LE8","Thiocyanate_ln_U",2.35595272073883,-6.25636837651827,1.30724133746601
"C06","Urinary perchlorate, nitrate and thiocyanate","LE8","Thiocyanate_ln_U",2.53330343333884,-7.29239860932448,1.52413115896584
"C06","Urinary perchlorate, nitrate and thiocyanate","LE8","Thiocyanate_ln_U",2.71065414593884,-8.31727932338381,1.77246260102777
"C06","Urinary perchlorate, nitrate and thiocyanate","LE8","Thiocyanate_ln_U",2.88800485853884,-9.32675581257016,2.05321526053707
"C06","Urinary perchlorate, nitrate and thiocyanate","LE8","Thiocyanate_ln_U",3.06535557113885,-10.3169110514358,2.36718088047821
"C06","Urinary perchlorate, nitrate and thiocyanate","LE8","Thiocyanate_ln_U",3.24270628373885,-11.2841887478441,2.71498316985135
"C06","Urinary perchlorate, nitrate and thiocyanate","LE8","Thiocyanate_ln_U",3.42005699633886,-12.2254127838324,3.09708544318967
"C06","Urinary perchlorate, nitrate and thiocyanate","LE8","Thiocyanate_ln_U",3.59740770893886,-13.1378029092155,3.51379165473801
"C06","Urinary perchlorate, nitrate and thiocyanate","LE8","Thiocyanate_ln_U",3.77475842153886,-14.0189865919906,3.9652444649352
"C06","Urinary perchlorate, nitrate and thiocyanate","LE8","Thiocyanate_ln_U",3.95210913413887,-14.8670069740937,4.45142250801458
"C06","Urinary perchlorate, nitrate and thiocyanate","LE8","Thiocyanate_ln_U",4.12945984673887,-15.6803269173235,4.97213804541813
"C06","Urinary perchlorate, nitrate and thiocyanate","LE8","Thiocyanate_ln_U",4.30681055933888,-16.4578291722189,5.52703563098262
