exposure,module_rds,matrix,transform,n_measured_2013_2014,n_measured_2015_2016,cycle,source_xpt,weight_xpt,weight_var,n_measured,source_exists,weight_exists,validation_note,analysis_status,analysis_note,n_eligible_cycles,combined_weight_divisor,analysis_weight_rule
A_a_C_binary_U,AA_urine.rds,urine,binary_above_detection_threshold,2568,0,2013-2014,芳香胺/HCAA_2013-2014.xpt,,WTSA2YR,2568,TRUE,TRUE,validated_against_local_xpt,ready,,1,1,cycle-specific 2-year weight (no division)
A_a_C_binary_U,AA_urine.rds,urine,binary_above_detection_threshold,2568,0,2015-2016,,,,0,,,not_observed_this_cycle,not_observed_this_cycle,,1,1,cycle-specific 2-year weight (no division)
As_III_binary_U,HM_urine.rds,urine,binary_above_detection_threshold,2654,3094,2013-2014,重金属/urine/UAS_H.xpt,,WTSA2YR,2654,TRUE,TRUE,validated_against_local_xpt,ready,,2,2,cycle-specific 2-year weight / 2
As_III_binary_U,HM_urine.rds,urine,binary_above_detection_threshold,2654,3094,2015-2016,重金属/urine/UAS_I.xpt,,WTSA2YR,3094,TRUE,TRUE,validated_against_local_xpt,ready,,2,2,cycle-specific 2-year weight / 2
AsB_binary_U,HM_urine.rds,urine,binary_above_detection_threshold,2654,3094,2013-2014,重金属/urine/UAS_H.xpt,,WTSA2YR,2654,TRUE,TRUE,validated_against_local_xpt,ready,,2,2,cycle-specific 2-year weight / 2
AsB_binary_U,HM_urine.rds,urine,binary_above_detection_threshold,2654,3094,2015-2016,重金属/urine/UAS_I.xpt,,WTSA2YR,3094,TRUE,TRUE,validated_against_local_xpt,ready,,2,2,cycle-specific 2-year weight / 2
AsC_binary_U,HM_urine.rds,urine,binary_above_detection_threshold,2654,3094,2013-2014,重金属/urine/UAS_H.xpt,,WTSA2YR,2654,TRUE,TRUE,validated_against_local_xpt,ready,,2,2,cycle-specific 2-year weight / 2
AsC_binary_U,HM_urine.rds,urine,binary_above_detection_threshold,2654,3094,2015-2016,重金属/urine/UAS_I.xpt,,WTSA2YR,3094,TRUE,TRUE,validated_against_local_xpt,ready,,2,2,cycle-specific 2-year weight / 2
ATCA_ln_U,VOC_urine.rds,urine,natural_log_transformed,2522,3012,2013-2014,VOC/urine/UVOC_H.xpt,,WTSA2YR,2522,TRUE,TRUE,validated_against_local_xpt,ready,,2,2,cycle-specific 2-year weight / 2
ATCA_ln_U,VOC_urine.rds,urine,natural_log_transformed,2522,3012,2015-2016,VOC/urine/UVOC_I.xpt,,WTSA2YR,3012,TRUE,TRUE,validated_against_local_xpt,ready,,2,2,cycle-specific 2-year weight / 2
Ba_ln_U,HM_urine.rds,urine,natural_log_transformed,2663,3058,2013-2014,重金属/urine/UHM_H.xpt,,WTSA2YR,2663,TRUE,TRUE,validated_against_local_xpt,ready,,2,2,cycle-specific 2-year weight / 2
Ba_ln_U,HM_urine.rds,urine,natural_log_transformed,2663,3058,2015-2016,重金属/urine/UHM_I.xpt,,WTSA2YR,3058,TRUE,TRUE,validated_against_local_xpt,ready,,2,2,cycle-specific 2-year weight / 2
BCETP_ln_U,BFR_urine.rds,urine,natural_log_transformed,2302,2429,2013-2014,阻燃剂/SSFLRT_H.xpt,,WTSSCH2Y,2302,TRUE,TRUE,validated_against_local_xpt,ready,,2,2,cycle-specific 2-year weight / 2
BCETP_ln_U,BFR_urine.rds,urine,natural_log_transformed,2302,2429,2015-2016,阻燃剂/SSFR_I.xpt,,WTSSBI2Y,2429,TRUE,TRUE,validated_against_local_xpt,ready,,2,2,cycle-specific 2-year weight / 2
BCPP_binary_U,BFR_urine.rds,urine,binary_above_detection_threshold,2316,2430,2013-2014,阻燃剂/SSFLRT_H.xpt,,WTSSCH2Y,2316,TRUE,TRUE,validated_against_local_xpt,ready,,2,2,cycle-specific 2-year weight / 2
BCPP_binary_U,BFR_urine.rds,urine,binary_above_detection_threshold,2316,2430,2015-2016,阻燃剂/SSFR_I.xpt,,WTSSBI2Y,2430,TRUE,TRUE,validated_against_local_xpt,ready,,2,2,cycle-specific 2-year weight / 2
BDCM_binary_S,VOC_serum.rds,serum,binary_above_detection_threshold,3160,3077,2013-2014,VOC/serum/VOCWB_H.xpt,,WTSVOC2Y,3160,TRUE,TRUE,validated_against_local_xpt,ready,,2,2,cycle-specific 2-year weight / 2
BDCM_binary_S,VOC_serum.rds,serum,binary_above_detection_threshold,3160,3077,2015-2016,VOC/serum/VOCWB_I.xpt,,WTSVOC2Y,3077,TRUE,TRUE,validated_against_local_xpt,ready,,2,2,cycle-specific 2-year weight / 2
BDCPP_ln_U,BFR_urine.rds,urine,natural_log_transformed,2298,2429,2013-2014,阻燃剂/SSFLRT_H.xpt,,WTSSCH2Y,2298,TRUE,TRUE,validated_against_local_xpt,ready,,2,2,cycle-specific 2-year weight / 2
BDCPP_ln_U,BFR_urine.rds,urine,natural_log_transformed,2298,2429,2015-2016,阻燃剂/SSFR_I.xpt,,WTSSBI2Y,2429,TRUE,TRUE,validated_against_local_xpt,ready,,2,2,cycle-specific 2-year weight / 2
Benzene_binary_S,VOC_serum.rds,serum,binary_above_detection_threshold,3094,3038,2013-2014,VOC/serum/VOCWB_H.xpt,,WTSVOC2Y,3094,TRUE,TRUE,validated_against_local_xpt,ready,,2,2,cycle-specific 2-year weight / 2
Benzene_binary_S,VOC_serum.rds,serum,binary_above_detection_threshold,3094,3038,2015-2016,VOC/serum/VOCWB_I.xpt,,WTSVOC2Y,3038,TRUE,TRUE,validated_against_local_xpt,ready,,2,2,cycle-specific 2-year weight / 2
BMA_ln_U,VOC_urine.rds,urine,natural_log_transformed,2621,3011,2013-2014,VOC/urine/UVOC_H.xpt,,WTSA2YR,2621,TRUE,TRUE,validated_against_local_xpt,ready,,2,2,cycle-specific 2-year weight / 2
BMA_ln_U,VOC_urine.rds,urine,natural_log_transformed,2621,3011,2015-2016,VOC/urine/UVOC_I.xpt,,WTSA2YR,3011,TRUE,TRUE,validated_against_local_xpt,ready,,2,2,cycle-specific 2-year weight / 2
BP3_ln_U,PCCP_urine.rds,urine,natural_log_transformed,2684,2650,2013-2014,个人护理产品/EP_PP_2013-2014.xpt,,WTSB2YR,2684,TRUE,TRUE,validated_against_local_xpt,ready,,2,2,cycle-specific 2-year weight / 2
BP3_ln_U,PCCP_urine.rds,urine,natural_log_transformed,2684,2650,2015-2016,个人护理产品/EP_PP_2015-2016.xpt,,WTSB2YR,2650,TRUE,TRUE,validated_against_local_xpt,ready,,2,2,cycle-specific 2-year weight / 2
BPA_ln_U,PCCP_urine.rds,urine,natural_log_transformed,2684,2650,2013-2014,个人护理产品/EP_PP_2013-2014.xpt,,WTSB2YR,2684,TRUE,TRUE,validated_against_local_xpt,ready,,2,2,cycle-specific 2-year weight / 2
BPA_ln_U,PCCP_urine.rds,urine,natural_log_transformed,2684,2650,2015-2016,个人护理产品/EP_PP_2015-2016.xpt,,WTSB2YR,2650,TRUE,TRUE,validated_against_local_xpt,ready,,2,2,cycle-specific 2-year weight / 2
BPF_binary_U,PCCP_urine.rds,urine,binary_above_detection_threshold,2682,2651,2013-2014,个人护理产品/EP_PP_2013-2014.xpt,,WTSB2YR,2682,TRUE,TRUE,validated_against_local_xpt,ready,,2,2,cycle-specific 2-year weight / 2
BPF_binary_U,PCCP_urine.rds,urine,binary_above_detection_threshold,2682,2651,2015-2016,个人护理产品/EP_PP_2015-2016.xpt,,WTSB2YR,2651,TRUE,TRUE,validated_against_local_xpt,ready,,2,2,cycle-specific 2-year weight / 2
BPS_ln_U,PCCP_urine.rds,urine,natural_log_transformed,2680,2650,2013-2014,个人护理产品/EP_PP_2013-2014.xpt,,WTSB2YR,2680,TRUE,TRUE,validated_against_local_xpt,ready,,2,2,cycle-specific 2-year weight / 2
BPS_ln_U,PCCP_urine.rds,urine,natural_log_transformed,2680,2650,2015-2016,个人护理产品/EP_PP_2015-2016.xpt,,WTSB2YR,2650,TRUE,TRUE,validated_against_local_xpt,ready,,2,2,cycle-specific 2-year weight / 2
BuP_binary_U,PCCP_urine.rds,urine,binary_above_detection_threshold,2686,2651,2013-2014,个人护理产品/EP_PP_2013-2014.xpt,,WTSB2YR,2686,TRUE,TRUE,validated_against_local_xpt,ready,,2,2,cycle-specific 2-year weight / 2
BuP_binary_U,PCCP_urine.rds,urine,binary_above_detection_threshold,2686,2651,2015-2016,个人护理产品/EP_PP_2015-2016.xpt,,WTSB2YR,2651,TRUE,TRUE,validated_against_local_xpt,ready,,2,2,cycle-specific 2-year weight / 2
Cd_ln_S,HM_serum.rds,serum,natural_log_transformed,5215,4988,2013-2014,重金属/serum/PBCD_H.xpt,,WTSH2YR,5215,TRUE,TRUE,validated_against_local_xpt,ready,,2,2,cycle-specific 2-year weight / 2
Cd_ln_S,HM_serum.rds,serum,natural_log_transformed,5215,4988,2015-2016,重金属/serum/PBCD_I.xpt,,WTSH2YR,4988,TRUE,TRUE,validated_against_local_xpt,ready,,2,2,cycle-specific 2-year weight / 2
Cd_ln_U,HM_urine.rds,urine,natural_log_transformed,2663,3058,2013-2014,重金属/urine/UHM_H.xpt,,WTSA2YR,2663,TRUE,TRUE,validated_against_local_xpt,ready,,2,2,cycle-specific 2-year weight / 2
Cd_ln_U,HM_urine.rds,urine,natural_log_transformed,2663,3058,2015-2016,重金属/urine/UHM_I.xpt,,WTSA2YR,3058,TRUE,TRUE,validated_against_local_xpt,ready,,2,2,cycle-specific 2-year weight / 2
CEMA_AAM_ln_U,VOC_urine.rds,urine,natural_log_transformed,2510,3012,2013-2014,VOC/urine/UVOC_H.xpt,,WTSA2YR,2510,TRUE,TRUE,validated_against_local_xpt,ready,,2,2,cycle-specific 2-year weight / 2
CEMA_AAM_ln_U,VOC_urine.rds,urine,natural_log_transformed,2510,3012,2015-2016,VOC/urine/UVOC_I.xpt,,WTSA2YR,3012,TRUE,TRUE,validated_against_local_xpt,ready,,2,2,cycle-specific 2-year weight / 2
CEMA_CEM_ln_U,VOC_urine.rds,urine,natural_log_transformed,2608,3012,2013-2014,VOC/urine/UVOC_H.xpt,,WTSA2YR,2608,TRUE,TRUE,validated_against_local_xpt,ready,,2,2,cycle-specific 2-year weight / 2
CEMA_CEM_ln_U,VOC_urine.rds,urine,natural_log_transformed,2608,3012,2015-2016,VOC/urine/UVOC_I.xpt,,WTSA2YR,3012,TRUE,TRUE,validated_against_local_xpt,ready,,2,2,cycle-specific 2-year weight / 2
CEMA_CYM_ln_U,VOC_urine.rds,urine,natural_log_transformed,2575,3012,2013-2014,VOC/urine/UVOC_H.xpt,,WTSA2YR,2575,TRUE,TRUE,validated_against_local_xpt,ready,,2,2,cycle-specific 2-year weight / 2
CEMA_CYM_ln_U,VOC_urine.rds,urine,natural_log_transformed,2575,3012,2015-2016,VOC/urine/UVOC_I.xpt,,WTSA2YR,3012,TRUE,TRUE,validated_against_local_xpt,ready,,2,2,cycle-specific 2-year weight / 2
Chloroform_binary_S,VOC_serum.rds,serum,binary_above_detection_threshold,3136,2989,2013-2014,VOC/serum/VOCWB_H.xpt,,WTSVOC2Y,3136,TRUE,TRUE,validated_against_local_xpt,ready,,2,2,cycle-specific 2-year weight / 2
Chloroform_binary_S,VOC_serum.rds,serum,binary_above_detection_threshold,3136,2989,2015-2016,VOC/serum/VOCWB_I.xpt,,WTSVOC2Y,2989,TRUE,TRUE,validated_against_local_xpt,ready,,2,2,cycle-specific 2-year weight / 2
CMAC_ln_U,VOC_urine.rds,urine,natural_log_transformed,2628,2962,2013-2014,VOC/urine/UVOC_H.xpt,,WTSA2YR,2628,TRUE,TRUE,validated_against_local_xpt,ready,,2,2,cycle-specific 2-year weight / 2
CMAC_ln_U,VOC_urine.rds,urine,natural_log_transformed,2628,2962,2015-2016,VOC/urine/UVOC_I.xpt,,WTSA2YR,2962,TRUE,TRUE,validated_against_local_xpt,ready,,2,2,cycle-specific 2-year weight / 2
Co_ln_U,HM_urine.rds,urine,natural_log_transformed,2663,3058,2013-2014,重金属/urine/UHM_H.xpt,,WTSA2YR,2663,TRUE,TRUE,validated_against_local_xpt,ready,,2,2,cycle-specific 2-year weight / 2
Co_ln_U,HM_urine.rds,urine,natural_log_transformed,2663,3058,2015-2016,重金属/urine/UHM_I.xpt,,WTSA2YR,3058,TRUE,TRUE,validated_against_local_xpt,ready,,2,2,cycle-specific 2-year weight / 2
Cs_ln_U,HM_urine.rds,urine,natural_log_transformed,2663,3058,2013-2014,重金属/urine/UHM_H.xpt,,WTSA2YR,2663,TRUE,TRUE,validated_against_local_xpt,ready,,2,2,cycle-specific 2-year weight / 2
Cs_ln_U,HM_urine.rds,urine,natural_log_transformed,2663,3058,2015-2016,重金属/urine/UHM_I.xpt,,WTSA2YR,3058,TRUE,TRUE,validated_against_local_xpt,ready,,2,2,cycle-specific 2-year weight / 2
CYHA_Cys_binary_U,VOC_urine.rds,urine,binary_above_detection_threshold,0,3015,2013-2014,,,,0,,,not_observed_this_cycle,not_observed_this_cycle,,1,1,cycle-specific 2-year weight (no division)
CYHA_Cys_binary_U,VOC_urine.rds,urine,binary_above_detection_threshold,0,3015,2015-2016,VOC/urine/UVOC_I.xpt,,WTSA2YR,3015,TRUE,TRUE,validated_against_local_xpt,ready,,1,1,cycle-specific 2-year weight (no division)
DBCM_binary_S,VOC_serum.rds,serum,binary_above_detection_threshold,3195,3087,2013-2014,VOC/serum/VOCWB_H.xpt,,WTSVOC2Y,3195,TRUE,TRUE,validated_against_local_xpt,ready,,2,2,cycle-specific 2-year weight / 2
DBCM_binary_S,VOC_serum.rds,serum,binary_above_detection_threshold,3195,3087,2015-2016,VOC/serum/VOCWB_I.xpt,,WTSVOC2Y,3087,TRUE,TRUE,validated_against_local_xpt,ready,,2,2,cycle-specific 2-year weight / 2
DBUP_binary_U,BFR_urine.rds,urine,binary_above_detection_threshold,2314,2430,2013-2014,阻燃剂/SSFLRT_H.xpt,,WTSSCH2Y,2314,TRUE,TRUE,validated_against_local_xpt,ready,,2,2,cycle-specific 2-year weight / 2
DBUP_binary_U,BFR_urine.rds,urine,binary_above_detection_threshold,2314,2430,2015-2016,阻燃剂/SSFR_I.xpt,,WTSSBI2Y,2430,TRUE,TRUE,validated_against_local_xpt,ready,,2,2,cycle-specific 2-year weight / 2
DCVDMPCA_binary_U,pesticides_urine.rds,urine,binary_above_detection_threshold,2622,3022,2013-2014,杀虫剂/UPHOPM_2013-2014.xpt,,WTSC2YR,2622,TRUE,TRUE,validated_against_local_xpt,ready,,2,2,cycle-specific 2-year weight / 2
DCVDMPCA_binary_U,pesticides_urine.rds,urine,binary_above_detection_threshold,2622,3022,2015-2016,杀虫剂/UPHOPM_2015-2016.xpt,,WTSB2YR,3022,TRUE,TRUE,validated_against_local_xpt,ready,,2,2,cycle-specific 2-year weight / 2
DEA_ln_U,pesticides_urine.rds,urine,natural_log_transformed,2661,2988,2013-2014,杀虫剂/DEET_2013-2014.xpt,,WTSC2YR,2661,TRUE,TRUE,validated_against_local_xpt,ready,,2,2,cycle-specific 2-year weight / 2
DEA_ln_U,pesticides_urine.rds,urine,natural_log_transformed,2661,2988,2015-2016,杀虫剂/DEET_2015-2016.xpt,,WTSB2YR,2988,TRUE,TRUE,validated_against_local_xpt,ready,,2,2,cycle-specific 2-year weight / 2
DEP_ln_U,pesticides_urine.rds,urine,natural_log_transformed,0,3022,2013-2014,,,,0,,,not_observed_this_cycle,not_observed_this_cycle,,1,1,cycle-specific 2-year weight (no division)
DEP_ln_U,pesticides_urine.rds,urine,natural_log_transformed,0,3022,2015-2016,杀虫剂/OPI_2015-2016.xpt,,WTSB2YR,3022,TRUE,TRUE,validated_against_local_xpt,ready,,1,1,cycle-specific 2-year weight (no division)
DETP_binary_U,pesticides_urine.rds,urine,binary_above_detection_threshold,0,3016,2013-2014,,,,0,,,not_observed_this_cycle,not_observed_this_cycle,,1,1,cycle-specific 2-year weight (no division)
DETP_binary_U,pesticides_urine.rds,urine,binary_above_detection_threshold,0,3016,2015-2016,杀虫剂/OPI_2015-2016.xpt,,WTSB2YR,3016,TRUE,TRUE,validated_against_local_xpt,ready,,1,1,cycle-specific 2-year weight (no division)
DHB_Cys_ln_U,VOC_urine.rds,urine,natural_log_transformed,2638,2689,2013-2014,VOC/urine/UVOC_H.xpt,,WTSA2YR,2638,TRUE,TRUE,validated_against_local_xpt,ready,,2,2,cycle-specific 2-year weight / 2
DHB_Cys_ln_U,VOC_urine.rds,urine,natural_log_transformed,2638,2689,2015-2016,VOC/urine/UVOC_I.xpt,,WTSA2YR,2689,TRUE,TRUE,validated_against_local_xpt,ready,,2,2,cycle-specific 2-year weight / 2
DMA_ln_U,HM_urine.rds,urine,natural_log_transformed,2653,3091,2013-2014,重金属/urine/UAS_H.xpt,,WTSA2YR,2653,TRUE,TRUE,validated_against_local_xpt,ready,,2,2,cycle-specific 2-year weight / 2
DMA_ln_U,HM_urine.rds,urine,natural_log_transformed,2653,3091,2015-2016,重金属/urine/UAS_I.xpt,,WTSA2YR,3091,TRUE,TRUE,validated_against_local_xpt,ready,,2,2,cycle-specific 2-year weight / 2
DMDTP_binary_U,pesticides_urine.rds,urine,binary_above_detection_threshold,0,3006,2013-2014,,,,0,,,not_observed_this_cycle,not_observed_this_cycle,,1,1,cycle-specific 2-year weight (no division)
DMDTP_binary_U,pesticides_urine.rds,urine,binary_above_detection_threshold,0,3006,2015-2016,杀虫剂/OPI_2015-2016.xpt,,WTSB2YR,3006,TRUE,TRUE,validated_against_local_xpt,ready,,1,1,cycle-specific 2-year weight (no division)
DMP_ln_U,pesticides_urine.rds,urine,natural_log_transformed,0,3005,2013-2014,,,,0,,,not_observed_this_cycle,not_observed_this_cycle,,1,1,cycle-specific 2-year weight (no division)
DMP_ln_U,pesticides_urine.rds,urine,natural_log_transformed,0,3005,2015-2016,杀虫剂/OPI_2015-2016.xpt,,WTSB2YR,3005,TRUE,TRUE,validated_against_local_xpt,ready,,1,1,cycle-specific 2-year weight (no division)
DMTP_ln_U,pesticides_urine.rds,urine,natural_log_transformed,0,3020,2013-2014,,,,0,,,not_observed_this_cycle,not_observed_this_cycle,,1,1,cycle-specific 2-year weight (no division)
DMTP_ln_U,pesticides_urine.rds,urine,natural_log_transformed,0,3020,2015-2016,杀虫剂/OPI_2015-2016.xpt,,WTSB2YR,3020,TRUE,TRUE,validated_against_local_xpt,ready,,1,1,cycle-specific 2-year weight (no division)
DPCP_binary_U,BFR_urine.rds,urine,binary_above_detection_threshold,2316,0,2013-2014,阻燃剂/SSFLRT_H.xpt,,WTSSCH2Y,2316,TRUE,TRUE,validated_against_local_xpt,ready,,1,1,cycle-specific 2-year weight (no division)
DPCP_binary_U,BFR_urine.rds,urine,binary_above_detection_threshold,2316,0,2015-2016,,,,0,,,not_observed_this_cycle,not_observed_this_cycle,,1,1,cycle-specific 2-year weight (no division)
DPHP_ln_U,BFR_urine.rds,urine,natural_log_transformed,2311,2429,2013-2014,阻燃剂/SSFLRT_H.xpt,,WTSSCH2Y,2311,TRUE,TRUE,validated_against_local_xpt,ready,,2,2,cycle-specific 2-year weight / 2
DPHP_ln_U,BFR_urine.rds,urine,natural_log_transformed,2311,2429,2015-2016,阻燃剂/SSFR_I.xpt,,WTSSBI2Y,2429,TRUE,TRUE,validated_against_local_xpt,ready,,2,2,cycle-specific 2-year weight / 2
EO_ln_S,gas_serum.rds,serum,natural_log_transformed,2485,2375,2013-2014,气体污染物/ETHOX_H.xpt,,WTSA2YR,2485,TRUE,TRUE,validated_against_local_xpt,ready,,2,2,cycle-specific 2-year weight / 2
EO_ln_S,gas_serum.rds,serum,natural_log_transformed,2485,2375,2015-2016,气体污染物/ETHOX_I.xpt,,WTSA2YR,2375,TRUE,TRUE,validated_against_local_xpt,ready,,2,2,cycle-specific 2-year weight / 2
Ethylbenzene_binary_S,VOC_serum.rds,serum,binary_above_detection_threshold,3077,3059,2013-2014,VOC/serum/VOCWB_H.xpt,,WTSVOC2Y,3077,TRUE,TRUE,validated_against_local_xpt,ready,,2,2,cycle-specific 2-year weight / 2
Ethylbenzene_binary_S,VOC_serum.rds,serum,binary_above_detection_threshold,3077,3059,2015-2016,VOC/serum/VOCWB_I.xpt,,WTSVOC2Y,3059,TRUE,TRUE,validated_against_local_xpt,ready,,2,2,cycle-specific 2-year weight / 2
EtP_binary_U,PCCP_urine.rds,urine,binary_above_detection_threshold,2686,2651,2013-2014,个人护理产品/EP_PP_2013-2014.xpt,,WTSB2YR,2686,TRUE,TRUE,validated_against_local_xpt,ready,,2,2,cycle-specific 2-year weight / 2
EtP_binary_U,PCCP_urine.rds,urine,binary_above_detection_threshold,2686,2651,2015-2016,个人护理产品/EP_PP_2015-2016.xpt,,WTSB2YR,2651,TRUE,TRUE,validated_against_local_xpt,ready,,2,2,cycle-specific 2-year weight / 2
FA_ln_S,gas_serum.rds,serum,natural_log_transformed,2149,2372,2013-2014,气体污染物/FORMAL_H.xpt,,WTSA2YR,2149,TRUE,TRUE,validated_against_local_xpt,ready,,2,2,cycle-specific 2-year weight / 2
FA_ln_S,gas_serum.rds,serum,natural_log_transformed,2149,2372,2015-2016,气体污染物/FORMAL_I.xpt,,WTSA2YR,2372,TRUE,TRUE,validated_against_local_xpt,ready,,2,2,cycle-specific 2-year weight / 2
Furan_binary_S,VOC_serum.rds,serum,binary_above_detection_threshold,3203,3089,2013-2014,VOC/serum/VOCWB_H.xpt,,WTSVOC2Y,3203,TRUE,TRUE,validated_against_local_xpt,ready,,2,2,cycle-specific 2-year weight / 2
Furan_binary_S,VOC_serum.rds,serum,binary_above_detection_threshold,3203,3089,2015-2016,VOC/serum/VOCWB_I.xpt,,WTSVOC2Y,3089,TRUE,TRUE,validated_against_local_xpt,ready,,2,2,cycle-specific 2-year weight / 2
GAM_Cys_binary_U,VOC_urine.rds,urine,binary_above_detection_threshold,2636,3015,2013-2014,VOC/urine/UVOC_H.xpt,,WTSA2YR,2636,TRUE,TRUE,validated_against_local_xpt,ready,,2,2,cycle-specific 2-year weight / 2
GAM_Cys_binary_U,VOC_urine.rds,urine,binary_above_detection_threshold,2636,3015,2015-2016,VOC/urine/UVOC_I.xpt,,WTSA2YR,3015,TRUE,TRUE,validated_against_local_xpt,ready,,2,2,cycle-specific 2-year weight / 2
GLYP_ln_U,GYLP_urine.rds,urine,natural_log_transformed,2309,2427,2013-2014,除草剂/SSGLYP_2013-2014.xpt,,WTSSCH2Y,2309,TRUE,TRUE,validated_against_local_xpt,ready,,2,2,cycle-specific 2-year weight / 2
GLYP_ln_U,GYLP_urine.rds,urine,natural_log_transformed,2309,2427,2015-2016,除草剂/SSGLYP_2015-2016.xpt,,WTSSGL2Y,2427,TRUE,TRUE,validated_against_local_xpt,ready,,2,2,cycle-specific 2-year weight / 2
Harman_ln_U,AA_urine.rds,urine,natural_log_transformed,2570,0,2013-2014,芳香胺/HCAA_2013-2014.xpt,,WTSA2YR,2570,TRUE,TRUE,validated_against_local_xpt,ready,,1,1,cycle-specific 2-year weight (no division)
Harman_ln_U,AA_urine.rds,urine,natural_log_transformed,2570,0,2015-2016,,,,0,,,not_observed_this_cycle,not_observed_this_cycle,,1,1,cycle-specific 2-year weight (no division)
HEMA_binary_U,VOC_urine.rds,urine,binary_above_detection_threshold,2586,3015,2013-2014,VOC/urine/UVOC_H.xpt,,WTSA2YR,2586,TRUE,TRUE,validated_against_local_xpt,ready,,2,2,cycle-specific 2-year weight / 2
HEMA_binary_U,VOC_urine.rds,urine,binary_above_detection_threshold,2586,3015,2015-2016,VOC/urine/UVOC_I.xpt,,WTSA2YR,3015,TRUE,TRUE,validated_against_local_xpt,ready,,2,2,cycle-specific 2-year weight / 2
Hg_binary_U,HM_urine.rds,urine,binary_above_detection_threshold,2666,3080,2013-2014,重金属/urine/UHG_H.xpt,,WTSA2YR,2666,TRUE,TRUE,validated_against_local_xpt,ready,,2,2,cycle-specific 2-year weight / 2
Hg_binary_U,HM_urine.rds,urine,binary_above_detection_threshold,2666,3080,2015-2016,重金属/urine/UHG_I.xpt,,WTSA2YR,3080,TRUE,TRUE,validated_against_local_xpt,ready,,2,2,cycle-specific 2-year weight / 2
HIBP_ln_U,Phthalates_urine.rds,urine,natural_log_transformed,2326,2974,2013-2014,塑化剂/Phthalates_2013-2014-2.xpt,,WTSSBH2Y,2326,TRUE,TRUE,validated_against_local_xpt,ready,2013-2014 measurement comes from the surplus-specimen phthalate file and uses WTSSBH2Y.,2,2,cycle-specific 2-year weight / 2
HIBP_ln_U,Phthalates_urine.rds,urine,natural_log_transformed,2326,2974,2015-2016,塑化剂/Phthalates_2015-2016.xpt,,WTSB2YR,2974,TRUE,TRUE,validated_against_local_xpt,ready,,2,2,cycle-specific 2-year weight / 2
IHg_binary_S,HM_serum.rds,serum,binary_above_detection_threshold,5175,4938,2013-2014,重金属/serum/IHGEM_H.xpt,,WTSH2YR,5175,TRUE,TRUE,validated_against_local_xpt,ready,,2,2,cycle-specific 2-year weight / 2
IHg_binary_S,HM_serum.rds,serum,binary_above_detection_threshold,5175,4938,2015-2016,重金属/serum/IHGEM_I.xpt,,WTSH2YR,4938,TRUE,TRUE,validated_against_local_xpt,ready,,2,2,cycle-specific 2-year weight / 2
IPM1_Cys_ln_U,VOC_urine.rds,urine,natural_log_transformed,0,3012,2013-2014,,,,0,,,not_observed_this_cycle,not_observed_this_cycle,,1,1,cycle-specific 2-year weight (no division)
IPM1_Cys_ln_U,VOC_urine.rds,urine,natural_log_transformed,0,3012,2015-2016,VOC/urine/UVOC_I.xpt,,WTSA2YR,3012,TRUE,TRUE,validated_against_local_xpt,ready,,1,1,cycle-specific 2-year weight (no division)
IPM3_Cys_ln_U,VOC_urine.rds,urine,natural_log_transformed,0,3012,2013-2014,,,,0,,,not_observed_this_cycle,not_observed_this_cycle,,1,1,cycle-specific 2-year weight (no division)
IPM3_Cys_ln_U,VOC_urine.rds,urine,natural_log_transformed,0,3012,2015-2016,VOC/urine/UVOC_I.xpt,,WTSA2YR,3012,TRUE,TRUE,validated_against_local_xpt,ready,,1,1,cycle-specific 2-year weight (no division)
IPPPP_binary_U,BFR_urine.rds,urine,binary_above_detection_threshold,0,2416,2013-2014,,,,0,,,not_observed_this_cycle,not_observed_this_cycle,,1,1,cycle-specific 2-year weight (no division)
IPPPP_binary_U,BFR_urine.rds,urine,binary_above_detection_threshold,0,2416,2015-2016,阻燃剂/SSFR_I.xpt,,WTSSBI2Y,2416,TRUE,TRUE,validated_against_local_xpt,ready,,1,1,cycle-specific 2-year weight (no division)
m_p_Xylene_binary_S,VOC_serum.rds,serum,binary_above_detection_threshold,3174,3085,2013-2014,VOC/serum/VOCWB_H.xpt,,WTSVOC2Y,3174,TRUE,TRUE,validated_against_local_xpt,ready,,2,2,cycle-specific 2-year weight / 2
m_p_Xylene_binary_S,VOC_serum.rds,serum,binary_above_detection_threshold,3174,3085,2015-2016,VOC/serum/VOCWB_I.xpt,,WTSVOC2Y,3085,TRUE,TRUE,validated_against_local_xpt,ready,,2,2,cycle-specific 2-year weight / 2
MA_ln_U,VOC_urine.rds,urine,natural_log_transformed,2540,3005,2013-2014,VOC/urine/UVOC_H.xpt,,WTSA2YR,2540,TRUE,TRUE,validated_against_local_xpt,ready,,2,2,cycle-specific 2-year weight / 2
MA_ln_U,VOC_urine.rds,urine,natural_log_transformed,2540,3005,2015-2016,VOC/urine/UVOC_I.xpt,,WTSA2YR,3005,TRUE,TRUE,validated_against_local_xpt,ready,,2,2,cycle-specific 2-year weight / 2
MB3_Cys_ln_U,VOC_urine.rds,urine,natural_log_transformed,2519,3012,2013-2014,VOC/urine/UVOC_H.xpt,,WTSA2YR,2519,TRUE,TRUE,validated_against_local_xpt,ready,,2,2,cycle-specific 2-year weight / 2
MB3_Cys_ln_U,VOC_urine.rds,urine,natural_log_transformed,2519,3012,2015-2016,VOC/urine/UVOC_I.xpt,,WTSA2YR,3012,TRUE,TRUE,validated_against_local_xpt,ready,,2,2,cycle-specific 2-year weight / 2
MBzP_ln_U,Phthalates_urine.rds,urine,natural_log_transformed,2684,2974,2013-2014,塑化剂/Phthalates_2013-2014.xpt,,WTSB2YR,2684,TRUE,TRUE,validated_against_local_xpt,ready,,2,2,cycle-specific 2-year weight / 2
MBzP_ln_U,Phthalates_urine.rds,urine,natural_log_transformed,2684,2974,2015-2016,塑化剂/Phthalates_2015-2016.xpt,,WTSB2YR,2974,TRUE,TRUE,validated_against_local_xpt,ready,,2,2,cycle-specific 2-year weight / 2
MCNP_ln_U,Phthalates_urine.rds,urine,natural_log_transformed,2684,2974,2013-2014,塑化剂/Phthalates_2013-2014.xpt,,WTSB2YR,2684,TRUE,TRUE,validated_against_local_xpt,ready,,2,2,cycle-specific 2-year weight / 2
MCNP_ln_U,Phthalates_urine.rds,urine,natural_log_transformed,2684,2974,2015-2016,塑化剂/Phthalates_2015-2016.xpt,,WTSB2YR,2974,TRUE,TRUE,validated_against_local_xpt,ready,,2,2,cycle-specific 2-year weight / 2
MCOCH_binary_U,Phthalates_urine.rds,urine,binary_above_detection_threshold,0,2975,2013-2014,,,,0,,,not_observed_this_cycle,not_observed_this_cycle,,1,1,cycle-specific 2-year weight (no division)
MCOCH_binary_U,Phthalates_urine.rds,urine,binary_above_detection_threshold,0,2975,2015-2016,塑化剂/Phthalates_2015-2016.xpt,,WTSB2YR,2975,TRUE,TRUE,validated_against_local_xpt,ready,,1,1,cycle-specific 2-year weight (no division)
MCOP_ln_U,Phthalates_urine.rds,urine,natural_log_transformed,2684,2974,2013-2014,塑化剂/Phthalates_2013-2014.xpt,,WTSB2YR,2684,TRUE,TRUE,validated_against_local_xpt,ready,,2,2,cycle-specific 2-year weight / 2
MCOP_ln_U,Phthalates_urine.rds,urine,natural_log_transformed,2684,2974,2015-2016,塑化剂/Phthalates_2015-2016.xpt,,WTSB2YR,2974,TRUE,TRUE,validated_against_local_xpt,ready,,2,2,cycle-specific 2-year weight / 2
MCPP_ln_U,Phthalates_urine.rds,urine,natural_log_transformed,2684,2974,2013-2014,塑化剂/Phthalates_2013-2014.xpt,,WTSB2YR,2684,TRUE,TRUE,validated_against_local_xpt,ready,,2,2,cycle-specific 2-year weight / 2
MCPP_ln_U,Phthalates_urine.rds,urine,natural_log_transformed,2684,2974,2015-2016,塑化剂/Phthalates_2015-2016.xpt,,WTSB2YR,2974,TRUE,TRUE,validated_against_local_xpt,ready,,2,2,cycle-specific 2-year weight / 2
MDA_binary_U,pesticides_urine.rds,urine,binary_above_detection_threshold,0,3028,2013-2014,,,,0,,,not_observed_this_cycle,not_observed_this_cycle,,1,1,cycle-specific 2-year weight (no division)
MDA_binary_U,pesticides_urine.rds,urine,binary_above_detection_threshold,0,3028,2015-2016,杀虫剂/UPHOPM_2015-2016.xpt,,WTSB2YR,3028,TRUE,TRUE,validated_against_local_xpt,ready,,1,1,cycle-specific 2-year weight (no division)
MeA_a_C_binary_U,AA_urine.rds,urine,binary_above_detection_threshold,2569,0,2013-2014,芳香胺/HCAA_2013-2014.xpt,,WTSA2YR,2569,TRUE,TRUE,validated_against_local_xpt,ready,,1,1,cycle-specific 2-year weight (no division)
MeA_a_C_binary_U,AA_urine.rds,urine,binary_above_detection_threshold,2569,0,2015-2016,,,,0,,,not_observed_this_cycle,not_observed_this_cycle,,1,1,cycle-specific 2-year weight (no division)
MECPP_ln_U,Phthalates_urine.rds,urine,natural_log_transformed,2684,2974,2013-2014,塑化剂/Phthalates_2013-2014.xpt,,WTSB2YR,2684,TRUE,TRUE,validated_against_local_xpt,ready,,2,2,cycle-specific 2-year weight / 2
MECPP_ln_U,Phthalates_urine.rds,urine,natural_log_transformed,2684,2974,2015-2016,塑化剂/Phthalates_2015-2016.xpt,,WTSB2YR,2974,TRUE,TRUE,validated_against_local_xpt,ready,,2,2,cycle-specific 2-year weight / 2
MeFOSAA_binary_S,PFC_serum.rds,serum,binary_above_detection_threshold,2168,1993,2013-2014,多氟烷基/血清/PFC_Serum_2013-2014.xpt,,WTSB2YR,2168,TRUE,TRUE,validated_against_local_xpt,ready,,2,2,cycle-specific 2-year weight / 2
MeFOSAA_binary_S,PFC_serum.rds,serum,binary_above_detection_threshold,2168,1993,2015-2016,多氟烷基/血清/PFC_Serum_2015-2016.xpt,,WTSB2YR,1993,TRUE,TRUE,validated_against_local_xpt,ready,,2,2,cycle-specific 2-year weight / 2
MEHHP_ln_U,Phthalates_urine.rds,urine,natural_log_transformed,2684,2974,2013-2014,塑化剂/Phthalates_2013-2014.xpt,,WTSB2YR,2684,TRUE,TRUE,validated_against_local_xpt,ready,,2,2,cycle-specific 2-year weight / 2
MEHHP_ln_U,Phthalates_urine.rds,urine,natural_log_transformed,2684,2974,2015-2016,塑化剂/Phthalates_2015-2016.xpt,,WTSB2YR,2974,TRUE,TRUE,validated_against_local_xpt,ready,,2,2,cycle-specific 2-year weight / 2
MEHP_binary_U,Phthalates_urine.rds,urine,binary_above_detection_threshold,2685,2975,2013-2014,塑化剂/Phthalates_2013-2014.xpt,,WTSB2YR,2685,TRUE,TRUE,validated_against_local_xpt,ready,,2,2,cycle-specific 2-year weight / 2
MEHP_binary_U,Phthalates_urine.rds,urine,binary_above_detection_threshold,2685,2975,2015-2016,塑化剂/Phthalates_2015-2016.xpt,,WTSB2YR,2975,TRUE,TRUE,validated_against_local_xpt,ready,,2,2,cycle-specific 2-year weight / 2
MEOHP_ln_U,Phthalates_urine.rds,urine,natural_log_transformed,2684,2974,2013-2014,塑化剂/Phthalates_2013-2014.xpt,,WTSB2YR,2684,TRUE,TRUE,validated_against_local_xpt,ready,,2,2,cycle-specific 2-year weight / 2
MEOHP_ln_U,Phthalates_urine.rds,urine,natural_log_transformed,2684,2974,2015-2016,塑化剂/Phthalates_2015-2016.xpt,,WTSB2YR,2974,TRUE,TRUE,validated_against_local_xpt,ready,,2,2,cycle-specific 2-year weight / 2
MeP_ln_U,PCCP_urine.rds,urine,natural_log_transformed,2684,2650,2013-2014,个人护理产品/EP_PP_2013-2014.xpt,,WTSB2YR,2684,TRUE,TRUE,validated_against_local_xpt,ready,,2,2,cycle-specific 2-year weight / 2
MeP_ln_U,PCCP_urine.rds,urine,natural_log_transformed,2684,2650,2015-2016,个人护理产品/EP_PP_2015-2016.xpt,,WTSB2YR,2650,TRUE,TRUE,validated_against_local_xpt,ready,,2,2,cycle-specific 2-year weight / 2
MEP_ln_U,Phthalates_urine.rds,urine,natural_log_transformed,2684,2974,2013-2014,塑化剂/Phthalates_2013-2014.xpt,,WTSB2YR,2684,TRUE,TRUE,validated_against_local_xpt,ready,,2,2,cycle-specific 2-year weight / 2
MEP_ln_U,Phthalates_urine.rds,urine,natural_log_transformed,2684,2974,2015-2016,塑化剂/Phthalates_2015-2016.xpt,,WTSB2YR,2974,TRUE,TRUE,validated_against_local_xpt,ready,,2,2,cycle-specific 2-year weight / 2
MHBP_ln_U,Phthalates_urine.rds,urine,natural_log_transformed,2326,2974,2013-2014,塑化剂/Phthalates_2013-2014-2.xpt,,WTSSBH2Y,2326,TRUE,TRUE,validated_against_local_xpt,ready,2013-2014 measurement comes from the surplus-specimen phthalate file and uses WTSSBH2Y.,2,2,cycle-specific 2-year weight / 2
MHBP_ln_U,Phthalates_urine.rds,urine,natural_log_transformed,2326,2974,2015-2016,塑化剂/Phthalates_2015-2016.xpt,,WTSB2YR,2974,TRUE,TRUE,validated_against_local_xpt,ready,,2,2,cycle-specific 2-year weight / 2
MHNCH_binary_U,Phthalates_urine.rds,urine,binary_above_detection_threshold,2685,2975,2013-2014,塑化剂/Phthalates_2013-2014.xpt,,WTSB2YR,2685,TRUE,TRUE,validated_against_local_xpt,ready,,2,2,cycle-specific 2-year weight / 2
MHNCH_binary_U,Phthalates_urine.rds,urine,binary_above_detection_threshold,2685,2975,2015-2016,塑化剂/Phthalates_2015-2016.xpt,,WTSB2YR,2975,TRUE,TRUE,validated_against_local_xpt,ready,,2,2,cycle-specific 2-year weight / 2
MiBP_ln_U,Phthalates_urine.rds,urine,natural_log_transformed,2684,2974,2013-2014,塑化剂/Phthalates_2013-2014.xpt,,WTSB2YR,2684,TRUE,TRUE,validated_against_local_xpt,ready,,2,2,cycle-specific 2-year weight / 2
MiBP_ln_U,Phthalates_urine.rds,urine,natural_log_transformed,2684,2974,2015-2016,塑化剂/Phthalates_2015-2016.xpt,,WTSB2YR,2974,TRUE,TRUE,validated_against_local_xpt,ready,,2,2,cycle-specific 2-year weight / 2
MINP_binary_U,Phthalates_urine.rds,urine,binary_above_detection_threshold,2685,2975,2013-2014,塑化剂/Phthalates_2013-2014.xpt,,WTSB2YR,2685,TRUE,TRUE,validated_against_local_xpt,ready,,2,2,cycle-specific 2-year weight / 2
MINP_binary_U,Phthalates_urine.rds,urine,binary_above_detection_threshold,2685,2975,2015-2016,塑化剂/Phthalates_2015-2016.xpt,,WTSB2YR,2975,TRUE,TRUE,validated_against_local_xpt,ready,,2,2,cycle-specific 2-year weight / 2
MMA_binary_U,HM_urine.rds,urine,binary_above_detection_threshold,2654,3094,2013-2014,重金属/urine/UAS_H.xpt,,WTSA2YR,2654,TRUE,TRUE,validated_against_local_xpt,ready,,2,2,cycle-specific 2-year weight / 2
MMA_binary_U,HM_urine.rds,urine,binary_above_detection_threshold,2654,3094,2015-2016,重金属/urine/UAS_I.xpt,,WTSA2YR,3094,TRUE,TRUE,validated_against_local_xpt,ready,,2,2,cycle-specific 2-year weight / 2
Mn_binary_U,HM_urine.rds,urine,binary_above_detection_threshold,2664,3061,2013-2014,重金属/urine/UHM_H.xpt,,WTSA2YR,2664,TRUE,TRUE,validated_against_local_xpt,ready,,2,2,cycle-specific 2-year weight / 2
Mn_binary_U,HM_urine.rds,urine,binary_above_detection_threshold,2664,3061,2015-2016,重金属/urine/UHM_I.xpt,,WTSA2YR,3061,TRUE,TRUE,validated_against_local_xpt,ready,,2,2,cycle-specific 2-year weight / 2
Mn_ln_S,HM_serum.rds,serum,natural_log_transformed,5215,4987,2013-2014,重金属/serum/PBCD_H.xpt,,WTSH2YR,5215,TRUE,TRUE,validated_against_local_xpt,ready,,2,2,cycle-specific 2-year weight / 2
Mn_ln_S,HM_serum.rds,serum,natural_log_transformed,5215,4987,2015-2016,重金属/serum/PBCD_I.xpt,,WTSH2YR,4987,TRUE,TRUE,validated_against_local_xpt,ready,,2,2,cycle-specific 2-year weight / 2
MnBP_ln_U,Phthalates_urine.rds,urine,natural_log_transformed,2684,2974,2013-2014,塑化剂/Phthalates_2013-2014.xpt,,WTSB2YR,2684,TRUE,TRUE,validated_against_local_xpt,ready,,2,2,cycle-specific 2-year weight / 2
MnBP_ln_U,Phthalates_urine.rds,urine,natural_log_transformed,2684,2974,2015-2016,塑化剂/Phthalates_2015-2016.xpt,,WTSB2YR,2974,TRUE,TRUE,validated_against_local_xpt,ready,,2,2,cycle-specific 2-year weight / 2
Mo_ln_U,HM_urine.rds,urine,natural_log_transformed,2663,3057,2013-2014,重金属/urine/UHM_H.xpt,,WTSA2YR,2663,TRUE,TRUE,validated_against_local_xpt,ready,,2,2,cycle-specific 2-year weight / 2
Mo_ln_U,HM_urine.rds,urine,natural_log_transformed,2663,3057,2015-2016,重金属/urine/UHM_I.xpt,,WTSA2YR,3057,TRUE,TRUE,validated_against_local_xpt,ready,,2,2,cycle-specific 2-year weight / 2
n_PFOA_ln_S,PFC_serum.rds,serum,natural_log_transformed,0,1993,2013-2014,,,,0,,,not_observed_this_cycle,not_observed_this_cycle,,1,1,cycle-specific 2-year weight (no division)
n_PFOA_ln_S,PFC_serum.rds,serum,natural_log_transformed,0,1993,2015-2016,多氟烷基/血清/PFC_Serum_2015-2016.xpt,,WTSB2YR,1993,TRUE,TRUE,validated_against_local_xpt,ready,,1,1,cycle-specific 2-year weight (no division)
n_PFOS_ln_S,PFC_serum.rds,serum,natural_log_transformed,0,1993,2013-2014,,,,0,,,not_observed_this_cycle,not_observed_this_cycle,,1,1,cycle-specific 2-year weight (no division)
n_PFOS_ln_S,PFC_serum.rds,serum,natural_log_transformed,0,1993,2015-2016,多氟烷基/血清/PFC_Serum_2015-2016.xpt,,WTSB2YR,1993,TRUE,TRUE,validated_against_local_xpt,ready,,1,1,cycle-specific 2-year weight (no division)
NDMA_binary_U,pesticides_urine.rds,urine,binary_above_detection_threshold,0,2418,2013-2014,,,,0,,,not_observed_this_cycle,not_observed_this_cycle,,1,1,cycle-specific 2-year weight (no division)
NDMA_binary_U,pesticides_urine.rds,urine,binary_above_detection_threshold,0,2418,2015-2016,杀虫剂/NEON_2015-2016.xpt,,WTSSBI2Y,2418,TRUE,TRUE,validated_against_local_xpt,ready,,1,1,cycle-specific 2-year weight (no division)
Nitrate_ln_U,PERNT_urine.rds,urine,natural_log_transformed,2643,3012,2013-2014,无机阴离子污染物/PERNT_H.xpt,,WTSA2YR,2643,TRUE,TRUE,validated_against_local_xpt,ready,,2,2,cycle-specific 2-year weight / 2
Nitrate_ln_U,PERNT_urine.rds,urine,natural_log_transformed,2643,3012,2015-2016,无机阴离子污染物/PERNT_I.xpt,,WTSA2YR,3012,TRUE,TRUE,validated_against_local_xpt,ready,,2,2,cycle-specific 2-year weight / 2
Norharman_ln_U,AA_urine.rds,urine,natural_log_transformed,2551,0,2013-2014,芳香胺/HCAA_2013-2014.xpt,,WTSA2YR,2551,TRUE,TRUE,validated_against_local_xpt,ready,,1,1,cycle-specific 2-year weight (no division)
Norharman_ln_U,AA_urine.rds,urine,natural_log_transformed,2551,0,2015-2016,,,,0,,,not_observed_this_cycle,not_observed_this_cycle,,1,1,cycle-specific 2-year weight (no division)
NPMA_ln_U,VOC_urine.rds,urine,natural_log_transformed,2630,2949,2013-2014,VOC/urine/UVOC_H.xpt,,WTSA2YR,2630,TRUE,TRUE,validated_against_local_xpt,ready,,2,2,cycle-specific 2-year weight / 2
NPMA_ln_U,VOC_urine.rds,urine,natural_log_transformed,2630,2949,2015-2016,VOC/urine/UVOC_I.xpt,,WTSA2YR,2949,TRUE,TRUE,validated_against_local_xpt,ready,,2,2,cycle-specific 2-year weight / 2
o_ANS_ln_U,AA_urine.rds,urine,natural_log_transformed,2332,0,2013-2014,芳香胺/AA_2013-2014.xpt,,WTSA2YR,2332,TRUE,TRUE,validated_against_local_xpt,ready,,1,1,cycle-specific 2-year weight (no division)
o_ANS_ln_U,AA_urine.rds,urine,natural_log_transformed,2332,0,2015-2016,,,,0,,,not_observed_this_cycle,not_observed_this_cycle,,1,1,cycle-specific 2-year weight (no division)
o_TLD_ln_U,AA_urine.rds,urine,natural_log_transformed,2412,0,2013-2014,芳香胺/AA_2013-2014.xpt,,WTSA2YR,2412,TRUE,TRUE,validated_against_local_xpt,ready,,1,1,cycle-specific 2-year weight (no division)
o_TLD_ln_U,AA_urine.rds,urine,natural_log_transformed,2412,0,2015-2016,,,,0,,,not_observed_this_cycle,not_observed_this_cycle,,1,1,cycle-specific 2-year weight (no division)
o_Xylene_binary_S,VOC_serum.rds,serum,binary_above_detection_threshold,3204,3065,2013-2014,VOC/serum/VOCWB_H.xpt,,WTSVOC2Y,3204,TRUE,TRUE,validated_against_local_xpt,ready,,2,2,cycle-specific 2-year weight / 2
o_Xylene_binary_S,VOC_serum.rds,serum,binary_above_detection_threshold,3204,3065,2015-2016,VOC/serum/VOCWB_I.xpt,,WTSVOC2Y,3065,TRUE,TRUE,validated_against_local_xpt,ready,,2,2,cycle-specific 2-year weight / 2
OXY_binary_U,pesticides_urine.rds,urine,binary_above_detection_threshold,2648,3038,2013-2014,杀虫剂/UPHOPM_2013-2014.xpt,,WTSC2YR,2648,TRUE,TRUE,validated_against_local_xpt,ready,,2,2,cycle-specific 2-year weight / 2
OXY_binary_U,pesticides_urine.rds,urine,binary_above_detection_threshold,2648,3038,2015-2016,杀虫剂/UPHOPM_2015-2016.xpt,,WTSB2YR,3038,TRUE,TRUE,validated_against_local_xpt,ready,,2,2,cycle-specific 2-year weight / 2
Pb_ln_S,HM_serum.rds,serum,natural_log_transformed,5215,4988,2013-2014,重金属/serum/PBCD_H.xpt,,WTSH2YR,5215,TRUE,TRUE,validated_against_local_xpt,ready,,2,2,cycle-specific 2-year weight / 2
Pb_ln_S,HM_serum.rds,serum,natural_log_transformed,5215,4988,2015-2016,重金属/serum/PBCD_I.xpt,,WTSH2YR,4988,TRUE,TRUE,validated_against_local_xpt,ready,,2,2,cycle-specific 2-year weight / 2
Pb_ln_U,HM_urine.rds,urine,natural_log_transformed,2663,3058,2013-2014,重金属/urine/UHM_H.xpt,,WTSA2YR,2663,TRUE,TRUE,validated_against_local_xpt,ready,,2,2,cycle-specific 2-year weight / 2
Pb_ln_U,HM_urine.rds,urine,natural_log_transformed,2663,3058,2015-2016,重金属/urine/UHM_I.xpt,,WTSA2YR,3058,TRUE,TRUE,validated_against_local_xpt,ready,,2,2,cycle-specific 2-year weight / 2
PBB153_ln_S,BFR_serum.rds,serum,natural_log_transformed,2157,1989,2013-2014,溴化阻燃剂/BFRPOL_H.xpt,pool文件/POOLTF_H.xpt,WTSB2YRA,2157,TRUE,TRUE,validated_against_local_xpt,exclude_pooled_measurement,NHANES pooled specimen concentration mapped to pool members; do not treat as an individual biomarker.,0,,
PBB153_ln_S,BFR_serum.rds,serum,natural_log_transformed,2157,1989,2015-2016,溴化阻燃剂/BFRPOL_I.xpt,pool文件/POOLTF_I.xpt,WTSB2YRA,1989,TRUE,TRUE,validated_against_local_xpt,exclude_pooled_measurement,NHANES pooled specimen concentration mapped to pool members; do not treat as an individual biomarker.,0,,
PBDE100_ln_S,BFR_serum.rds,serum,natural_log_transformed,2157,1989,2013-2014,溴化阻燃剂/BFRPOL_H.xpt,pool文件/POOLTF_H.xpt,WTSB2YRA,2157,TRUE,TRUE,validated_against_local_xpt,exclude_pooled_measurement,NHANES pooled specimen concentration mapped to pool members; do not treat as an individual biomarker.,0,,
PBDE100_ln_S,BFR_serum.rds,serum,natural_log_transformed,2157,1989,2015-2016,溴化阻燃剂/BFRPOL_I.xpt,pool文件/POOLTF_I.xpt,WTSB2YRA,1989,TRUE,TRUE,validated_against_local_xpt,exclude_pooled_measurement,NHANES pooled specimen concentration mapped to pool members; do not treat as an individual biomarker.,0,,
PBDE153_ln_S,BFR_serum.rds,serum,natural_log_transformed,2157,1989,2013-2014,溴化阻燃剂/BFRPOL_H.xpt,pool文件/POOLTF_H.xpt,WTSB2YRA,2157,TRUE,TRUE,validated_against_local_xpt,exclude_pooled_measurement,NHANES pooled specimen concentration mapped to pool members; do not treat as an individual biomarker.,0,,
PBDE153_ln_S,BFR_serum.rds,serum,natural_log_transformed,2157,1989,2015-2016,溴化阻燃剂/BFRPOL_I.xpt,pool文件/POOLTF_I.xpt,WTSB2YRA,1989,TRUE,TRUE,validated_against_local_xpt,exclude_pooled_measurement,NHANES pooled specimen concentration mapped to pool members; do not treat as an individual biomarker.,0,,
PBDE154_ln_S,BFR_serum.rds,serum,natural_log_transformed,2157,1989,2013-2014,溴化阻燃剂/BFRPOL_H.xpt,pool文件/POOLTF_H.xpt,WTSB2YRA,2157,TRUE,TRUE,validated_against_local_xpt,exclude_pooled_measurement,NHANES pooled specimen concentration mapped to pool members; do not treat as an individual biomarker.,0,,
PBDE154_ln_S,BFR_serum.rds,serum,natural_log_transformed,2157,1989,2015-2016,溴化阻燃剂/BFRPOL_I.xpt,pool文件/POOLTF_I.xpt,WTSB2YRA,1989,TRUE,TRUE,validated_against_local_xpt,exclude_pooled_measurement,NHANES pooled specimen concentration mapped to pool members; do not treat as an individual biomarker.,0,,
PBDE183_binary_S,BFR_serum.rds,serum,binary_above_detection_threshold,2157,1989,2013-2014,溴化阻燃剂/BFRPOL_H.xpt,pool文件/POOLTF_H.xpt,WTSB2YRA,2157,TRUE,TRUE,validated_against_local_xpt,exclude_pooled_measurement,NHANES pooled specimen concentration mapped to pool members; do not treat as an individual biomarker.,0,,
PBDE183_binary_S,BFR_serum.rds,serum,binary_above_detection_threshold,2157,1989,2015-2016,溴化阻燃剂/BFRPOL_I.xpt,pool文件/POOLTF_I.xpt,WTSB2YRA,1989,TRUE,TRUE,validated_against_local_xpt,exclude_pooled_measurement,NHANES pooled specimen concentration mapped to pool members; do not treat as an individual biomarker.,0,,
PBDE209_ln_S,BFR_serum.rds,serum,natural_log_transformed,2141,1989,2013-2014,溴化阻燃剂/BFRPOL_H.xpt,pool文件/POOLTF_H.xpt,WTSB2YRA,2141,TRUE,TRUE,validated_against_local_xpt,exclude_pooled_measurement,NHANES pooled specimen concentration mapped to pool members; do not treat as an individual biomarker.,0,,
PBDE209_ln_S,BFR_serum.rds,serum,natural_log_transformed,2141,1989,2015-2016,溴化阻燃剂/BFRPOL_I.xpt,pool文件/POOLTF_I.xpt,WTSB2YRA,1989,TRUE,TRUE,validated_against_local_xpt,exclude_pooled_measurement,NHANES pooled specimen concentration mapped to pool members; do not treat as an individual biomarker.,0,,
PBDE28_ln_S,BFR_serum.rds,serum,natural_log_transformed,2157,1989,2013-2014,溴化阻燃剂/BFRPOL_H.xpt,pool文件/POOLTF_H.xpt,WTSB2YRA,2157,TRUE,TRUE,validated_against_local_xpt,exclude_pooled_measurement,NHANES pooled specimen concentration mapped to pool members; do not treat as an individual biomarker.,0,,
PBDE28_ln_S,BFR_serum.rds,serum,natural_log_transformed,2157,1989,2015-2016,溴化阻燃剂/BFRPOL_I.xpt,pool文件/POOLTF_I.xpt,WTSB2YRA,1989,TRUE,TRUE,validated_against_local_xpt,exclude_pooled_measurement,NHANES pooled specimen concentration mapped to pool members; do not treat as an individual biomarker.,0,,
PBDE47_ln_S,BFR_serum.rds,serum,natural_log_transformed,2157,1989,2013-2014,溴化阻燃剂/BFRPOL_H.xpt,pool文件/POOLTF_H.xpt,WTSB2YRA,2157,TRUE,TRUE,validated_against_local_xpt,exclude_pooled_measurement,NHANES pooled specimen concentration mapped to pool members; do not treat as an individual biomarker.,0,,
PBDE47_ln_S,BFR_serum.rds,serum,natural_log_transformed,2157,1989,2015-2016,溴化阻燃剂/BFRPOL_I.xpt,pool文件/POOLTF_I.xpt,WTSB2YRA,1989,TRUE,TRUE,validated_against_local_xpt,exclude_pooled_measurement,NHANES pooled specimen concentration mapped to pool members; do not treat as an individual biomarker.,0,,
PBDE85_binary_S,BFR_serum.rds,serum,binary_above_detection_threshold,2157,1989,2013-2014,溴化阻燃剂/BFRPOL_H.xpt,pool文件/POOLTF_H.xpt,WTSB2YRA,2157,TRUE,TRUE,validated_against_local_xpt,exclude_pooled_measurement,NHANES pooled specimen concentration mapped to pool members; do not treat as an individual biomarker.,0,,
PBDE85_binary_S,BFR_serum.rds,serum,binary_above_detection_threshold,2157,1989,2015-2016,溴化阻燃剂/BFRPOL_I.xpt,pool文件/POOLTF_I.xpt,WTSB2YRA,1989,TRUE,TRUE,validated_against_local_xpt,exclude_pooled_measurement,NHANES pooled specimen concentration mapped to pool members; do not treat as an individual biomarker.,0,,
PBDE99_ln_S,BFR_serum.rds,serum,natural_log_transformed,2157,1989,2013-2014,溴化阻燃剂/BFRPOL_H.xpt,pool文件/POOLTF_H.xpt,WTSB2YRA,2157,TRUE,TRUE,validated_against_local_xpt,exclude_pooled_measurement,NHANES pooled specimen concentration mapped to pool members; do not treat as an individual biomarker.,0,,
PBDE99_ln_S,BFR_serum.rds,serum,natural_log_transformed,2157,1989,2015-2016,溴化阻燃剂/BFRPOL_I.xpt,pool文件/POOLTF_I.xpt,WTSB2YRA,1989,TRUE,TRUE,validated_against_local_xpt,exclude_pooled_measurement,NHANES pooled specimen concentration mapped to pool members; do not treat as an individual biomarker.,0,,
Perchlorate_ln_U,PERNT_urine.rds,urine,natural_log_transformed,2643,3011,2013-2014,无机阴离子污染物/PERNT_H.xpt,,WTSA2YR,2643,TRUE,TRUE,validated_against_local_xpt,ready,,2,2,cycle-specific 2-year weight / 2
Perchlorate_ln_U,PERNT_urine.rds,urine,natural_log_transformed,2643,3011,2015-2016,无机阴离子污染物/PERNT_I.xpt,,WTSA2YR,3011,TRUE,TRUE,validated_against_local_xpt,ready,,2,2,cycle-specific 2-year weight / 2
PFBA_binary_U,PFC_urine.rds,urine,binary_above_detection_threshold,2328,0,2013-2014,多氟烷基/尿液/PFC_urine_2013-2014.xpt,,WTSSBH2Y,2328,TRUE,TRUE,validated_against_local_xpt,ready,,1,1,cycle-specific 2-year weight (no division)
PFBA_binary_U,PFC_urine.rds,urine,binary_above_detection_threshold,2328,0,2015-2016,,,,0,,,not_observed_this_cycle,not_observed_this_cycle,,1,1,cycle-specific 2-year weight (no division)
PFDA_ln_S,PFC_serum.rds,serum,natural_log_transformed,2168,1993,2013-2014,多氟烷基/血清/PFC_Serum_2013-2014.xpt,,WTSB2YR,2168,TRUE,TRUE,validated_against_local_xpt,ready,,2,2,cycle-specific 2-year weight / 2
PFDA_ln_S,PFC_serum.rds,serum,natural_log_transformed,2168,1993,2015-2016,多氟烷基/血清/PFC_Serum_2015-2016.xpt,,WTSB2YR,1993,TRUE,TRUE,validated_against_local_xpt,ready,,2,2,cycle-specific 2-year weight / 2
PFHpA_binary_S,PFC_serum.rds,serum,binary_above_detection_threshold,2168,0,2013-2014,多氟烷基/血清/PFC_Serum_2013-2014.xpt,,WTSB2YR,2168,TRUE,TRUE,validated_against_local_xpt,ready,,1,1,cycle-specific 2-year weight (no division)
PFHpA_binary_S,PFC_serum.rds,serum,binary_above_detection_threshold,2168,0,2015-2016,,,,0,,,not_observed_this_cycle,not_observed_this_cycle,,1,1,cycle-specific 2-year weight (no division)
PFHS_ln_S,PFC_serum.rds,serum,natural_log_transformed,2168,1993,2013-2014,多氟烷基/血清/PFC_Serum_2013-2014.xpt,,WTSB2YR,2168,TRUE,TRUE,validated_against_local_xpt,ready,,2,2,cycle-specific 2-year weight / 2
PFHS_ln_S,PFC_serum.rds,serum,natural_log_transformed,2168,1993,2015-2016,多氟烷基/血清/PFC_Serum_2015-2016.xpt,,WTSB2YR,1993,TRUE,TRUE,validated_against_local_xpt,ready,,2,2,cycle-specific 2-year weight / 2
PFHxA_binary_U,PFC_urine.rds,urine,binary_above_detection_threshold,2328,0,2013-2014,多氟烷基/尿液/PFC_urine_2013-2014.xpt,,WTSSBH2Y,2328,TRUE,TRUE,validated_against_local_xpt,ready,,1,1,cycle-specific 2-year weight (no division)
PFHxA_binary_U,PFC_urine.rds,urine,binary_above_detection_threshold,2328,0,2015-2016,,,,0,,,not_observed_this_cycle,not_observed_this_cycle,,1,1,cycle-specific 2-year weight (no division)
PFNA_ln_S,PFC_serum.rds,serum,natural_log_transformed,2168,1993,2013-2014,多氟烷基/血清/PFC_Serum_2013-2014.xpt,,WTSB2YR,2168,TRUE,TRUE,validated_against_local_xpt,ready,,2,2,cycle-specific 2-year weight / 2
PFNA_ln_S,PFC_serum.rds,serum,natural_log_transformed,2168,1993,2015-2016,多氟烷基/血清/PFC_Serum_2015-2016.xpt,,WTSB2YR,1993,TRUE,TRUE,validated_against_local_xpt,ready,,2,2,cycle-specific 2-year weight / 2
PFUnDA_binary_S,PFC_serum.rds,serum,binary_above_detection_threshold,2168,1993,2013-2014,多氟烷基/血清/PFC_Serum_2013-2014.xpt,,WTSB2YR,2168,TRUE,TRUE,validated_against_local_xpt,ready,,2,2,cycle-specific 2-year weight / 2
PFUnDA_binary_S,PFC_serum.rds,serum,binary_above_detection_threshold,2168,1993,2015-2016,多氟烷基/血清/PFC_Serum_2015-2016.xpt,,WTSB2YR,1993,TRUE,TRUE,validated_against_local_xpt,ready,,2,2,cycle-specific 2-year weight / 2
PGA_ln_U,VOC_urine.rds,urine,natural_log_transformed,2574,3010,2013-2014,VOC/urine/UVOC_H.xpt,,WTSA2YR,2574,TRUE,TRUE,validated_against_local_xpt,ready,,2,2,cycle-specific 2-year weight / 2
PGA_ln_U,VOC_urine.rds,urine,natural_log_transformed,2574,3010,2015-2016,VOC/urine/UVOC_I.xpt,,WTSA2YR,3010,TRUE,TRUE,validated_against_local_xpt,ready,,2,2,cycle-specific 2-year weight / 2
PHE_Cys_binary_U,VOC_urine.rds,urine,binary_above_detection_threshold,2569,2947,2013-2014,VOC/urine/UVOC_H.xpt,,WTSA2YR,2569,TRUE,TRUE,validated_against_local_xpt,ready,,2,2,cycle-specific 2-year weight / 2
PHE_Cys_binary_U,VOC_urine.rds,urine,binary_above_detection_threshold,2569,2947,2015-2016,VOC/urine/UVOC_I.xpt,,WTSA2YR,2947,TRUE,TRUE,validated_against_local_xpt,ready,,2,2,cycle-specific 2-year weight / 2
PhIP_binary_U,AA_urine.rds,urine,binary_above_detection_threshold,2569,0,2013-2014,芳香胺/HCAA_2013-2014.xpt,,WTSA2YR,2569,TRUE,TRUE,validated_against_local_xpt,ready,,1,1,cycle-specific 2-year weight (no division)
PhIP_binary_U,AA_urine.rds,urine,binary_above_detection_threshold,2569,0,2015-2016,,,,0,,,not_observed_this_cycle,not_observed_this_cycle,,1,1,cycle-specific 2-year weight (no division)
PMA_binary_U,VOC_urine.rds,urine,binary_above_detection_threshold,2561,3015,2013-2014,VOC/urine/UVOC_H.xpt,,WTSA2YR,2561,TRUE,TRUE,validated_against_local_xpt,ready,,2,2,cycle-specific 2-year weight / 2
PMA_binary_U,VOC_urine.rds,urine,binary_above_detection_threshold,2561,3015,2015-2016,VOC/urine/UVOC_I.xpt,,WTSA2YR,3015,TRUE,TRUE,validated_against_local_xpt,ready,,2,2,cycle-specific 2-year weight / 2
PMM_Cys_ln_U,VOC_urine.rds,urine,natural_log_transformed,2592,3012,2013-2014,VOC/urine/UVOC_H.xpt,,WTSA2YR,2592,TRUE,TRUE,validated_against_local_xpt,ready,,2,2,cycle-specific 2-year weight / 2
PMM_Cys_ln_U,VOC_urine.rds,urine,natural_log_transformed,2592,3012,2015-2016,VOC/urine/UVOC_I.xpt,,WTSA2YR,3012,TRUE,TRUE,validated_against_local_xpt,ready,,2,2,cycle-specific 2-year weight / 2
PNP_ln_U,pesticides_urine.rds,urine,natural_log_transformed,2582,3038,2013-2014,杀虫剂/UPHOPM_2013-2014.xpt,,WTSC2YR,2582,TRUE,TRUE,validated_against_local_xpt,ready,,2,2,cycle-specific 2-year weight / 2
PNP_ln_U,pesticides_urine.rds,urine,natural_log_transformed,2582,3038,2015-2016,杀虫剂/UPHOPM_2015-2016.xpt,,WTSB2YR,3038,TRUE,TRUE,validated_against_local_xpt,ready,,2,2,cycle-specific 2-year weight / 2
PPDA_binary_U,AA_urine.rds,urine,binary_above_detection_threshold,0,2608,2013-2014,,,,0,,,not_observed_this_cycle,not_observed_this_cycle,,1,1,cycle-specific 2-year weight (no division)
PPDA_binary_U,AA_urine.rds,urine,binary_above_detection_threshold,0,2608,2015-2016,芳香胺/UADM_2015-2016.xpt,,WTSA2YR,2608,TRUE,TRUE,validated_against_local_xpt,ready,,1,1,cycle-specific 2-year weight (no division)
PrP_ln_U,PCCP_urine.rds,urine,natural_log_transformed,2684,2650,2013-2014,个人护理产品/EP_PP_2013-2014.xpt,,WTSB2YR,2684,TRUE,TRUE,validated_against_local_xpt,ready,,2,2,cycle-specific 2-year weight / 2
PrP_ln_U,PCCP_urine.rds,urine,natural_log_transformed,2684,2650,2015-2016,个人护理产品/EP_PP_2015-2016.xpt,,WTSB2YR,2650,TRUE,TRUE,validated_against_local_xpt,ready,,2,2,cycle-specific 2-year weight / 2
Sb_ln_U,HM_urine.rds,urine,natural_log_transformed,2663,3058,2013-2014,重金属/urine/UHM_H.xpt,,WTSA2YR,2663,TRUE,TRUE,validated_against_local_xpt,ready,,2,2,cycle-specific 2-year weight / 2
Sb_ln_U,HM_urine.rds,urine,natural_log_transformed,2663,3058,2015-2016,重金属/urine/UHM_I.xpt,,WTSA2YR,3058,TRUE,TRUE,validated_against_local_xpt,ready,,2,2,cycle-specific 2-year weight / 2
Se_ln_S,HM_serum.rds,serum,natural_log_transformed,5215,4987,2013-2014,重金属/serum/PBCD_H.xpt,,WTSH2YR,5215,TRUE,TRUE,validated_against_local_xpt,ready,,2,2,cycle-specific 2-year weight / 2
Se_ln_S,HM_serum.rds,serum,natural_log_transformed,5215,4987,2015-2016,重金属/serum/PBCD_I.xpt,,WTSH2YR,4987,TRUE,TRUE,validated_against_local_xpt,ready,,2,2,cycle-specific 2-year weight / 2
Sm_PFOS_ln_S,PFC_serum.rds,serum,natural_log_transformed,0,1993,2013-2014,,,,0,,,not_observed_this_cycle,not_observed_this_cycle,,1,1,cycle-specific 2-year weight (no division)
Sm_PFOS_ln_S,PFC_serum.rds,serum,natural_log_transformed,0,1993,2015-2016,多氟烷基/血清/PFC_Serum_2015-2016.xpt,,WTSB2YR,1993,TRUE,TRUE,validated_against_local_xpt,ready,,1,1,cycle-specific 2-year weight (no division)
Sn_ln_U,HM_urine.rds,urine,natural_log_transformed,2663,3057,2013-2014,重金属/urine/UHM_H.xpt,,WTSA2YR,2663,TRUE,TRUE,validated_against_local_xpt,ready,,2,2,cycle-specific 2-year weight / 2
Sn_ln_U,HM_urine.rds,urine,natural_log_transformed,2663,3057,2015-2016,重金属/urine/UHM_I.xpt,,WTSA2YR,3057,TRUE,TRUE,validated_against_local_xpt,ready,,2,2,cycle-specific 2-year weight / 2
Sr_ln_U,HM_urine.rds,urine,natural_log_transformed,2663,3058,2013-2014,重金属/urine/UHM_H.xpt,,WTSA2YR,2663,TRUE,TRUE,validated_against_local_xpt,ready,,2,2,cycle-specific 2-year weight / 2
Sr_ln_U,HM_urine.rds,urine,natural_log_transformed,2663,3058,2015-2016,重金属/urine/UHM_I.xpt,,WTSA2YR,3058,TRUE,TRUE,validated_against_local_xpt,ready,,2,2,cycle-specific 2-year weight / 2
TBPPP_binary_U,BFR_urine.rds,urine,binary_above_detection_threshold,0,2427,2013-2014,,,,0,,,not_observed_this_cycle,not_observed_this_cycle,,1,1,cycle-specific 2-year weight (no division)
TBPPP_binary_U,BFR_urine.rds,urine,binary_above_detection_threshold,0,2427,2015-2016,阻燃剂/SSFR_I.xpt,,WTSSBI2Y,2427,TRUE,TRUE,validated_against_local_xpt,ready,,1,1,cycle-specific 2-year weight (no division)
TCC_binary_U,PCCP_urine.rds,urine,binary_above_detection_threshold,2686,2651,2013-2014,个人护理产品/EP_PP_2013-2014.xpt,,WTSB2YR,2686,TRUE,TRUE,validated_against_local_xpt,ready,,2,2,cycle-specific 2-year weight / 2
TCC_binary_U,PCCP_urine.rds,urine,binary_above_detection_threshold,2686,2651,2015-2016,个人护理产品/EP_PP_2015-2016.xpt,,WTSB2YR,2651,TRUE,TRUE,validated_against_local_xpt,ready,,2,2,cycle-specific 2-year weight / 2
TCPY_ln_U,pesticides_urine.rds,urine,natural_log_transformed,2637,3032,2013-2014,杀虫剂/UPHOPM_2013-2014.xpt,,WTSC2YR,2637,TRUE,TRUE,validated_against_local_xpt,ready,,2,2,cycle-specific 2-year weight / 2
TCPY_ln_U,pesticides_urine.rds,urine,natural_log_transformed,2637,3032,2015-2016,杀虫剂/UPHOPM_2015-2016.xpt,,WTSB2YR,3032,TRUE,TRUE,validated_against_local_xpt,ready,,2,2,cycle-specific 2-year weight / 2
THg_ln_S,HM_serum.rds,serum,natural_log_transformed,5215,4988,2013-2014,重金属/serum/PBCD_H.xpt,,WTSH2YR,5215,TRUE,TRUE,validated_against_local_xpt,ready,,2,2,cycle-specific 2-year weight / 2
THg_ln_S,HM_serum.rds,serum,natural_log_transformed,5215,4988,2015-2016,重金属/serum/PBCD_I.xpt,,WTSH2YR,4988,TRUE,TRUE,validated_against_local_xpt,ready,,2,2,cycle-specific 2-year weight / 2
Thiocyanate_ln_U,PERNT_urine.rds,urine,natural_log_transformed,2642,3002,2013-2014,无机阴离子污染物/PERNT_H.xpt,,WTSA2YR,2642,TRUE,TRUE,validated_against_local_xpt,ready,,2,2,cycle-specific 2-year weight / 2
Thiocyanate_ln_U,PERNT_urine.rds,urine,natural_log_transformed,2642,3002,2015-2016,无机阴离子污染物/PERNT_I.xpt,,WTSA2YR,3002,TRUE,TRUE,validated_against_local_xpt,ready,,2,2,cycle-specific 2-year weight / 2
Tl_ln_U,HM_urine.rds,urine,natural_log_transformed,2663,3058,2013-2014,重金属/urine/UHM_H.xpt,,WTSA2YR,2663,TRUE,TRUE,validated_against_local_xpt,ready,,2,2,cycle-specific 2-year weight / 2
Tl_ln_U,HM_urine.rds,urine,natural_log_transformed,2663,3058,2015-2016,重金属/urine/UHM_I.xpt,,WTSA2YR,3058,TRUE,TRUE,validated_against_local_xpt,ready,,2,2,cycle-specific 2-year weight / 2
Toluene_ln_S,VOC_serum.rds,serum,natural_log_transformed,3103,3078,2013-2014,VOC/serum/VOCWB_H.xpt,,WTSVOC2Y,3103,TRUE,TRUE,validated_against_local_xpt,ready,,2,2,cycle-specific 2-year weight / 2
Toluene_ln_S,VOC_serum.rds,serum,natural_log_transformed,3103,3078,2015-2016,VOC/serum/VOCWB_I.xpt,,WTSVOC2Y,3078,TRUE,TRUE,validated_against_local_xpt,ready,,2,2,cycle-specific 2-year weight / 2
Total_As_ln_U,HM_urine.rds,urine,natural_log_transformed,2661,3058,2013-2014,重金属/urine/UAS_H.xpt,,WTSA2YR,2661,TRUE,TRUE,validated_against_local_xpt,ready,,2,2,cycle-specific 2-year weight / 2
Total_As_ln_U,HM_urine.rds,urine,natural_log_transformed,2661,3058,2015-2016,重金属/urine/UAS_I.xpt,,WTSA2YR,3058,TRUE,TRUE,validated_against_local_xpt,ready,,2,2,cycle-specific 2-year weight / 2
TTCA_binary_U,VOC_urine.rds,urine,binary_above_detection_threshold,2640,0,2013-2014,VOC/urine/UVOC_H.xpt,,WTSA2YR,2640,TRUE,TRUE,validated_against_local_xpt,ready,,1,1,cycle-specific 2-year weight (no division)
TTCA_binary_U,VOC_urine.rds,urine,binary_above_detection_threshold,2640,0,2015-2016,,,,0,,,not_observed_this_cycle,not_observed_this_cycle,,1,1,cycle-specific 2-year weight (no division)
U_ln_U,HM_urine.rds,urine,natural_log_transformed,2663,3058,2013-2014,重金属/urine/UHM_H.xpt,,WTSA2YR,2663,TRUE,TRUE,validated_against_local_xpt,ready,,2,2,cycle-specific 2-year weight / 2
U_ln_U,HM_urine.rds,urine,natural_log_transformed,2663,3058,2015-2016,重金属/urine/UHM_I.xpt,,WTSA2YR,3058,TRUE,TRUE,validated_against_local_xpt,ready,,2,2,cycle-specific 2-year weight / 2
W_ln_U,HM_urine.rds,urine,natural_log_transformed,2663,3057,2013-2014,重金属/urine/UHM_H.xpt,,WTSA2YR,2663,TRUE,TRUE,validated_against_local_xpt,ready,,2,2,cycle-specific 2-year weight / 2
W_ln_U,HM_urine.rds,urine,natural_log_transformed,2663,3057,2015-2016,重金属/urine/UHM_I.xpt,,WTSA2YR,3057,TRUE,TRUE,validated_against_local_xpt,ready,,2,2,cycle-specific 2-year weight / 2
X1_AN_ln_U,AA_urine.rds,urine,natural_log_transformed,2478,0,2013-2014,芳香胺/AA_2013-2014.xpt,,WTSA2YR,2478,TRUE,TRUE,validated_against_local_xpt,ready,,1,1,cycle-specific 2-year weight (no division)
X1_AN_ln_U,AA_urine.rds,urine,natural_log_transformed,2478,0,2015-2016,,,,0,,,not_observed_this_cycle,not_observed_this_cycle,,1,1,cycle-specific 2-year weight (no division)
X1_NP_ln_U,PAH_urine.rds,urine,natural_log_transformed,2639,2923,2013-2014,多环芳烃/PAH_2013-2014.xpt,,WTSA2YR,2639,TRUE,TRUE,validated_against_local_xpt,ready,,2,2,cycle-specific 2-year weight / 2
X1_NP_ln_U,PAH_urine.rds,urine,natural_log_transformed,2639,2923,2015-2016,多环芳烃/PAH_2015-2016.xpt,,WTSA2YR,2923,TRUE,TRUE,validated_against_local_xpt,ready,,2,2,cycle-specific 2-year weight / 2
X1_PH_ln_U,PAH_urine.rds,urine,natural_log_transformed,2649,3035,2013-2014,多环芳烃/PAH_2013-2014.xpt,,WTSA2YR,2649,TRUE,TRUE,validated_against_local_xpt,ready,,2,2,cycle-specific 2-year weight / 2
X1_PH_ln_U,PAH_urine.rds,urine,natural_log_transformed,2649,3035,2015-2016,多环芳烃/PAH_2015-2016.xpt,,WTSA2YR,3035,TRUE,TRUE,validated_against_local_xpt,ready,,2,2,cycle-specific 2-year weight / 2
X1_PY_ln_U,PAH_urine.rds,urine,natural_log_transformed,2649,3033,2013-2014,多环芳烃/PAH_2013-2014.xpt,,WTSA2YR,2649,TRUE,TRUE,validated_against_local_xpt,ready,,2,2,cycle-specific 2-year weight / 2
X1_PY_ln_U,PAH_urine.rds,urine,natural_log_transformed,2649,3033,2015-2016,多环芳烃/PAH_2015-2016.xpt,,WTSA2YR,3033,TRUE,TRUE,validated_against_local_xpt,ready,,2,2,cycle-specific 2-year weight / 2
X14_DCB_binary_S,VOC_serum.rds,serum,binary_above_detection_threshold,3172,3067,2013-2014,VOC/serum/VOCWB_H.xpt,,WTSVOC2Y,3172,TRUE,TRUE,validated_against_local_xpt,ready,,2,2,cycle-specific 2-year weight / 2
X14_DCB_binary_S,VOC_serum.rds,serum,binary_above_detection_threshold,3172,3067,2015-2016,VOC/serum/VOCWB_I.xpt,,WTSVOC2Y,3067,TRUE,TRUE,validated_against_local_xpt,ready,,2,2,cycle-specific 2-year weight / 2
X2_AN_ln_U,AA_urine.rds,urine,natural_log_transformed,2488,0,2013-2014,芳香胺/AA_2013-2014.xpt,,WTSA2YR,2488,TRUE,TRUE,validated_against_local_xpt,ready,,1,1,cycle-specific 2-year weight (no division)
X2_AN_ln_U,AA_urine.rds,urine,natural_log_transformed,2488,0,2015-2016,,,,0,,,not_observed_this_cycle,not_observed_this_cycle,,1,1,cycle-specific 2-year weight (no division)
X2_FL_ln_U,PAH_urine.rds,urine,natural_log_transformed,2649,3034,2013-2014,多环芳烃/PAH_2013-2014.xpt,,WTSA2YR,2649,TRUE,TRUE,validated_against_local_xpt,ready,,2,2,cycle-specific 2-year weight / 2
X2_FL_ln_U,PAH_urine.rds,urine,natural_log_transformed,2649,3034,2015-2016,多环芳烃/PAH_2015-2016.xpt,,WTSA2YR,3034,TRUE,TRUE,validated_against_local_xpt,ready,,2,2,cycle-specific 2-year weight / 2
X2_HPMA_ln_U,VOC_urine.rds,urine,natural_log_transformed,2596,3011,2013-2014,VOC/urine/UVOC_H.xpt,,WTSA2YR,2596,TRUE,TRUE,validated_against_local_xpt,ready,,2,2,cycle-specific 2-year weight / 2
X2_HPMA_ln_U,VOC_urine.rds,urine,natural_log_transformed,2596,3011,2015-2016,VOC/urine/UVOC_I.xpt,,WTSA2YR,3011,TRUE,TRUE,validated_against_local_xpt,ready,,2,2,cycle-specific 2-year weight / 2
X2_MHA_ln_U,VOC_urine.rds,urine,natural_log_transformed,2369,3012,2013-2014,VOC/urine/UVOC_H.xpt,,WTSA2YR,2369,TRUE,TRUE,validated_against_local_xpt,ready,,2,2,cycle-specific 2-year weight / 2
X2_MHA_ln_U,VOC_urine.rds,urine,natural_log_transformed,2369,3012,2015-2016,VOC/urine/UVOC_I.xpt,,WTSA2YR,3012,TRUE,TRUE,validated_against_local_xpt,ready,,2,2,cycle-specific 2-year weight / 2
X2_NP_ln_U,PAH_urine.rds,urine,natural_log_transformed,2640,2983,2013-2014,多环芳烃/PAH_2013-2014.xpt,,WTSA2YR,2640,TRUE,TRUE,validated_against_local_xpt,ready,,2,2,cycle-specific 2-year weight / 2
X2_NP_ln_U,PAH_urine.rds,urine,natural_log_transformed,2640,2983,2015-2016,多环芳烃/PAH_2015-2016.xpt,,WTSA2YR,2983,TRUE,TRUE,validated_against_local_xpt,ready,,2,2,cycle-specific 2-year weight / 2
X23_OH_PH_ln_U,PAH_urine.rds,urine,natural_log_transformed,2649,3032,2013-2014,多环芳烃/PAH_2013-2014.xpt,,WTSA2YR,2649,TRUE,TRUE,validated_against_local_xpt,ready,,2,2,cycle-specific 2-year weight / 2
X23_OH_PH_ln_U,PAH_urine.rds,urine,natural_log_transformed,2649,3032,2015-2016,多环芳烃/PAH_2015-2016.xpt,,WTSA2YR,3032,TRUE,TRUE,validated_against_local_xpt,ready,,2,2,cycle-specific 2-year weight / 2
X24_DCP_ln_U,PCCP_urine.rds,urine,natural_log_transformed,2684,2650,2013-2014,个人护理产品/EP_PP_2013-2014.xpt,,WTSB2YR,2684,TRUE,TRUE,validated_against_local_xpt,ready,,2,2,cycle-specific 2-year weight / 2
X24_DCP_ln_U,PCCP_urine.rds,urine,natural_log_transformed,2684,2650,2015-2016,个人护理产品/EP_PP_2015-2016.xpt,,WTSB2YR,2650,TRUE,TRUE,validated_against_local_xpt,ready,,2,2,cycle-specific 2-year weight / 2
X24D_ln_U,pesticides_urine.rds,urine,natural_log_transformed,2669,3033,2013-2014,杀虫剂/UPHOPM_2013-2014.xpt,,WTSC2YR,2669,TRUE,TRUE,validated_against_local_xpt,ready,,2,2,cycle-specific 2-year weight / 2
X24D_ln_U,pesticides_urine.rds,urine,natural_log_transformed,2669,3033,2015-2016,杀虫剂/UPHOPM_2015-2016.xpt,,WTSB2YR,3033,TRUE,TRUE,validated_against_local_xpt,ready,,2,2,cycle-specific 2-year weight / 2
X25_DCP_ln_U,PCCP_urine.rds,urine,natural_log_transformed,2684,2650,2013-2014,个人护理产品/EP_PP_2013-2014.xpt,,WTSB2YR,2684,TRUE,TRUE,validated_against_local_xpt,ready,,2,2,cycle-specific 2-year weight / 2
X25_DCP_ln_U,PCCP_urine.rds,urine,natural_log_transformed,2684,2650,2015-2016,个人护理产品/EP_PP_2015-2016.xpt,,WTSB2YR,2650,TRUE,TRUE,validated_against_local_xpt,ready,,2,2,cycle-specific 2-year weight / 2
X25_DMF_binary_S,VOC_serum.rds,serum,binary_above_detection_threshold,3203,3083,2013-2014,VOC/serum/VOCWB_H.xpt,,WTSVOC2Y,3203,TRUE,TRUE,validated_against_local_xpt,ready,,2,2,cycle-specific 2-year weight / 2
X25_DMF_binary_S,VOC_serum.rds,serum,binary_above_detection_threshold,3203,3083,2015-2016,VOC/serum/VOCWB_I.xpt,,WTSVOC2Y,3083,TRUE,TRUE,validated_against_local_xpt,ready,,2,2,cycle-specific 2-year weight / 2
X26_DMA_binary_U,AA_urine.rds,urine,binary_above_detection_threshold,2375,0,2013-2014,芳香胺/AA_2013-2014.xpt,,WTSA2YR,2375,TRUE,TRUE,validated_against_local_xpt,ready,,1,1,cycle-specific 2-year weight (no division)
X26_DMA_binary_U,AA_urine.rds,urine,binary_above_detection_threshold,2375,0,2015-2016,,,,0,,,not_observed_this_cycle,not_observed_this_cycle,,1,1,cycle-specific 2-year weight (no division)
X3_FL_ln_U,PAH_urine.rds,urine,natural_log_transformed,2649,3030,2013-2014,多环芳烃/PAH_2013-2014.xpt,,WTSA2YR,2649,TRUE,TRUE,validated_against_local_xpt,ready,,2,2,cycle-specific 2-year weight / 2
X3_FL_ln_U,PAH_urine.rds,urine,natural_log_transformed,2649,3030,2015-2016,多环芳烃/PAH_2015-2016.xpt,,WTSA2YR,3030,TRUE,TRUE,validated_against_local_xpt,ready,,2,2,cycle-specific 2-year weight / 2
X3_HPMA_ln_U,VOC_urine.rds,urine,natural_log_transformed,2605,2818,2013-2014,VOC/urine/UVOC_H.xpt,,WTSA2YR,2605,TRUE,TRUE,validated_against_local_xpt,ready,,2,2,cycle-specific 2-year weight / 2
X3_HPMA_ln_U,VOC_urine.rds,urine,natural_log_transformed,2605,2818,2015-2016,VOC/urine/UVOC_I.xpt,,WTSA2YR,2818,TRUE,TRUE,validated_against_local_xpt,ready,,2,2,cycle-specific 2-year weight / 2
X34_MHA_ln_U,VOC_urine.rds,urine,natural_log_transformed,2627,3011,2013-2014,VOC/urine/UVOC_H.xpt,,WTSA2YR,2627,TRUE,TRUE,validated_against_local_xpt,ready,,2,2,cycle-specific 2-year weight / 2
X34_MHA_ln_U,VOC_urine.rds,urine,natural_log_transformed,2627,3011,2015-2016,VOC/urine/UVOC_I.xpt,,WTSA2YR,3011,TRUE,TRUE,validated_against_local_xpt,ready,,2,2,cycle-specific 2-year weight / 2
X3PBA_ln_U,pesticides_urine.rds,urine,natural_log_transformed,2625,3021,2013-2014,杀虫剂/UPHOPM_2013-2014.xpt,,WTSC2YR,2625,TRUE,TRUE,validated_against_local_xpt,ready,,2,2,cycle-specific 2-year weight / 2
X3PBA_ln_U,pesticides_urine.rds,urine,natural_log_transformed,2625,3021,2015-2016,杀虫剂/UPHOPM_2015-2016.xpt,,WTSB2YR,3021,TRUE,TRUE,validated_against_local_xpt,ready,,2,2,cycle-specific 2-year weight / 2
X4_ABP_ln_U,AA_urine.rds,urine,natural_log_transformed,2492,0,2013-2014,芳香胺/AA_2013-2014.xpt,,WTSA2YR,2492,TRUE,TRUE,validated_against_local_xpt,ready,,1,1,cycle-specific 2-year weight (no division)
X4_ABP_ln_U,AA_urine.rds,urine,natural_log_transformed,2492,0,2015-2016,,,,0,,,not_observed_this_cycle,not_observed_this_cycle,,1,1,cycle-specific 2-year weight (no division)
X4_MDA_binary_U,AA_urine.rds,urine,binary_above_detection_threshold,0,2831,2013-2014,,,,0,,,not_observed_this_cycle,not_observed_this_cycle,,1,1,cycle-specific 2-year weight (no division)
X4_MDA_binary_U,AA_urine.rds,urine,binary_above_detection_threshold,0,2831,2015-2016,芳香胺/UADM_2015-2016.xpt,,WTSA2YR,2831,TRUE,TRUE,validated_against_local_xpt,ready,,1,1,cycle-specific 2-year weight (no division)
X4FPBA_binary_U,pesticides_urine.rds,urine,binary_above_detection_threshold,2669,3036,2013-2014,杀虫剂/UPHOPM_2013-2014.xpt,,WTSC2YR,2669,TRUE,TRUE,validated_against_local_xpt,ready,,2,2,cycle-specific 2-year weight / 2
X4FPBA_binary_U,pesticides_urine.rds,urine,binary_above_detection_threshold,2669,3036,2015-2016,杀虫剂/UPHOPM_2015-2016.xpt,,WTSB2YR,3036,TRUE,TRUE,validated_against_local_xpt,ready,,2,2,cycle-specific 2-year weight / 2
X5OHIMI_binary_U,pesticides_urine.rds,urine,binary_above_detection_threshold,0,2312,2013-2014,,,,0,,,not_observed_this_cycle,not_observed_this_cycle,,1,1,cycle-specific 2-year weight (no division)
X5OHIMI_binary_U,pesticides_urine.rds,urine,binary_above_detection_threshold,0,2312,2015-2016,杀虫剂/NEON_2015-2016.xpt,,WTSSBI2Y,2312,TRUE,TRUE,validated_against_local_xpt,ready,,1,1,cycle-specific 2-year weight (no division)
