"Class","Exposure_Category","Pollutant","Pollutant_Label","Modifier","Family","Exposure_Type","Exposure_Scale","n","CVD_events","CVD_nonevents","N_Healthy","Events_Healthy","N_Risk","Events_Risk","Weight_Variables","status","error","Beta_Interaction","SE_Interaction","OR_Interaction_Ratio","OR_Interaction_Low","OR_Interaction_High","P_Interaction","Exposure_OR_Healthy","Exposure_OR_Healthy_Low","Exposure_OR_Healthy_High","Exposure_OR_Risk","Exposure_OR_Risk_Low","Exposure_OR_Risk_High","P_FDR_BH_within_family","P_FDR_BH_all_component_tests","Nominal_P_lt_0_05","FDR05_within_family","FDR10_within_family","Any_Sparse_Cell","Min_Cell_N","Min_Cell_CVD_Events"
"C03","Urinary metals","Mo_ln_U","Mo","Diet","C04_x_Diet","Continuous","Continuous, per 1 SD",2501,262,2239,1274,132,1227,130,"WTSA2YR","ok",,-0.314606957272997,0.14466261873359,0.730075768855558,0.549830247122424,0.969409433292519,0.0523408281328924,0.985643584271411,0.754422750453306,1.28773061871697,0.719594497604498,0.601605061041518,0.860724542586477,0.592828223481198,0.367620340330847,FALSE,FALSE,FALSE,FALSE,550,50
"C03","Urinary metals","Mn_binary_U","Mn","Diet","C04_x_Diet","Binary","Binary 0/1",2504,262,2242,1275,132,1229,130,"WTSA2YR","ok",,-0.698204627550241,0.33199073274139,0.497477660181132,0.259523904334338,0.95360781124989,0.0592828223481198,1.69961503423191,1.14437820214576,2.52424527063755,0.845520510438365,0.469077460862335,1.52406583820442,0.592828223481198,0.367620340330847,FALSE,FALSE,FALSE,FALSE,347,38
"C03","Urinary metals","Sn_ln_U","Sn","Diet","C04_x_Diet","Continuous","Continuous, per 1 SD",2501,262,2239,1274,132,1227,130,"WTSA2YR","ok",,-0.34424803051558,0.191948995673457,0.708753113846522,0.486524479019263,1.03248859625674,0.100409301952797,1.37944047432371,1.02269827133661,1.86062309435166,0.977682731542852,0.796389550132905,1.20024619031927,0.669395346351981,0.498588024988052,FALSE,FALSE,FALSE,FALSE,597,37
"C03","Urinary metals","U_ln_U","U","Diet","C04_x_Diet","Continuous","Continuous, per 1 SD",2502,262,2240,1274,132,1228,130,"WTSA2YR","ok",,-0.264176272248589,0.173036391542168,0.767838179164514,0.546988445780269,1.07785726358746,0.155060385423498,1.20323552147947,0.967123533026144,1.49699151215963,0.923890171918859,0.692344891801275,1.2328726042125,0.728905292086012,0.598680727317244,FALSE,FALSE,FALSE,FALSE,596,60
"C03","Urinary metals","W_ln_U","W","Diet","C04_x_Diet","Continuous","Continuous, per 1 SD",2501,262,2239,1274,132,1227,130,"WTSA2YR","ok",,-0.269877676214472,0.20604912906847,0.763472879517893,0.509801436542692,1.14336837046266,0.21696681888213,1.22075446562028,0.939104308615008,1.58687533606322,0.932012927051442,0.671994786016044,1.29264112500161,0.728905292086012,0.63671131124175,FALSE,FALSE,FALSE,FALSE,582,53
"C03","Urinary metals","Ba_ln_U","Ba","Diet","C04_x_Diet","Continuous","Continuous, per 1 SD",2502,262,2240,1274,132,1228,130,"WTSA2YR","ok",,-0.207593891083001,0.186863357385681,0.812536948217465,0.563354564738212,1.17193741480616,0.290287490617286,1.05939231290602,0.852718558840695,1.31615767126048,0.860795396893699,0.600360772802363,1.23420574574632,0.728905292086012,0.63671131124175,FALSE,FALSE,FALSE,FALSE,614,53
"C03","Urinary metals","Cd_ln_U","Cd","Diet","C04_x_Diet","Continuous","Continuous, per 1 SD",2502,262,2240,1274,132,1228,130,"WTSA2YR","ok",,0.228156913369694,0.208872199333926,1.25628243747773,0.834241293833997,1.89183342323144,0.298035081857841,1.26068445564004,0.990217690983242,1.60502615855538,1.58377574082176,1.17037030210804,2.14320680616856,0.728905292086012,0.63671131124175,FALSE,FALSE,FALSE,FALSE,583,33
"C03","Urinary metals","Sb_ln_U","Sb","Diet","C04_x_Diet","Continuous","Continuous, per 1 SD",2502,262,2240,1274,132,1228,130,"WTSA2YR","ok",,-0.200671375488092,0.205097762523141,0.818181261797147,0.547352100403892,1.22301636672629,0.348895708016167,1.18918701160969,0.888239743762997,1.59209915848859,0.972970529671597,0.809662799616726,1.16921717541865,0.728905292086012,0.670295249756468,FALSE,FALSE,FALSE,FALSE,612,60
"C03","Urinary metals","DMA_ln_U","DMA","Diet","C04_x_Diet","Continuous","Continuous, per 1 SD",2506,264,2242,1273,134,1233,130,"WTSA2YR","ok",,-0.175035386217496,0.183503408847326,0.839427316086063,0.585843806022141,1.20277488939572,0.360649018216459,1.14988959235649,0.909591537531073,1.45367015858435,0.965248734307105,0.720056187859215,1.29393391070147,0.728905292086012,0.670295249756468,FALSE,FALSE,FALSE,FALSE,486,44
"C03","Urinary metals","AsC_binary_U","AsC","Diet","C04_x_Diet","Binary","Binary 0/1",2508,264,2244,1274,134,1234,130,"WTSA2YR","ok",,-0.476079202944042,0.510216769275862,0.621214278299217,0.228526278536398,1.68867747741909,0.370801627524855,1.4917738505894,0.825912960596183,2.69445974028056,0.92671121597954,0.447595745459527,1.9186815034191,0.728905292086012,0.670295249756468,FALSE,FALSE,FALSE,FALSE,197,19
"C03","Urinary metals","Total_As_ln_U","Total As","Diet","C04_x_Diet","Continuous","Continuous, per 1 SD",2501,262,2239,1273,132,1228,130,"WTSA2YR","ok",,-0.177073389911687,0.202645951180128,0.837718302194714,0.563121731854304,1.24621713944715,0.400897910647307,1.10033548101624,0.85628185184435,1.41394818560667,0.921771171001529,0.691848314866066,1.22810459089434,0.728905292086012,0.697859325941608,FALSE,FALSE,FALSE,FALSE,509,54
"C03","Urinary metals","Sr_ln_U","Sr","Diet","C04_x_Diet","Continuous","Continuous, per 1 SD",2502,262,2240,1274,132,1228,130,"WTSA2YR","ok",,-0.119529968015405,0.173834719337829,0.887337415679253,0.631128357521672,1.24755555645794,0.505940205463623,0.985826754631566,0.823359356835109,1.1803526395608,0.874760964762239,0.62318810814582,1.22789048036955,0.778757284647741,0.822668581062671,FALSE,FALSE,FALSE,FALSE,595,58
"C03","Urinary metals","Tl_ln_U","Tl","Diet","C04_x_Diet","Continuous","Continuous, per 1 SD",2502,262,2240,1274,132,1228,130,"WTSA2YR","ok",,0.145068683063248,0.222188579379167,1.15611897333374,0.747948665390436,1.78703585199196,0.527225798067302,0.933469852833266,0.74630984442473,1.16756595488865,1.07920220789559,0.772250050706901,1.50816099585956,0.778757284647741,0.822668581062671,FALSE,FALSE,FALSE,FALSE,513,39
"C03","Urinary metals","Cs_ln_U","Cs","Diet","C04_x_Diet","Continuous","Continuous, per 1 SD",2502,262,2240,1274,132,1228,130,"WTSA2YR","ok",,0.122753256950104,0.20083136290052,1.13060541749888,0.762710903238264,1.67595428969304,0.553471506046809,0.924603961663611,0.749011186428761,1.14136143947345,1.04536224809781,0.793042019202022,1.37796258368212,0.778757284647741,0.822668581062671,FALSE,FALSE,FALSE,FALSE,506,51
"C03","Urinary metals","As_III_binary_U","As(III)","Diet","C04_x_Diet","Binary","Binary 0/1",2508,264,2244,1274,134,1234,130,"WTSA2YR","ok",,0.210285678638105,0.372845019936207,1.23403054577121,0.594228971234312,2.56270135185973,0.584067963485806,0.498546658008103,0.337078281404183,0.737362161619126,0.615221804474151,0.302364266495954,1.25179431116903,0.778757284647741,0.822668581062671,FALSE,FALSE,FALSE,FALSE,514,47
"C03","Urinary metals","Pb_ln_U","Pb","Diet","C04_x_Diet","Continuous","Continuous, per 1 SD",2502,262,2240,1274,132,1228,130,"WTSA2YR","ok",,-0.0873874419553508,0.186296982790297,0.916322005259691,0.636017291432699,1.32016224815484,0.648175060702219,0.955293597913252,0.727657836588681,1.25414145540206,0.875356545251616,0.670660860036391,1.1425284029148,0.810218825877774,0.850827776787962,FALSE,FALSE,FALSE,FALSE,563,43
"C03","Urinary metals","AsB_binary_U","AsB","Diet","C04_x_Diet","Binary","Binary 0/1",2508,264,2244,1274,134,1234,130,"WTSA2YR","ok",,-0.0846337570966362,0.434445085744081,0.918848744616594,0.392136170748,2.15303529351302,0.849093971726429,1.36796499522986,0.838336060818474,2.23219340743523,1.2569529185464,0.668214942441818,2.36440483307491,0.898135093109892,0.93582049737046,FALSE,FALSE,FALSE,FALSE,545,59
"C03","Urinary metals","MMA_binary_U","MMA","Diet","C04_x_Diet","Binary","Binary 0/1",2508,264,2244,1274,134,1234,130,"WTSA2YR","ok",,0.059514873384356,0.345772688735626,1.06132154630543,0.538913827006942,2.09013643407156,0.8664679225655,1.04843680275942,0.635306823758961,1.73021867272978,1.11272856870815,0.659492650633478,1.87745059240609,0.898135093109892,0.93582049737046,FALSE,FALSE,FALSE,FALSE,435,45
"C03","Urinary metals","Hg_binary_U","Hg","Diet","C04_x_Diet","Binary","Binary 0/1",2510,264,2246,1277,134,1233,130,"WTSA2YR","ok",,-0.0583645831915483,0.418736850533965,0.943305971235038,0.415161029866657,2.14332774840037,0.891667109134422,0.897995490001974,0.519855827907621,1.55119142033968,0.847084507860996,0.434782828467093,1.65036914173443,0.898135093109892,0.93582049737046,FALSE,FALSE,FALSE,FALSE,416,50
"C03","Urinary metals","Co_ln_U","Co","Diet","C04_x_Diet","Continuous","Continuous, per 1 SD",2502,262,2240,1274,132,1228,130,"WTSA2YR","ok",,-0.0159714737295492,0.121913190240994,0.984155393937795,0.774977465673458,1.24979355183595,0.898135093109892,1.24370517917494,1.02377164843544,1.51088631441439,1.22399916055339,0.982767015468962,1.52444467656507,0.898135093109892,0.93582049737046,FALSE,FALSE,FALSE,FALSE,572,53
"C04","Urinary PAH metabolites","X2_NP_ln_U","2-NP","Smoking","C05_x_Smoking","Continuous","Continuous, per 1 SD",2453,256,2197,1324,87,1129,169,"WTSA2YR","ok",,0.589075069956588,0.161220797436459,1.8023206237287,1.31400839243798,2.47209960713482,0.00379519063315154,0.853235134265663,0.651226263545248,1.11790668635212,1.53780327937693,1.21397947429065,1.94800569214258,0.0265663344320608,0.178373959758122,TRUE,TRUE,TRUE,FALSE,448,32
"C04","Urinary PAH metabolites","X1_NP_ln_U","1-NP","Smoking","C05_x_Smoking","Continuous","Continuous, per 1 SD",2414,247,2167,1304,85,1110,162,"WTSA2YR","ok",,0.405869440781131,0.166612317715798,1.50060662163966,1.0825390975357,2.08012831872294,0.0330556470612443,0.939591732440573,0.743239051695849,1.18781786513548,1.4099575753382,1.0802559753236,1.84028638550976,0.115694764714355,0.367620340330847,TRUE,FALSE,FALSE,FALSE,395,38
"C04","Urinary PAH metabolites","X2_FL_ln_U","2-FL","Smoking","C05_x_Smoking","Continuous","Continuous, per 1 SD",2493,261,2232,1343,88,1150,173,"WTSA2YR","ok",,0.259188596042992,0.211688802359397,1.29587817928011,0.855797533945672,1.96226348981386,0.246382457447802,1.15158097782036,0.794522087467147,1.66910243201078,1.49230866083146,1.19473703218063,1.86399607546097,0.496973781814353,0.63671131124175,FALSE,FALSE,FALSE,FALSE,388,28
"C04","Urinary PAH metabolites","X3_FL_ln_U","3-FL","Smoking","C05_x_Smoking","Continuous","Continuous, per 1 SD",2489,261,2228,1340,87,1149,174,"WTSA2YR","ok",,0.241315932860249,0.219792550063549,1.27292313003277,0.827391361733029,1.95836380449816,0.295688321915832,1.07359161644757,0.729993418701866,1.57891691812256,1.36659960078538,1.05734458551973,1.76630636260245,0.496973781814353,0.63671131124175,FALSE,FALSE,FALSE,FALSE,387,29
"C04","Urinary PAH metabolites","X23_OH_PH_ln_U","2,3-PH","Smoking","C05_x_Smoking","Continuous","Continuous, per 1 SD",2494,262,2232,1343,88,1151,174,"WTSA2YR","ok",,0.213536312454443,0.221137676508123,1.23804845402994,0.802604243877378,1.90973818817746,0.354981272724538,1.06782293599561,0.717643427541316,1.58887516958782,1.32201653508708,1.01712325708674,1.71830474513926,0.496973781814353,0.670295249756468,FALSE,FALSE,FALSE,FALSE,439,30
"C04","Urinary PAH metabolites","X1_PY_ln_U","1-PY","Smoking","C05_x_Smoking","Continuous","Continuous, per 1 SD",2493,261,2232,1343,88,1150,173,"WTSA2YR","ok",,0.0706655828806255,0.270138853915438,1.07322226195257,0.63203748758608,1.82236979004149,0.798471035208886,1.25740619518686,0.810199849628148,1.95145721197055,1.34947632099162,0.983927777289927,1.8508333466639,0.842176189205988,0.93582049737046,FALSE,FALSE,FALSE,FALSE,478,35
"C04","Urinary PAH metabolites","X1_PH_ln_U","1-PH","Smoking","C05_x_Smoking","Continuous","Continuous, per 1 SD",2494,262,2232,1343,88,1151,174,"WTSA2YR","ok",,-0.0377440089068934,0.185135752755471,0.962959418375961,0.669911219016627,1.38419960006067,0.842176189205988,1.22880160503215,0.87146906696178,1.73265287521193,1.1832860788812,0.885502374846217,1.58121082929588,0.842176189205988,0.93582049737046,FALSE,FALSE,FALSE,FALSE,477,38
"C10","Urinary VOC metabolites","NPMA_ln_U","NPMA","Smoking","C11_x_Smoking","Continuous","Continuous, per 1 SD",2452,259,2193,1318,85,1134,174,"WTSA2YR","ok",,-0.403003363221366,0.17013409433794,0.668309851645808,0.478802928912152,0.932822317569382,0.0372346880031203,1.20246858214462,0.944648555629386,1.5306546359789,0.803621599741817,0.653079695217319,0.988865034851064,0.312868374749657,0.367620340330847,TRUE,FALSE,FALSE,FALSE,510,35
"C10","Urinary VOC metabolites","CEMA_CYM_ln_U","CEMA-CYM","Smoking","C11_x_Smoking","Continuous","Continuous, per 1 SD",2459,258,2201,1324,84,1135,174,"WTSA2YR","ok",,0.322694940903659,0.148926316250143,1.38084404761034,1.03127856848191,1.84889935861628,0.0530712655525494,1.04090278464458,0.745674023803024,1.45301911089106,1.43732441431749,1.15959521482598,1.7815712289768,0.312868374749657,0.367620340330847,FALSE,FALSE,FALSE,FALSE,374,31
"C10","Urinary VOC metabolites","X34_MHA_ln_U","3/4-MHA","Smoking","C11_x_Smoking","Continuous","Continuous, per 1 SD",2479,258,2221,1332,85,1147,173,"WTSA2YR","ok",,0.591529762021167,0.274738194359373,1.80675020026057,1.05447488225689,3.09570795954373,0.054356166367667,0.760926340558974,0.52807906113979,1.09644357893448,1.37480381818847,0.986361703376114,1.9162195085598,0.312868374749657,0.367620340330847,FALSE,FALSE,FALSE,FALSE,429,26
"C10","Urinary VOC metabolites","MB3_Cys_ln_U","MB3-Cys","Smoking","C11_x_Smoking","Continuous","Continuous, per 1 SD",2427,253,2174,1301,82,1126,171,"WTSA2YR","ok",,0.569052419692832,0.274660174099992,1.76659227001824,1.03119515936677,3.0264380317734,0.0625736749499313,0.833615359676966,0.497362357403569,1.39719976299994,1.47265845057381,1.17706419213146,1.84248482499435,0.312868374749657,0.367620340330847,FALSE,FALSE,FALSE,FALSE,393,31
"C10","Urinary VOC metabolites","X2_MHA_ln_U","2-MHA","Smoking","C11_x_Smoking","Continuous","Continuous, per 1 SD",2353,249,2104,1257,83,1096,166,"WTSA2YR","ok",,0.384894975667293,0.218643328093231,1.46945998428242,0.957292829499855,2.2556448548094,0.106082558508096,0.800772451171497,0.612930858485618,1.0461808370026,1.17670307351226,0.853223420430343,1.62282245196086,0.424330234032385,0.498588024988052,FALSE,FALSE,FALSE,FALSE,417,24
"C10","Urinary VOC metabolites","X3_HPMA_ln_U","3-HPMA","Smoking","C11_x_Smoking","Continuous","Continuous, per 1 SD",2400,251,2149,1289,79,1111,172,"WTSA2YR","ok",,0.370434083342468,0.238766900168789,1.44836318856072,0.90705785745121,2.312703548892,0.149072712306446,0.953549253603011,0.695896049468081,1.30659770197268,1.38108563739815,1.03148127207927,1.84918290758932,0.46782455568003,0.598680727317244,FALSE,FALSE,FALSE,FALSE,412,33
"C10","Urinary VOC metabolites","GAM_Cys_binary_U","GAM-Cys","Smoking","C11_x_Smoking","Binary","Binary 0/1",2486,259,2227,1338,85,1148,174,"WTSA2YR","ok",,-0.521924118107091,0.351432262761062,0.593377720039349,0.297979271649619,1.18161614628387,0.165592541598387,1.55607881467132,0.854714256398626,2.83297167368132,0.9233424992512,0.666578654943531,1.2790109083161,0.46782455568003,0.598680727317244,FALSE,FALSE,FALSE,FALSE,444,35
"C10","Urinary VOC metabolites","PHE_Cys_binary_U","PHE-Cys","Smoking","C11_x_Smoking","Binary","Binary 0/1",2428,252,2176,1306,84,1122,168,"WTSA2YR","ok",,-0.552877169503488,0.393026143682439,0.57529221371778,0.266279595555221,1.24290834404422,0.187129822272012,1.70501896897576,1.05208774479363,2.76316276750985,0.98088413709287,0.545444890984309,1.76394298728174,0.46782455568003,0.628221546198897,FALSE,FALSE,FALSE,FALSE,449,39
"C10","Urinary VOC metabolites","PMA_binary_U","PMA","Smoking","C11_x_Smoking","Binary","Binary 0/1",2450,258,2192,1318,85,1132,173,"WTSA2YR","ok",,-0.360568347613229,0.272025171561344,0.697279916056316,0.409123716285317,1.18839182863805,0.211876531843057,1.2126325711917,0.78462752847197,1.87410930582398,0.8455443374477,0.568466449672076,1.25767356543608,0.470836737429016,0.63671131124175,FALSE,FALSE,FALSE,FALSE,507,34
"C10","Urinary VOC metabolites","BMA_ln_U","BMA","Smoking","C11_x_Smoking","Continuous","Continuous, per 1 SD",2477,258,2219,1332,84,1145,174,"WTSA2YR","ok",,0.242286011224554,0.197870449365586,1.2741585643578,0.864555247055761,1.87782105615008,0.246352425081914,0.943993560839989,0.724683045909056,1.22967392149974,1.20279748024289,0.968765976316882,1.49336559483529,0.492704850163827,0.63671131124175,FALSE,FALSE,FALSE,FALSE,558,37
"C10","Urinary VOC metabolites","PMM_Cys_ln_U","PMM-Cys","Smoking","C11_x_Smoking","Continuous","Continuous, per 1 SD",2458,257,2201,1331,85,1127,172,"WTSA2YR","ok",,0.330172042574932,0.290611889083223,1.39120745478882,0.787078523329357,2.45904077533835,0.28005001033672,0.934480507734984,0.631363192285587,1.38312437279624,1.30005624871575,0.941687069421093,1.79480668760153,0.509181836975854,0.63671131124175,FALSE,FALSE,FALSE,FALSE,404,36
"C10","Urinary VOC metabolites","ATCA_ln_U","ATCA","Smoking","C11_x_Smoking","Continuous","Continuous, per 1 SD",2426,257,2169,1309,85,1117,172,"WTSA2YR","ok",,-0.127515931181236,0.226063118789447,0.880279391831983,0.565186426412039,1.37103753995529,0.584022390415333,0.864168243607758,0.623131219992808,1.198442204948,0.760709495923549,0.58657429193999,0.986539889558377,0.850174217511575,0.822668581062671,FALSE,FALSE,FALSE,FALSE,545,37
"C10","Urinary VOC metabolites","CEMA_AAM_ln_U","CEMA-AAM","Smoking","C11_x_Smoking","Continuous","Continuous, per 1 SD",2416,251,2165,1301,81,1115,170,"WTSA2YR","ok",,0.143622069804998,0.258570973301946,1.15444772541495,0.695463299260755,1.91634778159019,0.589707585897938,1.06372027265279,0.720359240142642,1.57074519961523,1.22800944924178,0.906417409681103,1.66370062106116,0.850174217511575,0.822668581062671,FALSE,FALSE,FALSE,FALSE,419,35
"C10","Urinary VOC metabolites","MA_ln_U","MA","Smoking","C11_x_Smoking","Continuous","Continuous, per 1 SD",2437,259,2178,1307,85,1130,174,"WTSA2YR","ok",,0.116480390052368,0.212838905643209,1.12353547777929,0.740311774213314,1.70513561150659,0.595121952258102,1.02584792664514,0.788667114415327,1.33435761345558,1.15257654039215,0.838397576285057,1.58449012621031,0.850174217511575,0.822668581062671,FALSE,FALSE,FALSE,FALSE,447,40
"C10","Urinary VOC metabolites","HEMA_binary_U","HEMA","Smoking","C11_x_Smoking","Binary","Binary 0/1",2468,257,2211,1329,84,1139,173,"WTSA2YR","ok",,-0.191891685469885,0.413563232688244,0.825396266058784,0.366969837285225,1.85649861869782,0.651697871582269,1.40629097224285,0.70501312600957,2.80513117508239,1.16074731748142,0.818889466896555,1.64531892215744,0.868930495443025,0.850827776787962,FALSE,FALSE,FALSE,FALSE,485,25
"C10","Urinary VOC metabolites","DHB_Cys_ln_U","DHB-Cys","Smoking","C11_x_Smoking","Continuous","Continuous, per 1 SD",2361,243,2118,1265,76,1096,167,"WTSA2YR","ok",,-0.0692213752626684,0.266171930619172,0.93312008750733,0.553818446814269,1.57219952263832,0.799618967589409,1.18843906948885,0.860252640149572,1.6418286395982,1.10895636851857,0.753442528538034,1.63222034952572,0.937945042972893,0.93582049737046,FALSE,FALSE,FALSE,FALSE,444,21
"C10","Urinary VOC metabolites","X2_HPMA_ln_U","2-HPMA","Smoking","C11_x_Smoking","Continuous","Continuous, per 1 SD",2462,256,2206,1330,84,1132,172,"WTSA2YR","ok",,0.0534090203901075,0.259028873526227,1.05486101655799,0.634900127668521,1.75260913608558,0.840409578112441,1.1528546668325,0.812565711397306,1.63565095621863,1.21610144579855,0.838765096540107,1.76319059123201,0.937945042972893,0.93582049737046,FALSE,FALSE,FALSE,FALSE,430,32
"C10","Urinary VOC metabolites","CEMA_CEM_ln_U","CEMA-CEM","Smoking","C11_x_Smoking","Continuous","Continuous, per 1 SD",2472,259,2213,1326,85,1146,174,"WTSA2YR","ok",,0.0438044404898665,0.318403080331752,1.04477801863162,0.559749679007483,1.95008795744433,0.893061922755005,1.32457386441702,0.907920034615532,1.93243441647326,1.38388565759685,0.934398666823509,2.04959572535864,0.937945042972893,0.93582049737046,FALSE,FALSE,FALSE,FALSE,433,31
"C10","Urinary VOC metabolites","PGA_ln_U","PGA","Smoking","C11_x_Smoking","Continuous","Continuous, per 1 SD",2442,253,2189,1317,83,1125,170,"WTSA2YR","ok",,0.0316885863435881,0.293304077320011,1.03219601531427,0.580893754649884,1.83411958813846,0.915909422958322,1.23875630909543,0.860961214642962,1.78233022257581,1.27863932619371,0.901565715839632,1.81342135993547,0.937945042972893,0.93582049737046,FALSE,FALSE,FALSE,FALSE,419,38
"C10","Urinary VOC metabolites","CMAC_ln_U","CMAC","Smoking","C11_x_Smoking","Continuous","Continuous, per 1 SD",2461,257,2204,1325,85,1136,172,"WTSA2YR","ok",,0.0167188696311933,0.209900260974442,1.01685941207656,0.67389184933072,1.53437538227477,0.937945042972893,1.08570132384782,0.832568854625187,1.41579565228339,1.10400560985863,0.788512889439054,1.5457304540277,0.937945042972893,0.937945042972893,FALSE,FALSE,FALSE,FALSE,369,40
