"Class","Exposure_Category","Pollutant","Pollutant_Label","Modifier","Family","Exposure_Type","RERI_Exposure_Definition","Exposure_Cut_for_RERI","n","CVD_events","RERI","RERI_Low","RERI_High","RERI_P_boot","valid_bootstrap_reps","Any_Sparse_Cell","status","error","RERI_P_FDR_BH_within_family","RERI_P_FDR_BH_all_component_tests","RERI_Nominal_P_lt_0_05","RERI_FDR05_within_family","RERI_FDR10_within_family","RERI_Direction"
"C03","Urinary metals","Mn_binary_U","Mn","Diet","C04_x_Diet","Binary","Original binary 0/1",,2504,262,-0.883445209691048,-1.5569663247021,-0.278121282358002,0.00599400599400599,1000,FALSE,"ok",,0.0699300699300699,0.0402454688168974,TRUE,FALSE,TRUE,"Negative additive interaction"
"C03","Urinary metals","Co_ln_U","Co","Diet","C04_x_Diet","Continuous","Median split of continuous exposure",-0.92643834308577,2502,262,-0.746618194862761,-1.71947500245789,-0.115432867937687,0.013986013986014,1000,FALSE,"ok",,0.0699300699300699,0.059758423394787,TRUE,FALSE,TRUE,"Negative additive interaction"
"C03","Urinary metals","U_ln_U","U","Diet","C04_x_Diet","Continuous","Median split of continuous exposure",-5.27402308075436,2502,262,-0.766239128467582,-1.56174484170921,-0.159839280341943,0.013986013986014,1000,FALSE,"ok",,0.0699300699300699,0.059758423394787,TRUE,FALSE,TRUE,"Negative additive interaction"
"C03","Urinary metals","W_ln_U","W","Diet","C04_x_Diet","Continuous","Median split of continuous exposure",-2.85263142991332,2501,262,-0.987864665342802,-2.40260837227121,-0.206632059445939,0.013986013986014,1000,FALSE,"ok",,0.0699300699300699,0.059758423394787,TRUE,FALSE,TRUE,"Negative additive interaction"
"C03","Urinary metals","Mo_ln_U","Mo","Diet","C04_x_Diet","Continuous","Median split of continuous exposure",3.60048447261441,2501,262,-0.535468765649274,-1.31900068234812,-0.0459275338562863,0.027972027972028,1000,FALSE,"ok",,0.111888111888112,0.101129639591178,TRUE,FALSE,FALSE,"Negative additive interaction"
"C03","Urinary metals","AsC_binary_U","AsC","Diet","C04_x_Diet","Binary","Original binary 0/1",,2508,264,-0.56791983509375,-1.53961656351457,0.373893448368075,0.223776223776224,1000,FALSE,"ok",,0.679320679320679,0.408130331207254,FALSE,FALSE,FALSE,"Negative additive interaction"
"C03","Urinary metals","Sb_ln_U","Sb","Diet","C04_x_Diet","Continuous","Median split of continuous exposure",-3.09104245335832,2502,262,-0.356654731474447,-1.33229983658945,0.203067363790065,0.247752247752248,1000,FALSE,"ok",,0.679320679320679,0.431272431272431,FALSE,FALSE,FALSE,"Negative additive interaction"
"C03","Urinary metals","Ba_ln_U","Ba","Diet","C04_x_Diet","Continuous","Median split of continuous exposure",0.0913896637294247,2502,262,-0.419176803297646,-1.37576938710202,0.222199057870772,0.271728271728272,1000,FALSE,"ok",,0.679320679320679,0.440387199007889,FALSE,FALSE,FALSE,"Negative additive interaction"
"C03","Urinary metals","As_III_binary_U","As(III)","Diet","C04_x_Diet","Binary","Original binary 0/1",,2508,264,0.177945251762701,-0.152036452182659,0.511267937172296,0.305694305694306,1000,FALSE,"ok",,0.679320679320679,0.478921078921079,FALSE,FALSE,FALSE,"Positive additive interaction"
"C03","Urinary metals","Pb_ln_U","Pb","Diet","C04_x_Diet","Continuous","Median split of continuous exposure",-1.09861228866811,2502,262,-0.263167968756978,-1.34188130150935,0.331802627448913,0.47952047952048,1000,FALSE,"ok",,0.796126949973104,0.697588126159555,FALSE,FALSE,FALSE,"Negative additive interaction"
"C03","Urinary metals","Tl_ln_U","Tl","Diet","C04_x_Diet","Continuous","Median split of continuous exposure",-1.88172686771954,2502,262,0.214881565565162,-0.37528021073985,0.687494550385395,0.485514485514486,1000,FALSE,"ok",,0.796126949973104,0.697588126159555,FALSE,FALSE,FALSE,"Positive additive interaction"
"C03","Urinary metals","Sn_ln_U","Sn","Diet","C04_x_Diet","Continuous","Median split of continuous exposure",-0.78170057790139,2501,262,-0.243320611456505,-1.16658991335211,0.344633756105787,0.491508491508492,1000,FALSE,"ok",,0.796126949973104,0.697588126159555,FALSE,FALSE,FALSE,"Negative additive interaction"
"C03","Urinary metals","Cd_ln_U","Cd","Diet","C04_x_Diet","Continuous","Median split of continuous exposure",-1.58265006243306,2502,262,0.275284452436693,-0.750226559387933,0.909090807337359,0.517482517482518,1000,FALSE,"ok",,0.796126949973104,0.697588126159555,FALSE,FALSE,FALSE,"Positive additive interaction"
"C03","Urinary metals","DMA_ln_U","DMA","Diet","C04_x_Diet","Continuous","Median split of continuous exposure",1.22280100341094,2506,264,-0.129596767974187,-0.651886449107965,0.3644722011205,0.633366633366633,1000,FALSE,"ok",,0.902255639097744,0.804546804546804,FALSE,FALSE,FALSE,"Negative additive interaction"
"C03","Urinary metals","MMA_binary_U","MMA","Diet","C04_x_Diet","Binary","Original binary 0/1",,2508,264,0.0561532172809257,-0.438904029201612,0.509670216879657,0.771228771228771,1000,FALSE,"ok",,0.902255639097744,0.879859271163619,FALSE,FALSE,FALSE,"Positive additive interaction"
"C03","Urinary metals","AsB_binary_U","AsB","Diet","C04_x_Diet","Binary","Original binary 0/1",,2508,264,-0.10622351999607,-1.07938196093034,0.538499077564466,0.795204795204795,1000,FALSE,"ok",,0.902255639097744,0.879859271163619,FALSE,FALSE,FALSE,"Negative additive interaction"
"C03","Urinary metals","Cs_ln_U","Cs","Diet","C04_x_Diet","Continuous","Median split of continuous exposure",1.43960251815014,2502,262,0.0980726439938138,-0.540392470183717,0.546415241369138,0.815184815184815,1000,FALSE,"ok",,0.902255639097744,0.879859271163619,FALSE,FALSE,FALSE,"Positive additive interaction"
"C03","Urinary metals","Sr_ln_U","Sr","Diet","C04_x_Diet","Continuous","Median split of continuous exposure",4.55219342875133,2502,262,-0.0257428899839747,-0.613464890382225,0.410579829047317,0.849150849150849,1000,FALSE,"ok",,0.902255639097744,0.879859271163619,FALSE,FALSE,FALSE,"Negative additive interaction"
"C03","Urinary metals","Hg_binary_U","Hg","Diet","C04_x_Diet","Binary","Original binary 0/1",,2510,264,-0.0478552928987384,-0.719684806166721,0.449829522296737,0.857142857142857,1000,FALSE,"ok",,0.902255639097744,0.879859271163619,FALSE,FALSE,FALSE,"Negative additive interaction"
"C03","Urinary metals","Total_As_ln_U","Total As","Diet","C04_x_Diet","Continuous","Median split of continuous exposure",1.83280001909832,2501,262,-0.000859704113384874,-0.726811219864573,0.520311738339944,0.995004995004995,1000,FALSE,"ok",,0.995004995004995,0.995004995004995,FALSE,FALSE,FALSE,"Negative additive interaction"
"C04","Urinary PAH metabolites","X2_NP_ln_U","2-NP","Smoking","C05_x_Smoking","Continuous","Median split of continuous exposure",6.3023136788413,2453,256,1.6645953946188,1.11565010016974,2.35181242548684,0.001998001998002,1000,FALSE,"ok",,0.013986013986014,0.0187812187812188,TRUE,TRUE,TRUE,"Positive additive interaction"
"C04","Urinary PAH metabolites","X1_NP_ln_U","1-NP","Smoking","C05_x_Smoking","Continuous","Median split of continuous exposure",4.93216031770208,2414,247,0.953903853993039,0.323309997148422,1.65836940577102,0.00999000999000999,1000,FALSE,"ok",,0.034965034965035,0.0586913086913087,TRUE,TRUE,TRUE,"Positive additive interaction"
"C04","Urinary PAH metabolites","X2_FL_ln_U","2-FL","Smoking","C05_x_Smoking","Continuous","Median split of continuous exposure",2.85055026370949,2493,261,0.763249971249977,0.130178118406846,1.52324149237387,0.01998001998002,1000,FALSE,"ok",,0.0466200466200466,0.0782550782550783,TRUE,TRUE,TRUE,"Positive additive interaction"
"C04","Urinary PAH metabolites","X3_FL_ln_U","3-FL","Smoking","C05_x_Smoking","Continuous","Median split of continuous exposure",1.96611285637283,2489,261,0.502667423513684,-0.205495878548141,1.24933767860939,0.167832167832168,1000,FALSE,"ok",,0.293706293706294,0.342961386439647,FALSE,FALSE,FALSE,"Positive additive interaction"
"C04","Urinary PAH metabolites","X1_PY_ln_U","1-PY","Smoking","C05_x_Smoking","Continuous","Median split of continuous exposure",2.54489856041598,2493,261,0.461045300337343,-0.342492282437761,1.1886388005089,0.261738261738262,1000,FALSE,"ok",,0.366433566433566,0.439346367917797,FALSE,FALSE,FALSE,"Positive additive interaction"
"C04","Urinary PAH metabolites","X23_OH_PH_ln_U","2,3-PH","Smoking","C05_x_Smoking","Continuous","Median split of continuous exposure",2.52650323780167,2494,262,0.256273052140292,-0.573387448466861,1.03760130847898,0.519480519480519,1000,FALSE,"ok",,0.606060606060606,0.697588126159555,FALSE,FALSE,FALSE,"Positive additive interaction"
"C04","Urinary PAH metabolites","X1_PH_ln_U","1-PH","Smoking","C05_x_Smoking","Continuous","Median split of continuous exposure",2.3473711919197,2494,262,0.154985080752074,-0.485214551565037,0.945846759760497,0.619380619380619,1000,FALSE,"ok",,0.619380619380619,0.804546804546804,FALSE,FALSE,FALSE,"Positive additive interaction"
"C10","Urinary VOC metabolites","MB3_Cys_ln_U","MB3-Cys","Smoking","C11_x_Smoking","Continuous","Median split of continuous exposure",1.54992378490169,2427,253,1.18522210525489,0.759612836800925,1.62515943874751,0.001998001998002,1000,FALSE,"ok",,0.00999000999000999,0.0187812187812188,TRUE,TRUE,TRUE,"Positive additive interaction"
"C10","Urinary VOC metabolites","NPMA_ln_U","NPMA","Smoking","C11_x_Smoking","Continuous","Median split of continuous exposure",1.34282187853887,2452,259,-2.12070063589755,-4.58945663358889,-0.733319748996426,0.001998001998002,1000,FALSE,"ok",,0.00999000999000999,0.0187812187812188,TRUE,TRUE,TRUE,"Negative additive interaction"
"C10","Urinary VOC metabolites","X3_HPMA_ln_U","3-HPMA","Smoking","C11_x_Smoking","Continuous","Median split of continuous exposure",5.45951111491777,2400,251,1.42571493430049,0.69325506810038,2.32665514512852,0.001998001998002,1000,FALSE,"ok",,0.00999000999000999,0.0187812187812188,TRUE,TRUE,TRUE,"Positive additive interaction"
"C10","Urinary VOC metabolites","X34_MHA_ln_U","3/4-MHA","Smoking","C11_x_Smoking","Continuous","Median split of continuous exposure",5.27478686913784,2479,258,0.854207590520096,0.451217101561464,1.19442874962089,0.001998001998002,1000,FALSE,"ok",,0.00999000999000999,0.0187812187812188,TRUE,TRUE,TRUE,"Positive additive interaction"
"C10","Urinary VOC metabolites","X2_MHA_ln_U","2-MHA","Smoking","C11_x_Smoking","Continuous","Median split of continuous exposure",3.44143949794059,2353,249,0.804838121097448,0.276387049740877,1.29114389602023,0.00599400599400599,1000,FALSE,"ok",,0.023976023976024,0.0402454688168974,TRUE,TRUE,TRUE,"Positive additive interaction"
"C10","Urinary VOC metabolites","MA_ln_U","MA","Smoking","C11_x_Smoking","Continuous","Median split of continuous exposure",4.89116164096196,2437,259,0.682457378756081,0.0369223666765952,1.22576583970174,0.047952047952048,1000,FALSE,"ok",,0.154131582703011,0.16098187526759,TRUE,FALSE,FALSE,"Positive additive interaction"
"C10","Urinary VOC metabolites","GAM_Cys_binary_U","GAM-Cys","Smoking","C11_x_Smoking","Binary","Original binary 0/1",,2486,259,-0.705146544311835,-1.77653073617284,0.00759298341630061,0.0539460539460539,1000,FALSE,"ok",,0.154131582703011,0.169030969030969,FALSE,FALSE,FALSE,"Negative additive interaction"
"C10","Urinary VOC metabolites","DHB_Cys_ln_U","DHB-Cys","Smoking","C11_x_Smoking","Continuous","Median split of continuous exposure",5.71275114463896,2361,243,-1.09404800352826,-3.12264025985205,0.137126396729287,0.0799200799200799,1000,FALSE,"ok",,0.177600177600178,0.220955515073162,FALSE,FALSE,FALSE,"Negative additive interaction"
"C10","Urinary VOC metabolites","PMA_binary_U","PMA","Smoking","C11_x_Smoking","Binary","Original binary 0/1",,2450,258,-0.498652619939662,-1.20258456170793,0.0660460813947371,0.0799200799200799,1000,FALSE,"ok",,0.177600177600178,0.220955515073162,FALSE,FALSE,FALSE,"Negative additive interaction"
"C10","Urinary VOC metabolites","PGA_ln_U","PGA","Smoking","C11_x_Smoking","Continuous","Median split of continuous exposure",5.30864015392035,2442,253,0.720726087062788,-0.140923722821237,1.43366823313651,0.0959040959040959,1000,FALSE,"ok",,0.191808191808192,0.25041625041625,FALSE,FALSE,FALSE,"Positive additive interaction"
"C10","Urinary VOC metabolites","X2_HPMA_ln_U","2-HPMA","Smoking","C11_x_Smoking","Continuous","Median split of continuous exposure",3.32971350591903,2462,256,0.6143609495237,-0.13278654536289,1.28495633795261,0.10989010989011,1000,FALSE,"ok",,0.193140193140193,0.271833429728167,FALSE,FALSE,FALSE,"Positive additive interaction"
"C10","Urinary VOC metabolites","CEMA_CYM_ln_U","CEMA-CYM","Smoking","C11_x_Smoking","Continuous","Median split of continuous exposure",0.496436886313891,2459,258,0.657258202414711,-0.166229361226125,1.294821528336,0.115884115884116,1000,FALSE,"ok",,0.193140193140193,0.272327672327672,FALSE,FALSE,FALSE,"Positive additive interaction"
"C10","Urinary VOC metabolites","CEMA_CEM_ln_U","CEMA-CEM","Smoking","C11_x_Smoking","Continuous","Median split of continuous exposure",4.58334356543055,2472,259,0.793947590900411,-0.261211203014073,1.77103398114885,0.141858141858142,1000,FALSE,"ok",,0.218243295166372,0.317492031777746,FALSE,FALSE,FALSE,"Positive additive interaction"
"C10","Urinary VOC metabolites","PMM_Cys_ln_U","PMM-Cys","Smoking","C11_x_Smoking","Continuous","Median split of continuous exposure",5.37212258362136,2458,257,0.697482143921034,-0.323325365419085,1.48757665888947,0.157842157842158,1000,FALSE,"ok",,0.225488796917368,0.337208246299155,FALSE,FALSE,FALSE,"Positive additive interaction"
"C10","Urinary VOC metabolites","PHE_Cys_binary_U","PHE-Cys","Smoking","C11_x_Smoking","Binary","Original binary 0/1",,2428,252,-0.742923591432479,-1.84424139858021,0.268547506282778,0.181818181818182,1000,FALSE,"ok",,0.242424242424242,0.356060606060606,FALSE,FALSE,FALSE,"Negative additive interaction"
"C10","Urinary VOC metabolites","BMA_ln_U","BMA","Smoking","C11_x_Smoking","Continuous","Median split of continuous exposure",1.88170770589099,2477,258,0.476193307124924,-0.334289399809079,1.20576589546903,0.225774225774226,1000,FALSE,"ok",,0.282217782217782,0.408130331207254,FALSE,FALSE,FALSE,"Positive additive interaction"
"C10","Urinary VOC metabolites","ATCA_ln_U","ATCA","Smoking","C11_x_Smoking","Continuous","Median split of continuous exposure",4.77728185517662,2426,257,-0.134333225734875,-1.17514167381701,0.4768194370516,0.673326673326673,1000,FALSE,"ok",,0.748140748140748,0.811444965291119,FALSE,FALSE,FALSE,"Negative additive interaction"
"C10","Urinary VOC metabolites","CEMA_AAM_ln_U","CEMA-AAM","Smoking","C11_x_Smoking","Continuous","Median split of continuous exposure",3.92417053689645,2416,251,-0.188927186160132,-1.71429424218783,0.710296353596873,0.673326673326673,1000,FALSE,"ok",,0.748140748140748,0.811444965291119,FALSE,FALSE,FALSE,"Negative additive interaction"
"C10","Urinary VOC metabolites","HEMA_binary_U","HEMA","Smoking","C11_x_Smoking","Binary","Original binary 0/1",,2468,257,-0.129645698330787,-1.06302278842689,0.684081671297876,0.805194805194805,1000,FALSE,"ok",,0.847573479152427,0.879859271163619,FALSE,FALSE,FALSE,"Negative additive interaction"
"C10","Urinary VOC metabolites","CMAC_ln_U","CMAC","Smoking","C11_x_Smoking","Continuous","Median split of continuous exposure",5.01063529409626,2461,257,-0.0936716475069252,-0.829419905032427,0.648978030374372,0.861138861138861,1000,FALSE,"ok",,0.861138861138861,0.879859271163619,FALSE,FALSE,FALSE,"Negative additive interaction"
