"Pollutant","Modifier","Outcome","Exposure_Type","Exposure_Scale","n","N_Healthy","N_Risk","Mean_LE8_Healthy","Mean_LE8_Risk","Weight_Variables","status","error","Beta_Interaction","SE_Interaction","Interaction_Low","Interaction_High","P_Interaction","Toxicant_Beta_Healthy","Toxicant_Beta_Healthy_Low","Toxicant_Beta_Healthy_High","Toxicant_P_Healthy","Toxicant_Beta_Risk","Toxicant_Beta_Risk_Low","Toxicant_Beta_Risk_High","Toxicant_P_Risk","P_FDR_BH_within_modifier","P_FDR_BH_all_tests","Nominal_P_lt_0_05","FDR05_within_modifier","FDR10_within_modifier","FDR05_all_tests"
"BP3_ln_U","Diet","LE8_no_diet","Continuous","Continuous, per 1 SD",2212,1118,1094,72.94531050345,68.9240010446592,"WTSB2YR","ok",,-2.01279526778747,0.430242481421665,-2.95975258463755,-1.06583795093738,0.000673432101727675,2.67831289855201,1.68953487337262,3.6670909237314,9.4300272640103e-05,0.665517630764544,-0.546511095820861,1.87754635734995,0.252175171816159,0.100341383157424,0.177903487298715,TRUE,FALSE,FALSE,FALSE
"Harman_ln_U","Diet","LE8_no_diet","Continuous","Continuous, per 1 SD",1163,613,550,74.336984385924,69.5454545454545,"WTSA2YR","ok",,-2.4450954253553,0.907128870730916,-4.22303534132438,-0.667155509386211,0.00702994625450313,1.30895189318769,-0.193459165183834,2.81136295155922,0.0877128815873857,-1.1361435321676,-2.18538289086547,-0.0869041734697398,0.0338125764175183,0.310086924462403,0.420286715374257,TRUE,FALSE,FALSE,FALSE
"DMTP_ln_U","Diet","LE8_no_diet","Continuous","Continuous, per 1 SD",1043,512,531,73.1794084821429,68.0172181867097,"WTSB2YR","ok",,-2.71305879456459,1.12121966087141,-4.91060894863077,-0.515508640498409,0.0155316560499872,1.44447923404577,0.0330732580358166,2.85588521005571,0.044867823459876,-1.26857956051882,-2.51041719728405,-0.0267419237536013,0.0452664346686881,0.310086924462403,0.420286715374257,TRUE,FALSE,FALSE,FALSE
"MiBP_ln_U","Diet","LE8_no_diet","Continuous","Continuous, per 1 SD",2212,1118,1094,72.94531050345,68.9240010446592,"WTSB2YR","ok",,-1.8666185732192,0.656536799916389,-3.31164632688923,-0.421590819549172,0.0159921121294888,0.640791603856203,-0.351564957012413,1.63314816472482,0.182972577391427,-1.225826969363,-2.2559465975282,-0.195707341197794,0.0238652401103197,0.310086924462403,0.420286715374257,TRUE,FALSE,FALSE,FALSE
"X2_HPMA_ln_U","Diet","LE8_no_diet","Continuous","Continuous, per 1 SD",2230,1139,1091,73.3814122663991,68.4424512243027,"WTSA2YR","ok",,-2.14440829824059,0.77340830021409,-3.8466684897035,-0.442148106777679,0.018140067859025,0.464637980198569,-0.56670896222351,1.49598492262065,0.342714281095081,-1.67977031804202,-2.77342609377839,-0.586114542305651,0.00613667853637114,0.310086924462403,0.420286715374257,TRUE,FALSE,FALSE,FALSE
"PMM_Cys_ln_U","Diet","LE8_no_diet","Continuous","Continuous, per 1 SD",2229,1144,1085,73.2867132867133,68.5115207373272,"WTSA2YR","ok",,-1.92925380661977,0.71110026122179,-3.49437492890621,-0.364132684333317,0.0201804175982081,-1.54634840102259,-2.79253587427943,-0.300160927765749,0.0195391169659566,-3.47560220764236,-4.47284750781374,-2.47835690747097,9.7171720808586e-06,0.310086924462403,0.420286715374257,TRUE,FALSE,FALSE,FALSE
"TCPY_ln_U","Diet","LE8_no_diet","Continuous","Continuous, per 1 SD",2243,1105,1138,73.5649644473174,68.6461210143108,"WTSB2YR|WTSC2YR","ok",,-1.64255822148169,0.611758453692154,-2.98902949961873,-0.296086943344656,0.0212186500491555,1.39199238589954,0.373444022091046,2.41054074970804,0.0119091672568337,-0.250565835582152,-1.16392160986576,0.662789938701459,0.558217603600491,0.310086924462403,0.420286715374257,TRUE,FALSE,FALSE,FALSE
"X14_DCB_binary_S","Diet","LE8_no_diet","Binary","Binary 0/1",3343,1712,1631,73.0161048064085,68.495226416747,"WTSVOC2Y","ok",,2.52643404323919,0.94481325737872,0.44691408469078,4.60595400178759,0.0216387239628042,-1.050563195843,-2.71965782327137,0.61853143158537,0.193394523448792,1.47587084739619,-0.0655940616938564,3.01733575648623,0.0588488369101641,0.310086924462403,0.420286715374257,TRUE,FALSE,FALSE,FALSE
"PFHS_ln_S","Diet","LE8_no_diet","Continuous","Continuous, per 1 SD",2211,1115,1096,72.6880204996797,68.8555787278415,"WTSB2YR","ok",,1.74476096419681,0.654203882914792,0.304867926227022,3.18465400216659,0.0219111347799393,-0.407963342306622,-1.39908036748726,0.583153682874017,0.384367564663483,1.33679762189018,-0.0448478282167684,2.71844307199714,0.0566246026920174,0.310086924462403,0.420286715374257,TRUE,FALSE,FALSE,FALSE
"PNP_ln_U","Diet","LE8_no_diet","Continuous","Continuous, per 1 SD",2222,1097,1125,73.5824977210574,68.6298412698413,"WTSB2YR|WTSC2YR","ok",,-1.67576634225496,0.628881657194233,-3.05992553719331,-0.291607147316621,0.0220021829539534,1.08871929453206,0.115008071692766,2.06243051737136,0.0316253695913395,-0.587047047722899,-1.77075271457481,0.596658619129011,0.298359453239021,0.310086924462403,0.420286715374257,TRUE,FALSE,FALSE,FALSE
"MECPP_ln_U","Diet","LE8_no_diet","Continuous","Continuous, per 1 SD",2212,1118,1094,72.94531050345,68.9240010446592,"WTSB2YR","ok",,-1.86405597114935,0.708946851857627,-3.42443747138168,-0.303674470917032,0.0234351906227637,0.377538719282314,-0.938251452138846,1.69332889070347,0.540597542198918,-1.48651725186704,-2.86752234336998,-0.105512160364099,0.0372079772887443,0.310086924462403,0.420286715374257,TRUE,FALSE,FALSE,FALSE
"DMP_ln_U","Diet","LE8_no_diet","Continuous","Continuous, per 1 SD",1040,511,529,73.139502376293,68.0326762084796,"WTSB2YR","ok",,-2.38837483132252,1.0763033119898,-4.49789055926371,-0.278859103381332,0.0264830723917065,1.15677733839545,-0.237424450839607,2.55097912763052,0.103908493298473,-1.23159749292707,-2.50759754982307,0.0444025639689307,0.0585228749794285,0.310086924462403,0.440531216458909,TRUE,FALSE,FALSE,FALSE
"X1_NP_ln_U","Diet","LE8_no_diet","Continuous","Continuous, per 1 SD",2184,1113,1071,73.5066101912463,68.3106575963719,"WTSA2YR","ok",,-1.86912012689447,0.748472918708446,-3.51649791370223,-0.221742340086707,0.0296512158664415,-0.632937000518761,-1.884762857149,0.618888856111477,0.289504139256476,-2.50205712741323,-3.84691860760907,-1.15719564721739,0.00177488080756616,0.310086924462403,0.450973920290067,TRUE,FALSE,FALSE,FALSE
"MnBP_ln_U","Diet","LE8_no_diet","Continuous","Continuous, per 1 SD",2212,1118,1094,72.94531050345,68.9240010446592,"WTSB2YR","ok",,-1.65340005679169,0.6634386469398,-3.11361867333747,-0.193181440245916,0.0299199740228978,0.329451522189993,-0.615462746059748,1.27436579043973,0.459004811877086,-1.3239485346017,-2.59142507518826,-0.0564719940151337,0.0421022820705035,0.310086924462403,0.450973920290067,TRUE,FALSE,FALSE,FALSE
"MEOHP_ln_U","Diet","LE8_no_diet","Continuous","Continuous, per 1 SD",2212,1118,1094,72.94531050345,68.9240010446592,"WTSB2YR","ok",,-1.82739224949092,0.747419312122681,-3.47245106383885,-0.182333435143003,0.0325367090142163,0.348128617673105,-0.812975890001513,1.50923312534772,0.522888026560061,-1.47926363181782,-2.91614908763867,-0.0423781759969706,0.0446276851316716,0.310086924462403,0.450973920290067,TRUE,FALSE,FALSE,FALSE
"MHBP_ln_U","Diet","LE8_no_diet","Continuous","Continuous, per 1 SD",2131,1076,1055,72.8597981943707,68.7975626269465,"WTSB2YR|WTSSBH2Y","ok",,-1.53758272205457,0.632258101853283,-2.92917342158136,-0.145992022527789,0.0332979247744862,2.33087979667956,1.22714471462314,3.43461487873599,0.000707304885139306,0.79329707462499,-0.392575366490927,1.97916951574091,0.1689487707106,0.310086924462403,0.451035526490768,TRUE,FALSE,FALSE,FALSE
"DHB_Cys_ln_U","Diet","LE8_no_diet","Continuous","Continuous, per 1 SD",2138,1084,1054,73.3249868212968,68.353212252643,"WTSA2YR","ok",,-1.67706879052927,0.700221345974263,-3.21824558179802,-0.135891999260525,0.035542156821052,0.307608421419424,-0.756899781130036,1.37211662396888,0.537775728390752,-1.36946036910985,-2.42317609623331,-0.315744641986385,0.0155025560388888,0.311516550960985,0.460502727507543,TRUE,FALSE,FALSE,FALSE
"Nitrate_ln_U","Diet","LE8_no_diet","Continuous","Continuous, per 1 SD",2255,1153,1102,73.2969892206666,68.435960591133,"WTSA2YR","ok",,-1.94517257120107,0.876978750534668,-3.87538978684358,-0.0149553555585578,0.0485316201398638,2.25909086903165,0.741936792078645,3.77624494598465,0.00736853382363473,0.313918297830577,-1.03390543611467,1.66174203177583,0.618349573743872,0.401733966713317,0.529982234921422,TRUE,FALSE,FALSE,FALSE
"NDMA_binary_U","PhysicalActivity","LE8_no_PA","Binary","Binary 0/1",927,571,356,67.3104828621466,63.4871589085072,"WTSSBI2Y","ok",,-10.1109702143473,2.25001595044845,-14.5209204418669,-5.70101998682763,6.99854722785548e-06,5.82913851062141,2.37001485352088,9.28826216772193,0.00095713984445053,-4.28183170372585,-8.1366177875531,-0.427045619898596,0.0294734719580912,0.00104278353695047,0.00417113414780186,TRUE,TRUE,TRUE,TRUE
"MeP_ln_U","PhysicalActivity","LE8_no_PA","Continuous","Continuous, per 1 SD",2212,1313,899,68.0720269829181,64.6639122834896,"WTSB2YR","ok",,-1.83693328271986,0.40785670183689,-2.73461983090677,-0.939246734532943,0.000895487352174738,2.6512320265593,1.76188497870973,3.54057907440888,4.07204011485779e-05,0.814298743839443,-0.181202610469437,1.80980009814832,0.0992564770845324,0.066713807737018,0.177903487298715,TRUE,FALSE,TRUE,FALSE
"GLYP_ln_U","PhysicalActivity","LE8_no_PA","Continuous","Continuous, per 1 SD",2048,1229,819,68.2180634662327,64.0842490842491,"WTSSCH2Y|WTSSGL2Y","ok",,-2.00337312882491,0.60486428651871,-3.33467044732201,-0.67207581032781,0.00692763088004474,1.09548395640566,0.0302344535061418,2.16073345930518,0.0448195504811832,-0.907889172419246,-1.7953446794353,-0.0204336654031951,0.0457563038232413,0.288616097514176,0.420286715374257,TRUE,FALSE,FALSE,FALSE
"Pb_ln_U","PhysicalActivity","LE8_no_PA","Continuous","Continuous, per 1 SD",2266,1362,904,68.5619886721208,63.6259481668774,"WTSA2YR","ok",,1.86360925631229,0.597841466984981,0.547769059390927,3.17944945323364,0.00979828358346317,0.708103087288252,-0.129507684460228,1.54571385903673,0.0897116396476632,2.57171234360054,1.02252684412909,4.12089784307199,0.00379594340231443,0.288616097514176,0.420286715374257,TRUE,FALSE,FALSE,FALSE
"DMTP_ln_U","PhysicalActivity","LE8_no_PA","Continuous","Continuous, per 1 SD",1043,643,400,67.4350144412353,63.5660714285714,"WTSB2YR","ok",,-2.54872439810849,1.04393065288867,-4.59479088012767,-0.502657916089314,0.0146276413800388,2.79090566349498,1.55351760453802,4.02829372245194,9.83989058730411e-06,0.242181265386489,-1.35044511371271,1.83480764448569,0.765672542584829,0.288616097514176,0.420286715374257,TRUE,FALSE,FALSE,FALSE
"BP3_ln_U","PhysicalActivity","LE8_no_PA","Continuous","Continuous, per 1 SD",2212,1313,899,68.0720269829181,64.6639122834896,"WTSB2YR","ok",,-2.02322859212422,0.707741153526785,-3.58095636822281,-0.465500816025624,0.0155524192417082,2.60663906197058,1.17472765531519,4.03855046862597,0.00206260027898074,0.583410469846366,-0.521008159394308,1.68782909908704,0.269565630987027,0.288616097514176,0.420286715374257,TRUE,FALSE,FALSE,FALSE
"MMA_binary_U","PhysicalActivity","LE8_no_PA","Binary","Binary 0/1",2272,1364,908,68.5750942605781,63.6493077407174,"WTSA2YR","ok",,3.3726982717538,1.19118345324157,0.750921168222397,5.99447537528521,0.0163316573439012,1.42209938751346,-0.245458335199167,3.08965711022608,0.087276327964693,4.79479765926726,2.57480916400345,7.01478615453108,0.000596073342908171,0.288616097514176,0.420286715374257,TRUE,FALSE,FALSE,FALSE
"BMA_ln_U","PhysicalActivity","LE8_no_PA","Continuous","Continuous, per 1 SD",2244,1352,892,68.5978444632291,63.6891415759129,"WTSA2YR","ok",,1.52463609907123,0.547761471350074,0.319021229359755,2.73025096878271,0.0177955540878237,0.961912485984788,0.204905649035681,1.7189193229339,0.0173756391309813,2.48654858505602,1.46290118829559,3.51019598181645,0.000235091030196248,0.288616097514176,0.420286715374257,TRUE,FALSE,FALSE,FALSE
"MA_ln_U","PhysicalActivity","LE8_no_PA","Continuous","Continuous, per 1 SD",2210,1335,875,68.5708935259497,63.7363265306122,"WTSA2YR","ok",,1.60064322703348,0.57659360530615,0.331569258350911,2.86971719571605,0.0180313693486892,-1.79217841484496,-2.64158491139061,-0.942771918299315,0.000712112992947086,-0.191535187811478,-1.60570071386831,1.22263033824535,0.771180273959249,0.288616097514176,0.420286715374257,TRUE,FALSE,FALSE,FALSE
"PrP_ln_U","PhysicalActivity","LE8_no_PA","Continuous","Continuous, per 1 SD",2212,1313,899,68.0720269829181,64.6639122834896,"WTSB2YR","ok",,-1.61225123450509,0.592590114797798,-2.91653328319204,-0.307969185818132,0.0199070531351613,2.27389948721699,1.37339118463206,3.17440778980192,0.000170758424786649,0.661648252711905,-0.449442063385996,1.7727385688098,0.216672339779808,0.288616097514176,0.420286715374257,TRUE,FALSE,FALSE,FALSE
"PNP_ln_U","PhysicalActivity","LE8_no_PA","Continuous","Continuous, per 1 SD",2222,1341,881,68.3951209118994,64.1981514512729,"WTSB2YR|WTSC2YR","ok",,-1.46243716184936,0.553990343509399,-2.68176168674761,-0.243112636951097,0.0230004054752541,1.64581279416455,0.820015484146724,2.47161010418237,0.00108719318682724,0.18337563231519,-0.715941780380906,1.08269304501129,0.66229376917622,0.288616097514176,0.420286715374257,TRUE,FALSE,FALSE,FALSE
"CYHA_Cys_binary_U","PhysicalActivity","LE8_no_PA","Binary","Binary 0/1",1074,616,458,67.6774118738404,63.1565814098565,"WTSA2YR","ok",,-3.86138117550724,1.70150163930749,-7.19626310818578,-0.526499242828707,0.023244249464229,-10.2196145872481,-12.6385211186277,-7.80070805586846,1.22522549363767e-16,-14.0809957627553,-17.1172465369429,-11.0447449885677,9.94222958472617e-20,0.288616097514176,0.420286715374257,TRUE,FALSE,FALSE,FALSE
"DPHP_ln_U","PhysicalActivity","LE8_no_PA","Continuous","Continuous, per 1 SD",2049,1229,820,68.1797047541555,64.1498257839721,"WTSSBI2Y|WTSSCH2Y","ok",,-1.91500569004726,0.748609454124738,-3.56268398928011,-0.267327390814413,0.0266092681082563,1.0644412063714,0.104665949998942,2.02421646274386,0.032764095808309,-0.850564483675862,-2.0874309902057,0.38630202285398,0.158325516896762,0.304983149856168,0.440531216458909,TRUE,FALSE,FALSE,FALSE
"MeFOSAA_binary_S","PhysicalActivity","LE8_no_PA","Binary","Binary 0/1",2211,1301,910,67.869221477984,64.6993720565149,"WTSB2YR","ok",,3.30930091786974,1.35150769837388,0.33465252999921,6.28394930574026,0.0323259947652616,-0.421066671389115,-2.43284049031899,1.59070714754076,0.654009980612164,2.88823424648062,0.694516841563048,5.0819516513982,0.0145020020734496,0.344040944287427,0.450973920290067,TRUE,FALSE,FALSE,FALSE
"X14_DCB_binary_S","PhysicalActivity","LE8_no_PA","Binary","Binary 0/1",3343,1985,1358,68.4649154372076,64.0022091310751,"WTSVOC2Y","ok",,2.32760687331776,0.988759580976572,0.151361708689893,4.50385203794562,0.0382119815348489,-0.596924499257593,-2.07653265398832,0.882683655473131,0.393568057433952,1.73068237406016,-0.36338664748712,3.82475139560745,0.0962049276661594,0.36300927827085,0.464651876186689,TRUE,FALSE,FALSE,FALSE
"DMP_ln_U","PhysicalActivity","LE8_no_PA","Continuous","Continuous, per 1 SD",1040,640,400,67.4296875,63.6410714285714,"WTSB2YR","ok",,-2.16812637906736,1.05025095987762,-4.22658043515611,-0.109672322978599,0.0389808620961987,1.96506105576638,0.969916478879004,2.96020563265376,0.000108728014981093,-0.203065323300973,-2.08496470271058,1.67883405610863,0.832505838244729,0.36300927827085,0.464651876186689,TRUE,FALSE,FALSE,FALSE
"ATCA_ln_U","PhysicalActivity","LE8_no_PA","Continuous","Continuous, per 1 SD",2197,1321,876,68.5838650373094,63.7622309197652,"WTSA2YR","ok",,1.73716116029604,0.778980964764675,0.0226356168551196,3.45168670373696,0.0475227651781355,-0.600100932509981,-1.76360405223441,0.56340218721445,0.280420258110047,1.13706022778606,-0.291707753556995,2.56582820912911,0.107634225776001,0.408821588851686,0.529982234921422,TRUE,FALSE,FALSE,FALSE
"PMA_binary_U","Sleep","LE8_no_sleep","Binary","Binary 0/1",2222,1227,995,66.4652462451973,62.8528356066045,"WTSA2YR","ok",,4.08533194808786,1.6344872433669,0.48784978107822,7.68281411509749,0.0295348213340164,-3.81069782250719,-5.93618845639479,-1.68520718861959,0.00228815605712929,0.274634125580667,-2.54229688703722,3.09156513819856,0.834018621870665,0.96782499090822,0.450973920290067,TRUE,FALSE,FALSE,FALSE
"NDMA_binary_U","Sleep","LE8_no_sleep","Binary","Binary 0/1",927,525,402,65.5224489795918,62.2157071783937,"WTSSBI2Y","ok",,-4.67362613834059,2.36159026075122,-9.30225799565354,-0.0449942810276402,0.0478141463805418,6.75052351930021,3.23862847106577,10.2624185675346,0.000164943498220583,2.07689738095962,-2.75373405697819,6.90752881889742,0.399411191700905,0.96782499090822,0.529982234921422,TRUE,FALSE,FALSE,FALSE
"X2_AN_ln_U","Smoking","LE8_no_smoking","Continuous","Continuous, per 1 SD",1113,606,507,69.959924563885,66.2552831783601,"WTSA2YR","ok",,-3.56608070346951,1.13658441092731,-5.79374521427671,-1.3384161926623,0.00170371181469053,3.71134159484396,1.88390320340665,5.53877998628127,6.87740519154406e-05,0.145260891374456,-0.986108887048014,1.27663066979692,0.801313718342683,0.225234060542322,0.253853060388889,TRUE,FALSE,FALSE,FALSE
"DETP_binary_U","Smoking","LE8_no_smoking","Binary","Binary 0/1",1043,566,477,67.0583038869258,64.685534591195,"WTSB2YR","ok",,6.5185734709195,2.19823917646903,2.21010385563522,10.8270430862038,0.00302327598043385,-0.709308362604463,-4.3081897992155,2.88957307400657,0.699280478830237,5.80926510831504,2.06356001347189,9.55497020315819,0.00236786495152555,0.225234060542322,0.360374496867715,TRUE,FALSE,FALSE,FALSE
"CEMA_CYM_ln_U","Smoking","LE8_no_smoking","Continuous","Continuous, per 1 SD",2227,1200,1027,68.2035714285714,64.3684796216442,"WTSA2YR","ok",,-3.14753627071485,0.973219475649211,-5.28957789413093,-1.00549464729877,0.0079563127355724,2.82530642213258,0.881984454742157,4.76862838952301,0.00845601267946112,-0.322229848582263,-1.41481058436396,0.770350887199437,0.529576645864013,0.320559767513654,0.420286715374257,TRUE,FALSE,FALSE,FALSE
"X4_MDA_binary_U","Smoking","LE8_no_smoking","Binary","Binary 0/1",1029,564,465,66.9186930091185,63.431643625192,"WTSA2YR","ok",,-4.75727369114119,1.90415408154457,-8.48934711198348,-1.02520027029889,0.0124767325807865,2.29943073275482,-0.574561240972592,5.17342270648223,0.116850115590176,-2.45784295838637,-4.71887328425976,-0.196812632512975,0.0331245724400703,0.320559767513654,0.420286715374257,TRUE,FALSE,FALSE,FALSE
"X1_PY_ln_U","Smoking","LE8_no_smoking","Continuous","Continuous, per 1 SD",2259,1218,1041,68.1691297208539,64.4792095512557,"WTSA2YR","ok",,-1.76646726051438,0.617224785370709,-3.12496985355606,-0.407964667472703,0.0154625720681355,2.20393615635622,0.831656039781922,3.57621627293051,0.00467466606935494,0.437468895841835,-0.739600467041864,1.61453825872553,0.430710966448624,0.320559767513654,0.420286715374257,TRUE,FALSE,FALSE,FALSE
"PMM_Cys_ln_U","Smoking","LE8_no_smoking","Continuous","Continuous, per 1 SD",2229,1208,1021,68.2142857142857,64.4291311039597,"WTSA2YR","ok",,-2.62960100578455,0.925193378214283,-4.66593790144924,-0.593264110119866,0.0160181941579943,2.08404533864495,0.480871000717559,3.68721967657234,0.0154842240467938,-0.545555667139605,-1.62453590301607,0.533424568736864,0.289494639709486,0.320559767513654,0.420286715374257,TRUE,FALSE,FALSE,FALSE
"PFNA_ln_S","Smoking","LE8_no_smoking","Continuous","Continuous, per 1 SD",2211,1189,1022,67.8253033761865,64.5526977914453,"WTSB2YR","ok",,1.77263003647609,0.624180127347749,0.398818838959581,3.14644123399259,0.016083785000635,-0.596364267418578,-1.8993661793334,0.706637644496245,0.335408436283541,1.17626576905751,0.180992895979549,2.17153864213547,0.0246394581438567,0.320559767513654,0.420286715374257,TRUE,FALSE,FALSE,FALSE
"OXY_binary_U","Smoking","LE8_no_smoking","Binary","Binary 0/1",2257,1203,1054,68.0429877686736,64.9288425047438,"WTSB2YR|WTSC2YR","ok",,-4.10325309943579,1.46437068955712,-7.32631125602416,-0.880194942847414,0.0172112626852968,3.2847065065039,0.671596045738192,5.8978169672696,0.0183361600887763,-0.818546592931889,-3.82861171874382,2.19151853288004,0.56160977756878,0.320559767513654,0.420286715374257,TRUE,FALSE,FALSE,FALSE
"PFDA_ln_S","Smoking","LE8_no_smoking","Continuous","Continuous, per 1 SD",2211,1189,1022,67.8253033761865,64.5526977914453,"WTSB2YR","ok",,2.22615757366052,0.814134679811265,0.434259225079969,4.01805592224107,0.0194254726704408,0.0905234880407849,-1.19310435089061,1.37415132697218,0.879461816224141,2.31668106170131,1.00571170117091,3.62765042223171,0.00252186910545255,0.321599491988408,0.420286715374257,TRUE,FALSE,FALSE,FALSE
"MA_ln_U","Smoking","LE8_no_smoking","Continuous","Continuous, per 1 SD",2210,1187,1023,68.3253099049224,64.509844993716,"WTSA2YR","ok",,-2.42111330618247,0.910711126554655,-4.4255749808596,-0.416651631505335,0.0222467376357757,2.20672947312195,0.788537457156361,3.62492148908754,0.00567524178776263,-0.214383833060519,-1.46808091750688,1.03931325138584,0.713799350908964,0.324767007334653,0.420286715374257,TRUE,FALSE,FALSE,FALSE
"X2_HPMA_ln_U","Smoking","LE8_no_smoking","Continuous","Continuous, per 1 SD",2230,1206,1024,68.2444918265814,64.4398716517857,"WTSA2YR","ok",,-2.09806964467425,0.801848291215408,-3.86292583428421,-0.333213455064302,0.0239760877898066,2.49295544713735,1.25402870583432,3.73188218844037,0.00101363232169151,0.394885802463093,-0.747320880904822,1.53709248583101,0.462699989225061,0.324767007334653,0.420286715374257,TRUE,FALSE,FALSE,FALSE
"Harman_ln_U","Smoking","LE8_no_smoking","Continuous","Continuous, per 1 SD",1163,625,538,69.408,65.7740308019118,"WTSA2YR","ok",,-1.68184549812398,0.78229369221889,-3.21511296020586,-0.14857803604209,0.0315639054768207,2.16195720051628,1.06088321753059,3.26303118350197,0.000118898362901475,0.480111702392304,-0.89220585203512,1.85242925681973,0.492900698985959,0.35025397515087,0.450973920290067,TRUE,FALSE,FALSE,FALSE
"MBzP_ln_U","Smoking","LE8_no_smoking","Continuous","Continuous, per 1 SD",2212,1200,1012,68.0089285714286,64.5892151326934,"WTSB2YR","ok",,2.00224172435416,0.813999345886335,0.210641243734038,3.79384220497428,0.0316923357792602,-2.04810857106871,-2.96629926779279,-1.12991787434462,0.000464548236404496,-0.0458668467145444,-1.44523565816734,1.35350196473825,0.943784475399884,0.35025397515087,0.450973920290067,TRUE,FALSE,FALSE,FALSE
"TCC_binary_U","Smoking","LE8_no_smoking","Binary","Binary 0/1",2214,1201,1013,67.9975020815987,64.5903257650543,"WTSB2YR","ok",,3.46185090883037,1.4317298359944,0.310634786546272,6.61306703111448,0.0341305960567236,-2.68016033037377,-5.34418984436051,-0.0161308163870264,0.0488489063717689,0.781690578456607,-2.01069303427569,3.5740741911889,0.550341632186361,0.35025397515087,0.45204078332905,TRUE,FALSE,FALSE,FALSE
"PFHS_ln_S","Smoking","LE8_no_smoking","Continuous","Continuous, per 1 SD",2211,1189,1022,67.8253033761865,64.5526977914453,"WTSB2YR","ok",,1.56114146815094,0.657318779140603,0.114392589812916,3.00789034648896,0.0368241655987624,-0.267414622494832,-1.40715025856114,0.872321013571478,0.615787805827133,1.29372684565611,0.262030158189531,2.32542353312268,0.0185561696070988,0.35025397515087,0.464651876186689,TRUE,FALSE,FALSE,FALSE
"DPHP_ln_U","Smoking","LE8_no_smoking","Continuous","Continuous, per 1 SD",2049,1075,974,68.1328903654485,64.6120563215019,"WTSSBI2Y|WTSSCH2Y","ok",,-2.21721097315392,0.938285981391464,-4.28236449411856,-0.152057452189291,0.037611165116872,1.4937547675168,0.392366196195181,2.59514333883841,0.0124063495409326,-0.723456205637127,-2.24145930580973,0.794546894535476,0.316699451925646,0.35025397515087,0.464651876186689,TRUE,FALSE,FALSE,FALSE
"X3_FL_ln_U","Smoking","LE8_no_smoking","Continuous","Continuous, per 1 SD",2256,1216,1040,68.1796287593985,64.4642857142857,"WTSA2YR","ok",,-2.17935159316666,0.975163967051723,-4.32567301330359,-0.0330301730297222,0.0471239160846,2.34544013411664,0.207353355136544,4.48352691309673,0.0343434958286565,0.166088540949982,-0.846191157953064,1.17836823985303,0.724846801633545,0.391958426535323,0.529982234921422,TRUE,FALSE,FALSE,FALSE
"A_a_C_binary_U","Smoking","LE8_no_smoking","Binary","Binary 0/1",1162,624,538,69.3864468864469,65.833775889538,"WTSA2YR","ok",,3.33371361393349,1.69483201477341,0.011903905132145,6.65552332273484,0.0491846364821605,-2.85645560035479,-4.94655449770548,-0.766356703004103,0.00739294703610857,0.4772580135787,-2.21850059811535,3.17301662527275,0.72859681452019,0.391958426535323,0.529982234921422,TRUE,FALSE,FALSE,FALSE
