"Pollutant","Exposure_Type","Exposure_Scale","n","N_Recommended","N_Short","N_Long","Min_Binary_Cell_N","Any_Sparse_Binary_Cell","Weight_Variables","Overall_Interaction_P","Beta_Int_Short","SE_Int_Short","Low_Int_Short","High_Int_Short","P_Int_Short","Beta_Int_Long","SE_Int_Long","Low_Int_Long","High_Int_Long","P_Int_Long","Beta_Recommended","Low_Recommended","High_Recommended","P_Recommended","Beta_Short","Low_Short","High_Short","P_Short","Beta_Long","Low_Long","High_Long","P_Long","status","error","Overall_Interaction_FDR_BH","Overall_FDR05","Overall_FDR10","Overall_Nominal_P_lt_0_05"
"X25_DMF_binary_S","Binary","Binary 0/1",3370,1856,1015,499,110,FALSE,"WTSVOC2Y",0.0526929629371104,2.96357279022135,1.58912310223705,-0.631273418072291,6.55841899851499,0.0950666846922406,-1.90358600352435,2.72726893146095,-8.07309695170576,4.26592494465705,0.502821075068461,-11.7902611590797,-15.2529215898904,-8.32760072826912,2.9920345181055e-05,-8.8266883688584,-11.8496754749319,-5.80370126278488,9.86861918697436e-05,-13.6938471626041,-18.3095174623705,-9.07817686283767,8.73950918374629e-05,"ok",,0.736436629730385,FALSE,FALSE,FALSE
"X2_NP_ln_U","Continuous","Continuous, per 1 SD",2222,1225,675,322,,FALSE,"WTSA2YR",0.0615364429491649,2.36858353374592,0.972262311765037,0.169173381067904,4.56799368642394,0.0376009175323891,-0.210751005609008,1.22795088829883,-2.98856890313862,2.5670668919206,0.867526836388639,-3.98140448798505,-5.45978549939733,-2.50302347657278,0.000180954166051059,-1.61282095423913,-3.3070172893867,0.081375380908445,0.0596955395916022,-4.19215549359406,-6.59151403241185,-1.79279695477627,0.00334234210812276,"ok",,0.736436629730385,FALSE,FALSE,FALSE
"EO_ln_S","Continuous","Continuous, per 1 SD",2243,1237,677,329,,FALSE,"WTSA2YR",0.0667960570531159,1.22363439909488,0.918933064866673,-0.855136615725367,3.30240541391514,0.215736840065305,-1.13672643214057,1.44744935441861,-4.41108435702628,2.13763149274513,0.45243698670842,-3.88602914314908,-5.44392252220718,-2.32813576409097,0.000316509088666272,-2.66239474405419,-3.79296644602414,-1.53182304208424,0.00047645398948885,-5.02275557528965,-7.17075774076684,-2.87475340981246,0.000500639117929339,"ok",,0.736436629730385,FALSE,FALSE,FALSE
"X23_OH_PH_ln_U","Continuous","Continuous, per 1 SD",2260,1246,682,332,,FALSE,"WTSA2YR",0.0751564643037726,1.4835707327075,0.909766378179516,-0.574463796164272,3.54160526157927,0.137387668788744,-1.47236869447972,1.48505861526934,-4.83180467818644,1.88706728922701,0.347369009691544,-2.0737710495302,-3.88635089162582,-0.261191207434578,0.0293031178324446,-0.590200316822702,-2.03199739049943,0.851596756854029,0.378600084421052,-3.54613974400992,-5.88652738602182,-1.20575210199802,0.0075367232941566,"ok",,0.736436629730385,FALSE,FALSE,FALSE
"X2_FL_ln_U","Continuous","Continuous, per 1 SD",2259,1245,682,332,,FALSE,"WTSA2YR",0.080704911766058,1.38654489205216,0.984990307169047,-0.841657986597103,3.61474777070142,0.192815852111336,-1.24273263105551,1.49200699545168,-4.61788694276155,2.13242168065053,0.426436272415323,-3.61257969334728,-5.23542356226401,-1.98973582443055,0.000703848550374083,-2.22603480129512,-3.65125747261338,-0.800812129976865,0.00638150980973471,-4.85531232440279,-7.36175314874612,-2.34887150005946,0.00176571323583463,"ok",,0.736436629730385,FALSE,FALSE,FALSE
"PMA_binary_U","Binary","Binary 0/1",2222,1227,667,328,148,FALSE,"WTSA2YR",0.0859375822841036,4.22389391841756,1.73895726452291,0.290099286677093,8.15768855015803,0.0380460974277911,3.97905677815798,1.92734961225663,-0.380910952424705,8.33902450874066,0.0689732230079212,-3.80518354908165,-5.99110819506662,-1.61925890309668,0.00341689976005502,0.418710369335911,-2.79599612232848,3.6334168610003,0.774950295347403,0.173873229076327,-3.47688639931007,3.82463285746272,0.916566460900053,"ok",,0.736436629730385,FALSE,FALSE,FALSE
"MA_ln_U","Continuous","Continuous, per 1 SD",2210,1223,659,328,,FALSE,"WTSA2YR",0.0891936069988351,1.39520903015441,0.91307804469298,-0.670317008841591,3.46073506915042,0.160855025606646,-2.25809306500877,1.54254213556501,-5.7475658058952,1.23137967587765,0.177260336972385,-1.04345904702478,-2.7280381245592,0.641120030509636,0.194674931673432,0.351749983129633,-0.981145752538194,1.68464571879746,0.565233520774479,-3.30155211203355,-6.10736322179677,-0.49574100227034,0.0259672301107682,"ok",,0.736436629730385,FALSE,FALSE,FALSE
"BCPP_binary_U","Binary","Binary 0/1",2053,1120,626,307,147,FALSE,"WTSSBI2Y|WTSSCH2Y",0.0999754233800668,0.876521693331557,2.31548871281393,-4.36147768373887,6.11452107040198,0.713799240577137,4.85018783398528,2.00798844411189,0.307802392321549,9.39257327564901,0.0389000598178527,-2.32526410952698,-5.21753195007442,0.567003731020467,0.102317072108895,-1.44874241619542,-5.41558816042589,2.51810332803505,0.430064936720284,2.5249237244583,-1.42413709880075,6.47398454771736,0.181986612935307,"ok",,0.736436629730385,FALSE,FALSE,FALSE
"MB3_Cys_ln_U","Continuous","Continuous, per 1 SD",2197,1210,661,326,,FALSE,"WTSA2YR",0.110066703852511,0.490642092417965,0.655724094690354,-0.992708865205187,1.97399305004112,0.473411144566292,-2.37102617116456,1.42473882603605,-5.59400931159871,0.851956969269595,0.130433961466929,-2.38160400720405,-3.79564582931974,-0.967562185088356,0.00415283962170999,-1.89096191478608,-3.07318483166487,-0.708738997907304,0.0055864209911389,-4.75263017836861,-7.1636445233591,-2.34161583337812,0.00157907665226602,"ok",,0.736436629730385,FALSE,FALSE,FALSE
"Sb_ln_U","Continuous","Continuous, per 1 SD",2266,1251,682,333,,FALSE,"WTSA2YR",0.111444967510067,1.60494935081261,0.718464082720933,-0.0203293201277928,3.23022802175301,0.052365569275107,0.539621397736094,0.771863256431883,-1.20645459650204,2.28569739197423,0.502145940296509,-0.185119957553512,-1.31965882488103,0.949418909774004,0.720579559454502,1.4198293932591,0.189781683597185,2.64987710292101,0.0282160550839572,0.354501440182582,-0.833054280810192,1.54205716117536,0.516467256694128,"ok",,0.736436629730385,FALSE,FALSE,FALSE
"MINP_binary_U","Binary","Binary 0/1",2213,1217,685,311,87,FALSE,"WTSB2YR",0.112012566421446,-2.81278785906608,1.18919646829521,-5.50293716779441,-0.122638550337752,0.0422340757874254,0.942711938144271,2.53433947896496,-4.79036226715857,6.67578614344712,0.718518445998015,2.07979989369586,-0.0336429250567951,4.19324271244851,0.0530293122143611,-0.732987965370227,-3.84529117258381,2.37931524184336,0.607096318490956,3.02251183184013,-1.38287098590891,7.42789464958916,0.155064851685281,"ok",,0.736436629730385,FALSE,FALSE,FALSE
"BPS_ln_U","Continuous","Continuous, per 1 SD",2211,1216,684,311,,FALSE,"WTSB2YR",0.11827866808167,0.278315347944738,0.940764884608837,-1.84984267428217,2.40647337017165,0.774064984527858,-2.13397454889274,1.0554999492322,-4.52168131938151,0.253732221596034,0.0739108654952863,0.160202514224838,-1.07769364438593,1.39809867283561,0.776345010801012,0.438517862169576,-1.13162605448937,2.00866177882852,0.543238569664562,-1.9737720346679,-4.01382154885433,0.0662774795185344,0.0563728985424971,"ok",,0.736436629730385,FALSE,FALSE,FALSE
"X3_HPMA_ln_U","Continuous","Continuous, per 1 SD",2170,1194,664,312,,FALSE,"WTSA2YR",0.121972823156966,0.92343004600524,1.02451734639255,-1.39418920754768,3.24104929955816,0.390893986702222,-1.90580645517027,1.33381845798047,-4.92311343376325,1.1115005234227,0.186825623334162,-2.03742924612846,-3.61110122314571,-0.463757269111216,0.0167894891337441,-1.11399920012322,-2.53371592985595,0.305717529609509,0.109632829398962,-3.94323570129874,-6.1348741795292,-1.75159722306827,0.00279916646982612,"ok",,0.736436629730385,FALSE,FALSE,FALSE
"ATCA_ln_U","Continuous","Continuous, per 1 SD",2197,1221,650,326,,FALSE,"WTSA2YR",0.125140248163738,1.65155567025606,0.742241652340414,-0.0275116001129849,3.3306229406251,0.0531207443371747,1.0692751783142,1.02204545816495,-1.24275227557902,3.38130263220743,0.322747312343104,-0.482866371492951,-1.8691919020463,0.903459159060396,0.450993477851159,1.16868929876311,-0.744583666336765,3.08196226386298,0.200364378816369,0.586408806821254,-1.51325149202942,2.68606910567193,0.54323527970207,"ok",,0.736436629730385,FALSE,FALSE,FALSE
"X2_MHA_ln_U","Continuous","Continuous, per 1 SD",2124,1172,632,320,,FALSE,"WTSA2YR",0.127466612480186,0.0740195049471058,0.908668799789236,-1.98153212910736,2.12957113900157,0.936859492996123,-2.55845252031524,1.13517124818623,-5.1263882904023,0.00948324977182669,0.0506873082310722,-0.276918265496558,-1.72277701939027,1.16894048839715,0.675024351601895,-0.202898760549452,-1.79781816273761,1.39202064163871,0.7800305905205,-2.83537078581179,-5.37942049828532,-0.291321073338271,0.0327042737717817,"ok",,0.736436629730385,FALSE,FALSE,FALSE
"X34_MHA_ln_U","Continuous","Continuous, per 1 SD",2248,1240,679,329,,FALSE,"WTSA2YR",0.127494116736013,0.173449611256724,1.00614834033606,-2.10261606367203,2.44951528618547,0.866945480758809,-2.56048502963761,1.12683774948097,-5.10956911593739,-0.0114009433378293,0.0491798205342348,-1.12249788503087,-2.70803996977426,0.463044199712515,0.143727234897863,-0.949048273774148,-2.77241038600674,0.87431383845844,0.269218216910071,-3.68298291466848,-6.20102039937899,-1.16494542995797,0.00910243468763811,"ok",,0.736436629730385,FALSE,FALSE,FALSE
"X1_PH_ln_U","Continuous","Continuous, per 1 SD",2260,1246,682,332,,FALSE,"WTSA2YR",0.12759718723203,1.23595723579112,0.891511013441628,-0.780780788979351,3.25269526056158,0.19901502282676,-1.88378970432929,1.40524159074611,-5.06266703429754,1.29508762563896,0.212921858633643,-1.22756262826027,-2.76349431518367,0.308369058663126,0.104066736832647,0.00839460753084431,-1.26481571799327,1.28160493305496,0.98842540186081,-3.11135233258956,-5.63305946128462,-0.589645203894503,0.0210156061860736,"ok",,0.736436629730385,FALSE,FALSE,FALSE
"X3_FL_ln_U","Continuous","Continuous, per 1 SD",2256,1243,681,332,,FALSE,"WTSA2YR",0.133651501357071,1.09106496693262,1.06791808000046,-1.32473356702214,3.50686350088737,0.333611161874139,-1.38373307520919,1.6481193305572,-5.11203802397535,2.34457187355697,0.422882939467665,-2.74374361684894,-4.52340088339873,-0.964086350299148,0.00685572332520116,-1.65267864991632,-3.12904066859919,-0.176316631233457,0.0321129771511526,-4.12747669205813,-6.67153914578917,-1.58341423832709,0.00515392407322727,"ok",,0.736436629730385,FALSE,FALSE,FALSE
"BMA_ln_U","Continuous","Continuous, per 1 SD",2244,1238,678,328,,FALSE,"WTSA2YR",0.135890833917353,1.52232957880623,0.749170967402092,-0.172412891262877,3.21707204887533,0.0726968945102277,-0.808055728490432,1.22775397821757,-3.58542818446929,1.96931672748843,0.52691177689937,1.47807651116952,0.492283685165796,2.46386933717324,0.00797593467757297,3.00040608997574,1.71943070510003,4.28138147485146,0.000494765010000381,0.670020782679085,-1.65455867838673,2.9946002437449,0.530680087477045,"ok",,0.736436629730385,FALSE,FALSE,FALSE
"NPMA_ln_U","Continuous","Continuous, per 1 SD",2224,1223,674,327,,FALSE,"WTSA2YR",0.152715758899552,1.19260638974851,0.87764403904299,-0.792762359559741,3.17797513905676,0.207262839108994,-1.44815308476427,1.08673245088165,-3.90651268257143,1.0102065130429,0.215423162106662,0.597157796665451,-0.579133570766295,1.7734491640972,0.280405873432834,1.78976418641396,0.312002776650711,3.2675255961772,0.0228561365552739,-0.850995288098819,-3.00942810120649,1.30743752500885,0.395671049661582,"ok",,0.736436629730385,FALSE,FALSE,FALSE
"CEMA_CEM_ln_U","Continuous","Continuous, per 1 SD",2240,1233,677,330,,FALSE,"WTSA2YR",0.169452618372556,0.979483701729472,0.853631068703005,-0.951563934724118,2.91053133818306,0.280789129484483,-1.81861190317788,1.17367332442737,-4.47364542081644,0.836421614460678,0.155670639061169,-2.87520827542866,-4.2771790110564,-1.47323753980091,0.00122046085608175,-1.89572457369919,-3.18403548263553,-0.60741366476284,0.00881702436147322,-4.69382017860654,-7.17434360330982,-2.21329675390325,0.00204811319995739,"ok",,0.736436629730385,FALSE,FALSE,FALSE
"CEMA_CYM_ln_U","Continuous","Continuous, per 1 SD",2227,1227,672,328,,FALSE,"WTSA2YR",0.170934101909661,0.90166842172917,0.786477106864129,-0.877466398940329,2.68080324239867,0.281168595319725,-0.983941301355641,1.41992798513281,-4.19604156358144,2.22815896087016,0.505826323046126,-3.56233984120491,-4.99609703407473,-2.12858264833508,0.000325583262625327,-2.66067141947574,-3.86293950028448,-1.45840333866699,0.000732691101378371,-4.54628114256055,-6.8457921357422,-2.2467701493789,0.00154922861821828,"ok",,0.736436629730385,FALSE,FALSE,FALSE
"TCC_binary_U","Binary","Binary 0/1",2214,1217,686,311,126,FALSE,"WTSB2YR",0.171318728398817,3.50000322560088,1.92515783211631,-0.855006353838095,7.85501280503985,0.102422059214659,0.523127976889587,2.48507223566692,-5.0984959810953,6.14475193487447,0.837959832861771,-2.06054997777672,-5.464492902038,1.34339294648457,0.20407678059534,1.43945324782416,-1.12361711548941,4.00252361113773,0.235779852322835,-1.53742200088713,-5.76702416057439,2.69218015880013,0.432165723036311,"ok",,0.736436629730385,FALSE,FALSE,FALSE
"MEOHP_ln_U","Continuous","Continuous, per 1 SD",2212,1217,684,311,,FALSE,"WTSB2YR",0.172196339699893,-1.42471614222386,0.696490595362128,-3.00028733134388,0.150855046896165,0.0711222792230699,-0.157614002625071,0.737738805762763,-1.8264951263555,1.51126712110536,0.835585561643035,0.0593055616375858,-1.08672661177261,1.20533773504778,0.909380498386405,-1.36541058058627,-2.84476971230043,0.11394855112788,0.0664077129683837,-0.0983084409874854,-1.87899137069899,1.68237448872402,0.903355875807948,"ok",,0.736436629730385,FALSE,FALSE,FALSE
"MEHHP_ln_U","Continuous","Continuous, per 1 SD",2212,1217,684,311,,FALSE,"WTSB2YR",0.175054170592808,-1.36944024973402,0.667078916133425,-2.87847759801691,0.139597098548872,0.0702842247034099,-0.548530439720324,0.721196827699951,-2.17999100928911,1.08293012984846,0.466363863796313,0.00846217982613937,-1.115826304109,1.13275066376128,0.986786899424248,-1.36097806990788,-2.77435712300612,0.0524009831903611,0.0573342099395374,-0.540068259894185,-2.25328739212658,1.17315087233821,0.49384972666164,"ok",,0.736436629730385,FALSE,FALSE,FALSE
"X1_PY_ln_U","Continuous","Continuous, per 1 SD",2259,1246,681,332,,FALSE,"WTSA2YR",0.18522010268508,0.621863591629568,1.16283505272975,-2.00865205205586,3.252379235315,0.60575832281938,-1.94585135829901,1.38200526171031,-5.07216446010179,1.18046174350378,0.192724726097254,-0.358621298023992,-2.27935470965632,1.56211211360834,0.68266724192762,0.263242293605577,-1.60986696044317,2.13635154765433,0.757799672363,-2.304472656323,-4.49885722116231,-0.110088091483685,0.0415230083751869,"ok",,0.736436629730385,FALSE,FALSE,FALSE
"MHBP_ln_U","Continuous","Continuous, per 1 SD",2131,1176,650,305,,FALSE,"WTSB2YR|WTSSBH2Y",0.188005725418632,-1.10923572988083,0.729467726202442,-2.7594063717398,0.540934911978141,0.16268109601646,-1.12497314604206,0.762150669484563,-2.84907774214801,0.599131450063895,0.174038947554883,2.02813864243163,0.717125400316366,3.33915188454689,0.00672818009892514,0.918902912550797,-1.01975331951545,2.85755914461705,0.311521033611821,0.903165496389573,-0.97113649482578,2.77746748760493,0.304010170916073,"ok",,0.736436629730385,FALSE,FALSE,FALSE
"Ba_ln_U","Continuous","Continuous, per 1 SD",2266,1251,682,333,,FALSE,"WTSA2YR",0.196337200027705,-0.656980336448346,1.04369541727141,-3.01798340040853,1.70402272751183,0.544683816010186,-1.59745212139968,0.824225189704772,-3.46197903804904,0.267074795249677,0.0845632324420547,1.12435524304583,-0.510411710355446,2.7591221964471,0.154165139898085,0.467374906597482,-0.875047953419211,1.80979776661417,0.451180761942417,-0.473096878353854,-2.38697672288241,1.4407829661747,0.589674870455262,"ok",,0.736436629730385,FALSE,FALSE,FALSE
"Se_ln_S","Continuous","Continuous, per 1 SD",3437,1886,1040,511,,FALSE,"WTSH2YR",0.206383675479409,-0.0416231206000351,0.741673274159313,-1.71940463019552,1.63615838899545,0.956471912369416,1.5696996855266,0.810581434650855,-0.263962912900081,3.40336228395327,0.0847826142709259,-0.891495285816322,-1.63096632822857,-0.152024243404076,0.0233303381120951,-0.933118406416358,-2.50466896252279,0.638432149690077,0.212103222836107,0.678204399710274,-1.08047393966911,2.43688273908966,0.405682169043367,"ok",,0.736436629730385,FALSE,FALSE,FALSE
"Sn_ln_U","Continuous","Continuous, per 1 SD",2265,1250,682,333,,FALSE,"WTSA2YR",0.228400174261228,1.45578285201628,0.868351601431539,-0.508564942989363,3.42013064702193,0.12795825880549,2.23451678096044,1.56410162885078,-1.3037269220887,5.77276048400958,0.186883887121764,-1.62401081419111,-3.11330400119053,-0.134717627191687,0.0357583224941566,-0.168227962174822,-2.00344505972416,1.66698913537452,0.840341536691039,0.61050596676933,-2.18394486439313,3.40495679793179,0.632991965303186,"ok",,0.736436629730385,FALSE,FALSE,FALSE
"Mn_binary_U","Binary","Binary 0/1",2268,1252,682,334,107,FALSE,"WTSA2YR",0.236800136488863,1.8869677195792,2.20427784764598,-3.09945520227057,6.87339064142897,0.414181071048574,-2.86793921564699,2.76614195753726,-9.12538705820655,3.38950862691257,0.32688132850473,-1.98238976982806,-4.9426998277366,0.977920288080486,0.164107137286805,-0.0954220502488554,-3.29925000659522,3.10840590609751,0.947755783979609,-4.85032898547504,-10.1908000192746,0.490142048324484,0.0700970157768243,"ok",,0.736436629730385,FALSE,FALSE,FALSE
"Cd_ln_S","Continuous","Continuous, per 1 SD",3437,1886,1040,511,,FALSE,"WTSH2YR",0.248643805967983,-0.0537606892080734,0.611494268312173,-1.4370568282805,1.32953544986436,0.931867847267212,-1.89292666829914,1.08706353350249,-4.35203522702853,0.566181890430259,0.115610920812648,-2.7502375948317,-3.93742075084044,-1.56305443882297,0.000534384021902379,-2.80399828403978,-4.13562690853834,-1.47236965954121,0.00102477756796938,-4.64316426313084,-6.67104126216502,-2.61528726409666,0.000579669552575833,"ok",,0.736436629730385,FALSE,FALSE,FALSE
"CEMA_AAM_ln_U","Continuous","Continuous, per 1 SD",2190,1207,658,325,,FALSE,"WTSA2YR",0.24900945879383,1.45016254576114,0.896022043190481,-0.576780137267292,3.47710522878957,0.140020176789535,-0.145735245750935,1.21933953540008,-2.90407290963926,2.61260241813739,0.907488946424016,-1.13493745372098,-2.586971031044,0.317096123602035,0.110830155422804,0.315225092040156,-1.2489798450835,1.87943002916381,0.659277100587111,-1.28067269947192,-3.61053055355696,1.04918515461313,0.245113022594376,"ok",,0.736436629730385,FALSE,FALSE,FALSE
"HEMA_binary_U","Binary","Binary 0/1",2238,1231,676,331,164,FALSE,"WTSA2YR",0.252670943761593,2.60535265268351,1.64162111088984,-1.10825230191668,6.31895760728369,0.146960926539914,-1.9243929046344,2.44360161688176,-7.45220380528876,3.60341799601996,0.451216547127789,-4.29670382180006,-6.20081184986589,-2.39259579373423,0.000641108500764288,-1.69135116911655,-5.2763883487077,1.8936860104746,0.313652626929962,-6.22109672643446,-11.1822353914166,-1.25995806145229,0.019508975753269,"ok",,0.736436629730385,FALSE,FALSE,FALSE
"Pb_ln_S","Continuous","Continuous, per 1 SD",3437,1886,1040,511,,FALSE,"WTSH2YR",0.253896502212001,0.153947431114953,0.734596058072385,-1.50782430341682,1.81571916564672,0.838672245971802,-1.27725031011389,0.760958250600925,-2.99865746730116,0.444156847073385,0.127562763807588,0.840961946317564,-0.422804493306964,2.10472838594209,0.166499521063389,0.994909377432518,-0.781335471389651,2.77115422625469,0.236931361272967,-0.436288363796325,-2.10128449414679,1.22870776655414,0.567931215251419,"ok",,0.736436629730385,FALSE,FALSE,FALSE
"CMAC_ln_U","Continuous","Continuous, per 1 SD",2229,1227,677,325,,FALSE,"WTSA2YR",0.27424489746628,-0.311845188379887,0.714158866476885,-1.92738478355642,1.30369440679664,0.672645757974735,-2.48818537751753,1.45943089661305,-5.78964743389975,0.813276678864687,0.122405819545454,-1.77571855771598,-3.17661505260032,-0.374822062831647,0.0185546577832068,-2.08756374609587,-3.51151987354494,-0.663607618646805,0.00899184605391826,-4.26390393523351,-7.21599856540076,-1.31180930506627,0.00972331491822228,"ok",,0.736436629730385,FALSE,FALSE,FALSE
"TCPY_ln_U","Continuous","Continuous, per 1 SD",2243,1216,686,341,,FALSE,"WTSB2YR|WTSC2YR",0.275684794634984,-1.03421829462542,0.667807573370587,-2.54490398009659,0.476467390845739,0.155867554294003,-1.29009842300236,0.942953835069732,-3.4232081951934,0.843011349188669,0.204448534922827,2.05504092310524,1.10761486479837,3.00246698141211,0.0008397424555526,1.02082262847981,-0.42974751920254,2.47139277616217,0.145855728316968,0.764942500102874,-1.14878467283994,2.67866967304569,0.389443588022251,"ok",,0.736436629730385,FALSE,FALSE,FALSE
"MCPP_ln_U","Continuous","Continuous, per 1 SD",2212,1217,684,311,,FALSE,"WTSB2YR",0.281130412966847,-1.10145223935679,0.692842764619229,-2.66877146203309,0.465866983319507,0.14635257262363,-2.1082864054132,1.53298066876009,-5.57612960568001,1.35955679485362,0.202303984743303,1.18768570816144,-0.0756348738972907,2.45100629022017,0.0623527991388967,0.0862334688046469,-1.02747624887057,1.19994318647986,0.864833802905154,-0.920600697251757,-3.58267957149686,1.74147817699334,0.454127816844133,"ok",,0.736436629730385,FALSE,FALSE,FALSE
"HIBP_ln_U","Continuous","Continuous, per 1 SD",2131,1176,650,305,,FALSE,"WTSB2YR|WTSSBH2Y",0.287641862053202,-1.48016184086677,0.935918465754456,-3.59735650196832,0.637032820234784,0.148220788502835,-0.488059885423335,1.16669560695791,-3.12730870950837,2.1511889386617,0.685513574427803,0.939483716796698,-0.423000608204828,2.30196804179822,0.153228542412729,-0.540678124070068,-2.05287667550191,0.97152042736177,0.439474807267671,0.451423831373362,-1.49635989714317,2.39920755988989,0.612747078250569,"ok",,0.736436629730385,FALSE,FALSE,FALSE
"X24_DCP_ln_U","Continuous","Continuous, per 1 SD",2212,1217,684,311,,FALSE,"WTSB2YR",0.288360096380918,-1.73912874963602,1.07268456471127,-4.16570982112068,0.68745232184865,0.139406657838726,-1.36785977730371,1.02341290417372,-3.68298060898042,0.947261054372989,0.214167366058417,1.17365805521321,-0.356932904234303,2.70424901466072,0.116833890418196,-0.565470694422806,-2.15504488934569,1.02410350050008,0.441712509503519,-0.194201722090503,-1.76780322160825,1.37939977742724,0.786417540386904,"ok",,0.736436629730385,FALSE,FALSE,FALSE
"U_ln_U","Continuous","Continuous, per 1 SD",2266,1251,682,333,,FALSE,"WTSA2YR",0.296682174489572,0.639340251577449,0.619256426535508,-0.76151510931867,2.04019561247357,0.328814434708527,-0.674629392604955,1.06693492629488,-3.08820387836248,1.73894509315257,0.542914310547782,-0.677038098350348,-1.57355070724041,0.219474510539713,0.121745034325533,-0.0376978467728982,-1.18531165471479,1.10991596116899,0.942389649962138,-1.3516674909553,-3.25471035964171,0.551375377731102,0.142574828934084,"ok",,0.736436629730385,FALSE,FALSE,FALSE
"PNP_ln_U","Continuous","Continuous, per 1 SD",2222,1199,679,344,,FALSE,"WTSB2YR|WTSC2YR",0.30629047435119,-1.25538935861546,0.955566064631694,-3.41702997624894,0.906251259018024,0.221425465102428,-0.962076787822112,1.06550682238941,-3.37242067810067,1.44826710245645,0.39009004206702,1.9326458040227,0.705659163521305,3.15963244452409,0.00608908877342697,0.67725644540724,-1.43309245334103,2.78760534415551,0.486303296947834,0.970569016200584,-0.984146212377167,2.92528424477833,0.290410826962462,"ok",,0.736436629730385,FALSE,FALSE,FALSE
"MCNP_ln_U","Continuous","Continuous, per 1 SD",2212,1217,684,311,,FALSE,"WTSB2YR",0.308329347860623,-0.811042457220019,0.838321336666649,-2.70745707368705,1.08537215924701,0.358591269723063,-1.60640030820962,1.02682738426333,-3.92924523047826,0.71644461405902,0.152155403006066,0.968093996646215,-0.531701714357669,2.4678897076501,0.1782475052621,0.157051539426196,-1.17279404541074,1.48689712426313,0.795370549081787,-0.638306311563407,-2.63960436424821,1.36299174112139,0.488916901574452,"ok",,0.736436629730385,FALSE,FALSE,FALSE
"PGA_ln_U","Continuous","Continuous, per 1 SD",2211,1216,667,328,,FALSE,"WTSA2YR",0.315884093979313,0.287265921460505,0.77370677045421,-1.46298039122795,2.03751223414896,0.719014771252138,-1.72159422601249,1.16735171174347,-4.36232726223772,0.919138810212738,0.174371206524891,-0.332039124432816,-1.51536908377013,0.851290834904495,0.541386204287372,-0.044773202972311,-1.65839322914362,1.568846823199,0.951323008493956,-2.05363335044531,-4.19777435690873,0.0905076560181142,0.0584296906706813,"ok",,0.736436629730385,FALSE,FALSE,FALSE
"Thiocyanate_ln_U","Continuous","Continuous, per 1 SD",2249,1243,679,327,,FALSE,"WTSA2YR",0.317657588866208,-0.0043648889122094,1.09222419441927,-2.47514767369925,2.46641789587483,0.996898577653379,-1.9615370876364,1.45547495982312,-5.2540501932737,1.33097601800089,0.210698601493929,-1.51618013599305,-3.3493596812343,0.316999409248196,0.0941517371081755,-1.52054502490526,-2.94404203818682,-0.0970480116237094,0.0388404347632373,-3.47771722362946,-6.02624398291998,-0.929190464338932,0.0129935625931504,"ok",,0.736436629730385,FALSE,FALSE,FALSE
"PMM_Cys_ln_U","Continuous","Continuous, per 1 SD",2229,1229,674,326,,FALSE,"WTSA2YR",0.317690346210089,0.613173828329615,0.809186509950024,-1.21733323119351,2.44368088785274,0.467967191859844,-1.50201676997981,1.36438008291437,-4.58845894732377,1.58442540736415,0.299520062728016,-2.32265489449061,-3.82403196829529,-0.821277820685941,0.00672780956811298,-1.709481066161,-3.05924822901843,-0.359713903303564,0.0186271951226045,-3.82467166447042,-6.30878166562518,-1.34056166331566,0.00690649045967822,"ok",,0.736436629730385,FALSE,FALSE,FALSE
"MCOP_ln_U","Continuous","Continuous, per 1 SD",2212,1217,684,311,,FALSE,"WTSB2YR",0.324762995506668,-1.10147032687283,0.75400643657079,-2.80715138815739,0.604210734411735,0.178076703836987,-1.67337060860798,1.35743805936372,-4.74410883765252,1.39736762043655,0.24890147835712,0.885994850591855,-0.536077094887585,2.3080667960713,0.192322764768003,-0.215475476280973,-1.42614176868801,0.99519081612606,0.696622795482869,-0.787375758016128,-3.16841759188792,1.59366607585567,0.473515828376146,"ok",,0.736436629730385,FALSE,FALSE,FALSE
"Mo_ln_U","Continuous","Continuous, per 1 SD",2265,1250,682,333,,FALSE,"WTSA2YR",0.331023381014086,-1.15248251456017,0.824769753481904,-3.01824132005857,0.713276290938227,0.195801157414814,-1.36011261840358,1.31478004050012,-4.33435170452503,1.61412646771787,0.327907619561135,1.86232711941668,0.674165407719961,3.0504888311134,0.00625782978093063,0.709844604856508,-0.935915180667666,2.35560439038068,0.354704165783134,0.502214501013104,-2.35877950222925,3.36320850425546,0.700549315710187,"ok",,0.736436629730385,FALSE,FALSE,FALSE
"Furan_binary_S","Binary","Binary 0/1",3375,1859,1017,499,83,FALSE,"WTSVOC2Y",0.338014320217997,2.30314057143674,1.75406894119627,-1.66483904793227,6.27112019080575,0.221663705527095,-0.0340314244212869,2.44950909571609,-5.5752059706348,5.50714312179222,0.989218322400525,-11.4132317352202,-15.0251650955489,-7.80129837489147,5.37736912113279e-05,-9.11009116378343,-12.1704891864121,-6.04969314115478,8.51885053321747e-05,-11.4472631596415,-15.7613892862512,-7.13313703303168,0.000201881434605993,"ok",,0.736436629730385,FALSE,FALSE,FALSE
"EtP_binary_U","Binary","Binary 0/1",2214,1217,686,311,149,FALSE,"WTSB2YR",0.340867582368842,-2.04258081335024,2.08462811643707,-6.75833723871889,2.67317561201841,0.35277294554203,0.305620294717778,2.46160336319093,-5.26291338529274,5.8741539747283,0.903921270826405,3.06303319091042,0.704028919259713,5.42203746256112,0.016559731277055,1.02045237756018,-2.49851601535544,4.53942077047579,0.528239973772151,3.3686534856282,-1.13397884663722,7.87128581789362,0.124813953348753,"ok",,0.736436629730385,FALSE,FALSE,FALSE
"DBUP_binary_U","Binary","Binary 0/1",2051,1119,625,307,141,FALSE,"WTSSBI2Y|WTSSCH2Y",0.342709172061625,-1.00552763505835,1.94211669337521,-5.39890082396704,3.38784555385035,0.617118851601772,2.98806057853474,2.35628959461628,-2.34223680555336,8.31835796262283,0.236575419846288,-1.12745326140006,-3.57917155090537,1.32426502810525,0.325347758004226,-2.13298089645841,-5.88589688975876,1.61993509684194,0.230640275653831,1.86060731713468,-3.12606588239882,6.84728051666817,0.420511406848273,"ok",,0.736436629730385,FALSE,FALSE,FALSE
"m_p_Xylene_binary_S","Binary","Binary 0/1",3358,1849,1013,496,178,FALSE,"WTSVOC2Y",0.35259059728511,-1.41902563519335,1.47815954850744,-4.76285484560802,1.92480357522132,0.362136774892131,2.1977957749932,1.8499325202791,-1.9870423264495,6.38263387643589,0.26522242845079,-1.50479617076176,-3.70308250688484,0.693490165361323,0.155905508126784,-2.92382180595511,-5.77349347348492,-0.0741501384253014,0.0454099279529864,0.692999604231435,-3.35259710376581,4.73859631222868,0.707389919484038,"ok",,0.736436629730385,FALSE,FALSE,FALSE
"X25_DCP_ln_U","Continuous","Continuous, per 1 SD",2212,1217,684,311,,FALSE,"WTSB2YR",0.360763541774029,-1.08030996004785,0.865630423984508,-3.03850202400045,0.877882103904754,0.243520935469162,0.492664793245143,1.09360891289581,-1.98125044236207,2.96658002885236,0.663010266444625,0.304571833543856,-1.10163841149582,1.71078207858353,0.635882603254381,-0.775738126503993,-2.37694442091118,0.825468167903195,0.301559320512783,0.797236626788999,-1.11512852462814,2.70960177820614,0.370275244657516,"ok",,0.736436629730385,FALSE,FALSE,FALSE
"Co_ln_U","Continuous","Continuous, per 1 SD",2266,1251,682,333,,FALSE,"WTSA2YR",0.362047686829904,1.26114796353058,0.896825245024891,-0.76761168828073,3.28990761534189,0.193228747976954,0.76528377640567,0.9724145136777,-1.43447068091927,2.96503823373061,0.451511263272275,0.711493536314141,-0.276710918725377,1.69969799135366,0.137812443278775,1.97264149984472,0.0944089098826355,3.85087408980681,0.0415081292209237,1.47677731271981,-0.725449300197721,3.67900392563734,0.163584759612218,"ok",,0.736436629730385,FALSE,FALSE,FALSE
"BCETP_ln_U","Continuous","Continuous, per 1 SD",2049,1119,624,306,,FALSE,"WTSSBI2Y|WTSSCH2Y",0.365429462334992,1.41566410252486,0.958230242877377,-0.752003305010063,3.58333151005978,0.173692001054737,0.106800694829206,0.882809565640115,-1.89025328747035,2.10385467712876,0.906366207868881,-0.753246860925508,-2.17888888367912,0.672395161828102,0.262542444681335,0.662417241599352,-1.01578745120163,2.34062193440033,0.395151225296811,-0.646446166096301,-2.63464478964944,1.34175245745683,0.480749588269896,"ok",,0.736436629730385,FALSE,FALSE,FALSE
"AsC_binary_U","Binary","Binary 0/1",2272,1255,681,336,66,FALSE,"WTSA2YR",0.366552804491062,-2.60365431147373,2.38935163030387,-8.00874321640921,2.80143459346175,0.304164509192612,0.72078847613671,2.40274151275436,-4.71459044729316,6.15616739956658,0.771001145694445,1.36429047301305,-1.96312475490118,4.69170570092728,0.377860362608666,-1.23936383846068,-4.7158439867474,2.23711630982604,0.440767551399456,2.08507894914976,-2.4254809048839,6.59563880318342,0.322962638747395,"ok",,0.736436629730385,FALSE,FALSE,FALSE
"Perchlorate_ln_U","Continuous","Continuous, per 1 SD",2254,1244,680,330,,FALSE,"WTSA2YR",0.368218314865193,0.180197474934941,1.331408957847,-2.83165883567234,3.19205378554222,0.895319038825287,-1.34409256913349,1.0856939704291,-3.80010296094651,1.11191782267953,0.247035670692284,2.42921950244253,0.821212434172272,4.03722657071278,0.00765882716574507,2.60941697737747,0.342966601353637,4.8758673534013,0.0285281221612414,1.08512693330904,-1.25669996464652,3.42695383126459,0.321874010860663,"ok",,0.736436629730385,FALSE,FALSE,FALSE
"Mn_ln_S","Continuous","Continuous, per 1 SD",3437,1886,1040,511,,FALSE,"WTSH2YR",0.396636458849775,0.997637871406323,0.702787387604578,-0.592177651387612,2.58745339420026,0.189435459544864,0.857175127346264,0.952227301499389,-1.29691268335258,3.01126293804511,0.391474981322072,-1.08708029370045,-1.86513218492078,-0.30902840248013,0.0115382269669158,-0.0894424222941314,-1.32633251381538,1.14744766922712,0.873674773794179,-0.22990516635419,-2.29350066938172,1.83369033667334,0.806681263550761,"ok",,0.765970421270099,FALSE,FALSE,FALSE
"AsB_binary_U","Binary","Binary 0/1",2272,1255,681,336,160,FALSE,"WTSA2YR",0.418687105613783,-1.40847313285669,1.77450561097744,-5.4226837111549,2.60573744544152,0.44777499954871,-2.00172380246957,1.80836783273631,-6.09253604826788,2.08908844332875,0.297034022099198,1.79197350673035,-0.523467150197183,4.10741416365789,0.113911684817475,0.383500373873663,-2.54138991551528,3.3083906632626,0.773498723230357,-0.209750295739214,-3.96730974296538,3.54780915148695,0.902289763562382,"ok",,0.765970421270099,FALSE,FALSE,FALSE
"MnBP_ln_U","Continuous","Continuous, per 1 SD",2212,1217,684,311,,FALSE,"WTSB2YR",0.420159205316548,-0.997077088832604,0.724407294680364,-2.63580023927706,0.64164606161185,0.201969838924412,0.0836801593396802,0.952023255882414,-2.06994606810519,2.23730638678455,0.93188309703252,-0.135901747190624,-1.23025176702797,0.958448272646721,0.785118694112051,-1.13297883602323,-2.61398719074678,0.348029518700321,0.117581357707229,-0.0522215878509437,-2.17276080478346,2.06831762908158,0.956790641805156,"ok",,0.765970421270099,FALSE,FALSE,FALSE
"BuP_binary_U","Binary","Binary 0/1",2214,1217,686,311,80,FALSE,"WTSB2YR",0.427633548683321,-1.04175177613062,1.76866752411772,-5.04275568442208,2.95925213216083,0.570344930143408,-3.99199959490819,2.91931147006497,-10.5959409473546,2.61194175753824,0.204659924244473,1.72947592868098,-0.942802953708463,4.40175481107043,0.177214738567751,0.687724152550359,-2.87678435586815,4.25223266096886,0.672791051698168,-2.26252366622721,-8.49572311772996,3.97067578527554,0.432791062422408,"ok",,0.765970421270099,FALSE,FALSE,FALSE
"Tl_ln_U","Continuous","Continuous, per 1 SD",2266,1251,682,333,,FALSE,"WTSA2YR",0.429898696953322,0.571761707816271,0.978559315818908,-1.64189325768638,2.78541667331892,0.57337774232765,-0.658973220936483,0.686118729543863,-2.21108161950414,0.893135177631172,0.361926503789166,2.09031317842583,0.956856289053307,3.22377006779836,0.00240498799383809,2.6620748862421,0.697638893470906,4.6265108790133,0.0134508893422531,1.43133995748935,-0.501900696589894,3.36458061156859,0.128282814807997,"ok",,0.765970421270099,FALSE,FALSE,FALSE
"BDCPP_ln_U","Continuous","Continuous, per 1 SD",2042,1116,620,306,,FALSE,"WTSSBI2Y|WTSSCH2Y",0.435561433253748,-0.186814038059777,0.899353398314185,-2.22129276994312,1.84766469382356,0.840071532550298,1.58386766078015,1.35549307395803,-1.48247070559735,4.65020602715766,0.272631591083932,-0.417247405599658,-1.82997410323562,0.995479292036301,0.520817493660314,-0.604061443659435,-2.34986870578138,1.14174581846251,0.453891926980976,1.1666202551805,-1.17659435165327,3.50983486201426,0.289187794893691,"ok",,0.765970421270099,FALSE,FALSE,FALSE
"DMA_ln_U","Continuous","Continuous, per 1 SD",2270,1254,681,335,,FALSE,"WTSA2YR",0.441339149021901,0.84764147652173,0.645556650660377,-0.61270912476166,2.30799207780512,0.221659746973273,0.112451866686022,1.12275755468269,-2.42740217772523,2.65230591109727,0.922415391868027,2.94001873436196,1.61122487167524,4.26881259704869,0.000733814454968046,3.78766021088369,2.38669707844287,5.18862334332451,0.000175802394371118,3.05247060104798,1.20076382776389,4.90417737433208,0.00470412693255903,"ok",,0.765970421270099,FALSE,FALSE,FALSE
"Chloroform_binary_S","Binary","Binary 0/1",3280,1803,993,484,204,FALSE,"WTSVOC2Y",0.441660754533913,1.27472456517955,1.3985695669218,-1.88905959830418,4.43850872866328,0.38582095570902,-1.33497071885919,1.78793843649061,-5.37956845960864,2.70962702189026,0.474324877932325,0.744174199550696,-1.25059851051531,2.7389469096167,0.420575943315686,2.01889876473025,0.22188725317807,3.81591027628243,0.0316339452928652,-0.590796519308492,-4.55818787499543,3.37659483637845,0.743941079128014,"ok",,0.765970421270099,FALSE,FALSE,FALSE
"W_ln_U","Continuous","Continuous, per 1 SD",2265,1250,682,333,,FALSE,"WTSA2YR",0.443456559682689,0.237254078203847,0.966963876090328,-1.95017018026101,2.4246783366687,0.811681215523664,-1.57651073519449,1.31308771541126,-4.54692151599441,1.39390004560543,0.260546619788976,-0.159548156209668,-1.47743481598538,1.15833850356604,0.790369981705557,0.0777059219941788,-1.58310839356387,1.73852023755223,0.918029660180991,-1.73605889140416,-4.23694977953878,0.764831996730462,0.150784423307067,"ok",,0.765970421270099,FALSE,FALSE,FALSE
"THg_ln_S","Continuous","Continuous, per 1 SD",3437,1886,1040,511,,FALSE,"WTSH2YR",0.455009571332146,0.318470933779248,0.566344868718453,-0.96269016760621,1.59963203516471,0.587623527010243,-1.05142000159612,1.14161153558424,-3.63392471395107,1.53108471075883,0.381076946057248,2.28416044023242,1.31961685605893,3.2487040244059,0.000458072352493237,2.60263137401167,1.51266717747204,3.69259557055129,0.000432095829368339,1.2327404386363,-0.990196838991335,3.45567771626393,0.241263382095521,"ok",,0.773975988645211,FALSE,FALSE,FALSE
"MHNCH_binary_U","Binary","Binary 0/1",2213,1217,685,311,130,FALSE,"WTSB2YR",0.467414004467159,1.91896265114198,1.83611099299367,-2.23460898335116,6.07253428563513,0.323223045080445,-0.416520254534415,2.24856782311792,-5.50313406163819,4.67009355256936,0.857149609861478,-2.3912528661397,-4.81115221303068,0.0286464807512843,0.0522360645287339,-0.472290214997712,-3.51676877567457,2.57218834567915,0.733716346051636,-2.80777312067411,-7.26343835543083,1.64789211408261,0.187754239734125,"ok",,0.773975988645211,FALSE,FALSE,FALSE
"Pb_ln_U","Continuous","Continuous, per 1 SD",2266,1251,682,333,,FALSE,"WTSA2YR",0.468459151022102,0.610320725496104,0.756742273408687,-1.10154922868756,2.32219067967976,0.440738796920332,-0.830050348234928,0.749977872615982,-2.52661816471333,0.866517468243474,0.297098173229574,1.47992598265017,0.433392542068677,2.52645942323167,0.0108492860998723,2.09024670814628,0.123328273947049,4.05716514234551,0.0396372502051727,0.649875634415247,-0.772281669675297,2.07203293850579,0.328241110124222,"ok",,0.773975988645211,FALSE,FALSE,FALSE
"MiBP_ln_U","Continuous","Continuous, per 1 SD",2212,1217,684,311,,FALSE,"WTSB2YR",0.477015282360417,-0.932851845400578,0.814762985374468,-2.77597376874828,0.910270077947124,0.28176911083307,0.056711942683899,1.11044833137885,-2.45529670406208,2.56872058942988,0.960384307579945,-0.101814451209157,-1.35563866888343,1.15200976646511,0.858325295604384,-1.03466629660973,-2.27873194089347,0.209399347674002,0.0926000383059615,-0.0451025085252583,-2.06145506490756,1.97125004785705,0.960748891295538,"ok",,0.776853459844108,FALSE,FALSE,FALSE
"DBCM_binary_S","Binary","Binary 0/1",3373,1859,1015,499,59,FALSE,"WTSVOC2Y",0.489079186042392,0.869640307610965,2.00404934777144,-3.66383427905126,5.40311489427319,0.674547297053944,4.34477753266899,3.85276854970185,-4.3707904386427,13.0603455039807,0.288610761880608,-1.828545812382,-4.20917535023888,0.552083725474888,0.116298427002975,-0.958905504771031,-4.68364516973899,2.76583416019693,0.574611802727562,2.51623172028699,-5.46098074011442,10.4934441806884,0.493594368269936,"ok",,0.78528207336384,FALSE,FALSE,FALSE
"PFHS_ln_S","Continuous","Continuous, per 1 SD",2211,1211,686,314,,FALSE,"WTSB2YR",0.511434035309406,-0.452363137866021,1.13727223223246,-3.02505166406218,2.12032538833014,0.700075567486844,0.808909096085779,1.04835269115247,-1.56262945334356,3.18044764551511,0.460129812628983,0.354647894095549,-1.2903812124487,1.99967700063979,0.637427117880865,-0.0977152437704726,-1.6532198377768,1.45778935023585,0.890126240590206,1.16355699018133,-0.571848183199795,2.89896216356245,0.163642276631794,"ok",,0.806659776956607,FALSE,FALSE,FALSE
"X4FPBA_binary_U","Binary","Binary 0/1",2266,1226,694,346,53,FALSE,"WTSB2YR|WTSC2YR",0.523207450505121,3.29966788056868,3.19274220687854,-3.92281677168975,10.5221525328271,0.328345486536592,3.44046735469233,3.39089180602268,-4.23026283257561,11.1111975419603,0.336785444892124,-3.04557563565713,-8.95658888615232,2.86543761483807,0.273756637855841,0.254092244911553,-3.0161351261136,3.52431961593671,0.864368486218641,0.394891719035202,-5.75063590720622,6.54041934527663,0.887630887152947,"ok",,0.806659776956607,FALSE,FALSE,FALSE
"GLYP_ln_U","Continuous","Continuous, per 1 SD",2048,1120,623,305,,FALSE,"WTSSCH2Y|WTSSGL2Y",0.537846410418408,-0.139118204158172,0.611617345520018,-1.5226927632179,1.24445635490156,0.825149472136964,1.11852702690838,1.043461176406,-1.24194614740029,3.47900020121706,0.311648564507703,0.172297520996419,-1.06039827580459,1.40499331779743,0.759069587396128,0.0331793168382472,-1.33375681986374,1.40011545354023,0.957410711788774,1.2908245479048,-0.702249808191412,3.28389890400102,0.176935248293446,"ok",,0.806659776956607,FALSE,FALSE,FALSE
"DCVDMPCA_binary_U","Binary","Binary 0/1",2235,1204,689,342,129,FALSE,"WTSB2YR|WTSC2YR",0.542025130105448,-0.572286295209045,1.84667674584857,-4.74975932320326,3.60518673278517,0.763692096938491,-1.96423179745227,1.7466019047076,-5.91531980674357,1.98685621183903,0.289855605371961,2.69539475101233,-0.128923249340159,5.51971275136483,0.0591737927234485,2.12310845580329,-1.25412743125102,5.50034434285759,0.188711271132579,0.731162953560064,-2.81960171222494,4.28192761934507,0.652413937047311,"ok",,0.806659776956607,FALSE,FALSE,FALSE
"Hg_binary_U","Binary","Binary 0/1",2273,1254,683,336,149,FALSE,"WTSA2YR",0.54292847135513,-1.5722468640327,1.7673235272942,-5.57021044028307,2.42571671221767,0.396825688706532,-2.68560461071534,2.78716310007632,-8.99060558143984,3.61939636000916,0.36043939696711,2.03741658394637,-0.195930950110738,4.27076411800348,0.0690652970859516,0.465169719913669,-2.74714237894618,3.67748181877351,0.75072118943093,-0.648188026768971,-5.88415750197885,4.5877814484409,0.785773669318189,"ok",,0.806659776956607,FALSE,FALSE,FALSE
"DHB_Cys_ln_U","Continuous","Continuous, per 1 SD",2138,1174,656,308,,FALSE,"WTSA2YR",0.544849147593498,0.982819238198032,0.871604712295688,-0.988887604850326,2.95452608124639,0.288652955417923,0.270821285211046,1.26564077584431,-2.59225706139464,3.13389963181673,0.835332187651914,-0.722190668741405,-2.07169759870422,0.627316261221408,0.25688150542288,0.260628569456627,-1.4987503275818,2.02000746649506,0.745221764698582,-0.451369383530359,-2.74869205540857,1.84595328834785,0.667205389688524,"ok",,0.806659776956607,FALSE,FALSE,FALSE
"BDCM_binary_S","Binary","Binary 0/1",3341,1849,998,494,78,FALSE,"WTSVOC2Y",0.574155533227586,0.848931876621186,1.74247592201871,-3.09282251137684,4.79068626461921,0.637763956362454,2.53874078908675,2.97475514383533,-4.19062286711113,9.26810444528464,0.41555715888295,-0.632274964813121,-3.35809893478384,2.0935490051576,0.612453246371076,0.216656911808066,-3.66763479654639,4.10094862016252,0.902364887878295,1.90646582427363,-4.09390927060922,7.90684091915649,0.490537754360658,"ok",,0.828156624171963,FALSE,FALSE,FALSE
"BP3_ln_U","Continuous","Continuous, per 1 SD",2212,1217,684,311,,FALSE,"WTSB2YR",0.584927205742914,-0.468079051170272,0.819590493887787,-2.32212155747985,1.3859634551393,0.581901184139845,-1.02437147671187,0.959964261068469,-3.19596150591819,1.14721855249446,0.313716199782733,2.7100022129005,1.19549541977863,4.22450900602237,0.00289438894556523,2.24192316173023,1.18445960664182,3.29938671681864,0.000979181526561588,1.68563073618864,-0.283212471121233,3.6544739434985,0.0847497703050299,"ok",,0.828156624171963,FALSE,FALSE,FALSE
"X1_NP_ln_U","Continuous","Continuous, per 1 SD",2184,1196,670,318,,FALSE,"WTSA2YR",0.5928832405821,0.448397920534266,1.14120355231603,-2.13318386954821,3.02997971061674,0.703525366016317,-1.10585046507688,1.74847395766808,-5.06117335238185,2.84947242222809,0.542814372817833,-1.40342728194829,-2.79485185422722,-0.0120027096693647,0.0484299570526584,-0.955029361414026,-2.81987082795697,0.909812105128923,0.276474150671253,-2.50927774702517,-5.85906523847756,0.840509744427211,0.124402862544317,"ok",,0.828156624171963,FALSE,FALSE,FALSE
"MEP_ln_U","Continuous","Continuous, per 1 SD",2212,1217,684,311,,FALSE,"WTSB2YR",0.59358507824426,-0.627397706385948,0.813402956046395,-2.46744302964753,1.21264761687564,0.460285074181725,0.450121704437583,1.27265081934759,-2.42881446229057,3.32905787116574,0.73171641530284,0.345107307852775,-1.16944045559442,1.85965507129997,0.618654135751728,-0.282290398533172,-1.65140520202189,1.08682440495554,0.65199701295063,0.795229012290358,-1.64948012127643,3.23993814585715,0.480560675496317,"ok",,0.828156624171963,FALSE,FALSE,FALSE
"MECPP_ln_U","Continuous","Continuous, per 1 SD",2212,1217,684,311,,FALSE,"WTSB2YR",0.595691606860535,-0.652846386191291,0.732164580992196,-2.30911773742993,1.00342496504735,0.395784905082887,-0.609407399646184,0.905252420529303,-2.65723064688696,1.43841584759459,0.517737418781591,0.0538544507731891,-1.37364554313041,1.48135444467678,0.933857022427616,-0.598991935418102,-1.74761846462981,0.549634593793602,0.268368668524909,-0.555552948872995,-2.71646504347427,1.60535914572828,0.575123227319297,"ok",,0.828156624171963,FALSE,FALSE,FALSE
"MEHP_binary_U","Binary","Binary 0/1",2213,1217,685,311,127,FALSE,"WTSB2YR",0.610438040249215,-0.443172296870983,1.57229636150099,-3.99995377308199,3.11360917934003,0.784422439643507,1.75820935418825,1.97373471062526,-2.70668875891613,6.22310746729262,0.396223638603242,0.151112630599371,-1.85114018804988,2.15336544924862,0.868214232994476,-0.292059666271612,-3.32646209643256,2.74234276388934,0.832494686276553,1.90932198478762,-2.43268976913871,6.25133373871395,0.345851746850233,"ok",,0.838432970944705,FALSE,FALSE,FALSE
"DEA_ln_U","Continuous","Continuous, per 1 SD",2239,1213,687,339,,FALSE,"WTSB2YR|WTSC2YR",0.618058690933727,0.647749393756033,0.750847148015885,-1.05078486029471,2.34628364780677,0.410705398582046,0.00339471242382792,0.895505680478918,-2.02237987699804,2.02916930184569,0.997058056806884,-0.346017767707695,-1.68931981206738,0.997284276651989,0.574399992821951,0.301731626048338,-1.06609311396763,1.6695563660643,0.629738387991649,-0.342623055283867,-1.86981476467737,1.18456865410964,0.623998591573943,"ok",,0.838793937695772,FALSE,FALSE,FALSE
"IHg_binary_S","Binary","Binary 0/1",3437,1886,1040,511,111,FALSE,"WTSH2YR",0.634754223309606,-1.32637390680246,1.50881230634247,-4.73954447291316,2.08679665930824,0.402215996271576,-1.68292099402353,2.5615497619659,-7.47754913591874,4.11170714787167,0.527626448963948,1.80117503550487,-0.619039949249431,4.22139002025916,0.126558440468517,0.474801128702405,-2.22646182727858,3.17606408468339,0.700176608398856,0.118254041481332,-4.65664021478426,4.89314829774693,0.956546630656619,"ok",,0.847172164022597,FALSE,FALSE,FALSE
"PHE_Cys_binary_U","Binary","Binary 0/1",2200,1205,671,324,158,FALSE,"WTSA2YR",0.64494493052466,0.646126600091197,1.89807791833109,-3.64762395841058,4.93987715859297,0.741357822319652,-1.703526413575,2.57042707981465,-7.51823644362819,4.11118361647819,0.524104592393686,-5.06702330819993,-7.63356041197741,-2.50048620442245,0.00156344173436198,-4.42089670810874,-7.39884808935683,-1.44294532686064,0.00841225650872809,-6.77054972177493,-11.6299561811589,-1.91114326239096,0.0117029402651322,"ok",,0.847172164022597,FALSE,FALSE,FALSE
"As_III_binary_U","Binary","Binary 0/1",2272,1255,681,336,156,FALSE,"WTSA2YR",0.649997953489102,-1.67178079362691,2.18619495853201,-6.61729737834342,3.27373579108961,0.46402867858835,-1.81906947378348,2.07981422642235,-6.5239361233744,2.88579717580744,0.404510247883243,3.75247796291552,0.782648144440599,6.72230778139043,0.0188322120814004,2.08069716928861,-1.13495850116392,5.29635283974114,0.177298723059707,1.93340848913203,-1.43767552301652,5.30449250128058,0.226758333970988,"ok",,0.847172164022597,FALSE,FALSE,FALSE
"Total_As_ln_U","Continuous","Continuous, per 1 SD",2266,1251,682,333,,FALSE,"WTSA2YR",0.656642811946888,0.0714191566871063,0.643554812376147,-1.38440297178285,1.52724128515706,0.914070795692524,0.965206264911894,1.02814458044895,-1.36061836214284,3.29103089196663,0.372350675421206,2.48452131085826,1.21307211727568,3.75597050444083,0.00167009680676455,2.55594046754536,1.35471528267416,3.75716565241657,0.000955756846798244,3.44972757577015,1.68230844989945,5.21714670164085,0.00168241620809604,"ok",,0.847172164022597,FALSE,FALSE,FALSE
"Cs_ln_U","Continuous","Continuous, per 1 SD",2266,1251,682,333,,FALSE,"WTSA2YR",0.680086212626798,-0.57199384926591,0.984380297191299,-2.79881678947463,1.65482909094281,0.575453851514773,-0.938027853150526,1.09496746305404,-3.4150163427292,1.53896063642814,0.413853813685721,2.43604503281066,0.623844904461697,4.24824516115963,0.0139975347866733,1.86405118354475,0.342469480127296,3.38563288696221,0.0217069151641076,1.49801717966014,-0.765549296533314,3.76158365585359,0.168593516783575,"ok",,0.847172164022597,FALSE,FALSE,FALSE
"BPA_ln_U","Continuous","Continuous, per 1 SD",2212,1217,684,311,,FALSE,"WTSB2YR",0.689525921274957,-0.337842465739841,0.810391921231912,-2.17107635502841,1.49539142354873,0.686528096476117,-1.02694780890445,1.1810782782948,-3.69873249597439,1.6448368781655,0.407164343042149,-0.259601715676832,-1.58524619415087,1.0660427627972,0.668222710080219,-0.597444181416673,-1.5666971768016,0.371808813968252,0.19666129396134,-1.28654952458128,-3.71027149252777,1.13717244336521,0.26048201822244,"ok",,0.847172164022597,FALSE,FALSE,FALSE
"X24D_ln_U","Continuous","Continuous, per 1 SD",2265,1226,694,345,,FALSE,"WTSB2YR|WTSC2YR",0.690541553793917,-0.632153887481038,0.761533905717271,-2.35486326701306,1.09055549205098,0.42794825188546,-0.36615218272252,1.09253963193153,-2.83764853673735,2.10534417129231,0.745199807092853,2.57188546198817,1.52292357095936,3.62084735301697,0.000358064381018726,1.93973157450713,0.417951544632431,3.46151160438183,0.0180761007260368,2.20573327926565,0.0294611206482327,4.38200543788306,0.0475578042905912,"ok",,0.847172164022597,FALSE,FALSE,FALSE
"PFNA_ln_S","Continuous","Continuous, per 1 SD",2211,1211,686,314,,FALSE,"WTSB2YR",0.69368118810221,0.30347166522359,0.851469544111445,-1.62268626289264,2.22962959333982,0.729746600110963,-0.596985422330905,1.10650623687617,-3.10007643176121,1.9061055870994,0.602616301462366,0.42305906035989,-1.03445314760832,1.8805712683281,0.527858033014743,0.72653072558348,-0.997627171672465,2.45068862283942,0.365369747731487,-0.173926361971015,-2.13595055637035,1.78809783242831,0.845522797548838,"ok",,0.847172164022597,FALSE,FALSE,FALSE
"DPHP_ln_U","Continuous","Continuous, per 1 SD",2049,1118,625,306,,FALSE,"WTSSBI2Y|WTSSCH2Y",0.699093793765036,-0.272658940554797,0.884411172309154,-2.27333600885271,1.72801812774311,0.764874597228478,-0.856295669445609,1.02843493913159,-3.18277713347407,1.47018579458285,0.426600462213174,0.710891094760461,-0.375230000610644,1.79701219013157,0.172839550470549,0.438232154205664,-1.23036476155228,2.10682906996361,0.56706258960998,-0.145404574685148,-2.27474483373998,1.98393568436968,0.880644521258497,"ok",,0.847172164022597,FALSE,FALSE,FALSE
"Sr_ln_U","Continuous","Continuous, per 1 SD",2266,1251,682,333,,FALSE,"WTSA2YR",0.707502027987596,0.255679110175757,0.88671322171281,-1.75020555566975,2.26156377602126,0.779613340966344,-0.658205912319938,0.826594649703724,-2.52809291987789,1.21168109523801,0.446360457546393,1.59750516883173,0.268429604906876,2.92658073275659,0.0236449980705303,1.85318427900749,0.347804135222712,3.35856442279227,0.0212332598109576,0.939299256511796,-1.06562596698377,2.94422448000737,0.316843117254496,"ok",,0.847172164022597,FALSE,FALSE,FALSE
"X3PBA_ln_U","Continuous","Continuous, per 1 SD",2245,1213,688,344,,FALSE,"WTSB2YR|WTSC2YR",0.707583275594285,-0.688205647124524,0.867827393286262,-2.65136760091954,1.27495630667049,0.448165606997473,0.04368116114255,0.989258025997853,-2.19417596822411,2.2815382905092,0.965744633899415,1.77548537533444,0.510485741409125,3.04048500925976,0.0112742420649798,1.08727972820992,-0.462743155239521,2.63730261165936,0.147016785269799,1.81916653647699,0.0816479537987846,3.5566851191552,0.0420149685682811,"ok",,0.847172164022597,FALSE,FALSE,FALSE
"MeFOSAA_binary_S","Binary","Binary 0/1",2211,1211,686,314,150,FALSE,"WTSB2YR",0.717365420906228,-1.16481175060423,1.46337790799831,-4.47520256706327,2.1455790658548,0.446532492347044,-0.796816368677422,2.10549138597903,-5.5597687886798,3.96613605132495,0.713871255760424,1.09238894293803,-1.48417940921722,3.66895729509329,0.362569306556886,-0.0724228076662017,-2.35601966482742,2.21117404949502,0.94437554522127,0.29557257426061,-4.01660438459787,4.60774953311909,0.88019843616156,"ok",,0.847172164022597,FALSE,FALSE,FALSE
"PFDA_ln_S","Continuous","Continuous, per 1 SD",2211,1211,686,314,,FALSE,"WTSB2YR",0.720839472896421,-0.84777072331522,1.06787606392676,-3.2634742103079,1.56793276367746,0.447687650442325,-0.232058967602498,1.45159228997084,-3.51578886382268,3.05167092861768,0.876517698409486,1.5376141593771,0.347049807088221,2.72817851166599,0.0169881902658524,0.689843436061884,-1.21923803896347,2.59892491108724,0.434789678700386,1.30555519177461,-1.75295671066723,4.36406709421644,0.359461154547524,"ok",,0.847172164022597,FALSE,FALSE,FALSE
"Toluene_ln_S","Continuous","Continuous, per 1 SD",3306,1816,997,493,,FALSE,"WTSVOC2Y",0.751882745211407,0.492392926498686,0.663880223349065,-1.00940847599047,1.99419432898785,0.477183033434871,0.119952298328674,1.08954831828259,-2.34477723408902,2.58468183074637,0.914750990496266,-3.29060214231397,-4.44486898861381,-2.13633529601412,0.000118280751248636,-2.79820921581528,-4.14190220290253,-1.45451622872803,0.00110313144684683,-3.17064984398529,-5.16889993659946,-1.17239975137113,0.00584430782948171,"ok",,0.874639111776534,FALSE,FALSE,FALSE
"BPF_binary_U","Binary","Binary 0/1",2213,1216,686,311,150,FALSE,"WTSB2YR",0.779658484955752,1.50028617644253,2.10765084268347,-3.26755127401155,6.26812362689661,0.494607500443672,0.775975896536549,2.52482158106677,-4.93556732786113,6.48751912093423,0.765578239169176,-2.45236685543335,-4.8897463546607,-0.0149873562060017,0.0488758155678528,-0.952080678990821,-4.90621890636576,3.00205754838412,0.599205317426497,-1.6763909588968,-6.53722600792478,3.18444409013117,0.455320395102462,"ok",,0.897788558433896,FALSE,FALSE,FALSE
"Cd_ln_U","Continuous","Continuous, per 1 SD",2266,1251,682,333,,FALSE,"WTSA2YR",0.795704212321835,0.39584440035588,0.591504866168308,-0.942232569476751,1.73392137018851,0.520153710023498,-0.223979151597961,0.899336787587522,-2.258420307407,1.81046200421108,0.808913217630744,-1.50704724637808,-2.89145542541759,-0.122639067338572,0.0360075526655667,-1.1112028460222,-2.52613776791437,0.303732075869971,0.109368741729789,-1.73102639797604,-3.60026254415542,0.138209748203342,0.0656598937254966,"ok",,0.902210419645799,FALSE,FALSE,FALSE
"Benzene_binary_S","Binary","Binary 0/1",3280,1803,985,492,193,FALSE,"WTSVOC2Y",0.799326775300225,0.793309190659055,1.38314172592202,-2.33557477180053,3.92219315311863,0.580315811010123,-0.664369699519494,2.27264986051597,-5.80546086001803,4.47672146097904,0.776659431987772,-5.68300810248965,-8.28241757443693,-3.08359863054237,0.000796002482281012,-4.8896989118306,-8.02580473574579,-1.7535930879154,0.00644350272132282,-6.34737780200914,-10.8889103236137,-1.8058452804046,0.0115194857693629,"ok",,0.902210419645799,FALSE,FALSE,FALSE
"o_Xylene_binary_S","Binary","Binary 0/1",3365,1853,1016,496,129,FALSE,"WTSVOC2Y",0.810925583829407,-0.812820096038931,1.43038723093937,-4.04858081608353,2.42294062400567,0.58376145574425,0.138529168232695,2.62296116683598,-5.79502122306686,6.07207955953225,0.959033779762147,-4.44921707085884,-7.17273759525378,-1.72569654646389,0.00495481326538594,-5.26203716689777,-8.17239432823996,-2.35168000555557,0.0027167647283858,-4.31068790262614,-9.33429029253167,0.712914487279387,0.0841569007838651,"ok",,0.90632859369169,FALSE,FALSE,FALSE
"X2_HPMA_ln_U","Continuous","Continuous, per 1 SD",2230,1232,673,325,,FALSE,"WTSA2YR",0.857594397947886,0.0638139569763734,0.862840041836728,-1.88806582401368,2.01569373796643,0.942661473470133,-0.701996321808682,1.3937640657488,-3.85490968639308,2.45091704277571,0.626590629535063,0.149583507979531,-1.18255142469753,1.48171844065659,0.805192576483853,0.213397464955904,-1.32492644222199,1.7517213721338,0.760818246575938,-0.552412813829151,-3.01681126627842,1.91198563862012,0.624290068306808,"ok",,0.949182149185039,FALSE,FALSE,FALSE
"PrP_ln_U","Continuous","Continuous, per 1 SD",2212,1217,684,311,,FALSE,"WTSB2YR",0.878676690338444,-0.36962175304367,0.814688725892739,-2.21257568977287,1.47333218368553,0.660788926214193,-0.00405570585664818,0.933431030597439,-2.11562339770076,2.10751198598746,0.996628031640178,2.09230116287026,0.866619848581566,3.31798247715895,0.00383756560614599,1.72267940982659,0.146238031187159,3.29912078846602,0.0354534332073509,2.08824545701361,0.326587672474231,3.84990324155299,0.0251429371683339,"ok",,0.956747849027277,FALSE,FALSE,FALSE
"MMA_binary_U","Binary","Binary 0/1",2272,1255,681,336,129,FALSE,"WTSA2YR",0.883633543856876,0.042512602668367,1.74898909682498,-3.91397561037022,3.99900081570696,0.981138168060621,-1.0354037999625,2.29655659599156,-6.23057575335627,4.15976815343127,0.662763117987192,3.72139598864689,1.49784102051355,5.94495095678022,0.00430905975631554,3.76390859131525,-0.110608736035007,7.63842591866551,0.0555596017921802,2.68599218868438,-1.95506952471083,7.3270539020796,0.22289910160431,"ok",,0.956747849027277,FALSE,FALSE,FALSE
"GAM_Cys_binary_U","Binary","Binary 0/1",2253,1242,680,331,144,FALSE,"WTSA2YR",0.901425346682388,0.740780677112661,1.62725929620955,-2.94033559553773,4.42189694976305,0.659725280303751,0.405782010678297,2.57700753189058,-5.4238140361729,6.23537805752949,0.878356445520208,-5.95959888933445,-8.13760157071096,-3.78159620795794,0.000160811015602696,-5.21881821222179,-7.83987310528585,-2.59776331915773,0.00147996334095058,-5.55381687865615,-11.1302717969466,0.0226380396342529,0.050756045940617,"ok",,0.956747849027277,FALSE,FALSE,FALSE
"OXY_binary_U","Binary","Binary 0/1",2257,1220,692,345,78,FALSE,"WTSB2YR|WTSC2YR",0.907858635123747,-1.01400068851087,2.29598731489652,-6.20788483859784,4.17988346157611,0.669169976640568,-0.256161935672042,2.66795271365088,-6.29149027686428,5.7791664055202,0.925613080063192,2.28756809852612,-1.32982962658167,5.90496582363392,0.186349561249758,1.27356741001526,-2.82067250525687,5.36780732528738,0.499434717410366,2.03140616285408,-3.02748235101985,7.09029467672802,0.387358038541742,"ok",,0.956747849027277,FALSE,FALSE,FALSE
"X14_DCB_binary_S","Binary","Binary 0/1",3343,1841,1008,494,246,FALSE,"WTSVOC2Y",0.914282888844904,-0.0590355517482581,1.61967537550633,-3.72299580385776,3.60492470036125,0.971719986728928,0.718648600968077,2.06200931252011,-3.9459405351059,5.38323773704206,0.735464631405949,0.144651750546577,-2.21919429296527,2.50849779405842,0.892949157741656,0.0856161987983184,-2.52820146180678,2.69943385940342,0.942553587266033,0.863300351514653,-2.46150930851039,4.1881100115397,0.571389551349472,"ok",,0.956747849027277,FALSE,FALSE,FALSE
"MeP_ln_U","Continuous","Continuous, per 1 SD",2212,1217,684,311,,FALSE,"WTSB2YR",0.921801206297562,-0.37435208000227,0.928549794764835,-2.47487764924434,1.7261734892398,0.696241663248422,-0.0996642153160665,0.895447311261599,-2.12530676439489,1.92597833376275,0.913820288655393,2.39536062701274,1.12963999541596,3.66108125860953,0.00204663278998591,2.02100854701047,0.432528711634688,3.60948838238626,0.018233726995179,2.29569641169668,0.299472100129848,4.29192072326351,0.0286664706602303,"ok",,0.956747849027277,FALSE,FALSE,FALSE
"PFUnDA_binary_S","Binary","Binary 0/1",2211,1211,686,314,126,FALSE,"WTSB2YR",0.923703782977236,-0.518186715246114,1.82174673148572,-4.63926413268075,3.60289070218852,0.78250561971779,-0.906192785745308,2.6692050504848,-6.94435410967663,5.13196853818602,0.742021760867449,4.37839140201436,1.76441875778203,6.99236404624669,0.00428856973129737,3.86020468676824,-0.341461706786481,8.06187108032297,0.06744904741782,3.47219861626905,-1.92361950717736,8.86801673971546,0.179455215008044,"ok",,0.956747849027277,FALSE,FALSE,FALSE
"Ethylbenzene_binary_S","Binary","Binary 0/1",3285,1803,992,490,148,FALSE,"WTSVOC2Y",0.931570274052875,0.0806480678565527,1.40581200089906,-3.09951961952494,3.26081575523804,0.955505848823527,-0.853521650382441,2.86303107852621,-7.33014791198439,5.62310461121951,0.772380668204384,-5.88719696619677,-9.03508272183073,-2.73931121056281,0.00220432999527876,-5.80654889834022,-9.08207029293064,-2.53102750374979,0.00306319139668241,-6.74071861657921,-12.1830887909811,-1.29834844217736,0.0206509987138714,"ok",,0.956747849027277,FALSE,FALSE,FALSE
"Nitrate_ln_U","Continuous","Continuous, per 1 SD",2255,1245,680,330,,FALSE,"WTSA2YR",0.963644498986845,-0.0367881122450457,0.902613748220201,-2.07864226802151,2.00506604353142,0.968379205516411,-0.251305404872653,0.921542472819411,-2.33597931058385,1.83336850083855,0.791236867527942,2.04918756972445,0.709738265415896,3.38863687403301,0.00715162329011628,2.01239945747941,0.514043839668165,3.51075507529065,0.0140578972918038,1.7978821648518,-0.487657850351477,4.08342218005508,0.10886411125516,"ok",,0.980852436468753,FALSE,FALSE,FALSE
"MBzP_ln_U","Continuous","Continuous, per 1 SD",2212,1217,684,311,,FALSE,"WTSB2YR",0.974078665796419,0.183694138809328,0.817090207311392,-1.66469232631241,2.03208060393106,0.827144494305721,0.0357793851987517,0.853255292033942,-1.8944181853713,1.96597695576881,0.967467810937308,-1.50080287848743,-2.39261049395867,-0.608995263016189,0.00417271556306179,-1.3171087396781,-2.88738012864258,0.253162649286371,0.0902557087284075,-1.46502349328868,-3.29049519127657,0.360448204699207,0.102837215964463,"ok",,0.982698830980458,FALSE,FALSE,FALSE
"FA_ln_S","Continuous","Continuous, per 1 SD",2059,1129,613,317,,FALSE,"WTSA2YR",0.986062282031917,-0.142391685042675,0.876327110468027,-2.12478133494218,1.83999796485682,0.874512114307923,-0.0106497054891806,1.01175913937607,-2.29940788965529,2.27810847867693,0.991831311323358,0.69112773158089,-0.529522985505592,1.91177844866737,0.232274679998413,0.548736046538215,-1.21179523934719,2.30926733242362,0.498596295347626,0.680478026091709,-1.78273659845176,3.14369265063518,0.547528957359192,"ok",,0.986062282031917,FALSE,FALSE,FALSE
"A_a_C_binary_U","Binary","Binary 0/1",1162,640,439,83,36,FALSE,"WTSA2YR",,-2.14615299216859,1.84351595589561,-5.75937787064892,1.46707188631174,0.244357977686373,-2.64162589522147,5.44024842863952,-13.3043168823056,8.02106509186262,0.627271488838371,-4.12045938800885,-6.91091894800292,-1.32999982801478,0.00380211027226424,-6.26661238017744,-8.81880816737036,-3.71441659298452,1.49085346128223e-06,-6.76208528323032,-15.4895297381488,1.96535917168813,0.12886475608286,"ok",,,FALSE,FALSE,FALSE
"CYHA_Cys_binary_U","Binary","Binary 0/1",1074,598,233,243,60,FALSE,"WTSA2YR",,6.79505587191231,2.83997186375421,1.22881330184696,12.3612984419777,0.0167272342000009,-1.09405666885011,4.32429539761423,-9.56951990668631,7.38140656898608,0.800266438122088,-12.7116117783481,-16.8442324757559,-8.57899108094033,1.6529097624183e-09,-5.91655590643582,-10.2162001486662,-1.61691166420545,0.00699625807786738,-13.8056684471982,-19.1243462591691,-8.48699063522734,3.62872077062919e-07,"ok",,,FALSE,FALSE,FALSE
"DEP_ln_U","Continuous","Continuous, per 1 SD",1046,587,230,229,,FALSE,"WTSB2YR",,-1.36838299065223,1.78517147651872,-4.86725479085711,2.13048880955265,0.44336250817236,2.18338409455866,1.33642996696639,-0.435970508555525,4.80273869767285,0.102312669592434,1.53682624213293,-0.253959178643636,3.32761166290949,0.0925663486396918,0.168443251480696,-2.51282471599068,2.84971121895207,0.902004692520978,3.72021033669159,1.71750740836221,5.72291326502097,0.000271772466272286,"ok",,,FALSE,FALSE,FALSE
"DETP_binary_U","Binary","Binary 0/1",1043,587,229,227,79,FALSE,"WTSB2YR",,-7.97629655890658,3.24467764270357,-14.3357478800479,-1.61684523776525,0.0139607828241746,-2.64693541762604,2.9884218539028,-8.50413462188795,3.21026378663587,0.375762942875541,5.1702400483933,1.34857374009031,8.9919063566963,0.00801142477930577,-2.80605651051328,-7.16210199130197,1.54998897027542,0.206747275021444,2.52330463076726,-2.17426367627989,7.22087293781441,0.292434003393369,"ok",,,FALSE,FALSE,FALSE
"DMDTP_binary_U","Binary","Binary 0/1",1040,585,227,228,108,FALSE,"WTSB2YR",,-1.10916316169461,3.59561564507711,-8.1564403282945,5.93811400490527,0.757719730113616,4.23733240508775,3.58018527853712,-2.77970179882549,11.254366609001,0.236590787245795,-0.106537428995846,-3.6703274649455,3.45725260695381,0.95327709665815,-1.21570059069046,-5.55946878043883,3.12806759905791,0.58332136567285,4.13079497609191,-1.29406965204298,9.5556596042268,0.135587485703825,"ok",,,FALSE,FALSE,FALSE
"DMP_ln_U","Continuous","Continuous, per 1 SD",1040,586,226,228,,FALSE,"WTSB2YR",,1.21551348181279,1.4044244831654,-1.53710792419767,3.96813488782326,0.386770630437711,3.10278518709894,1.81813800747006,-0.460699826465794,6.66627020066368,0.0879014519534572,0.292073040558458,-1.63675238246257,2.22089846357948,0.766628208924937,1.50758652237125,-0.272809866999824,3.28798291174232,0.0969870971833199,3.3948582276574,1.03396685065796,5.75574960465684,0.00482723284229057,"ok",,,FALSE,FALSE,FALSE
"DMTP_ln_U","Continuous","Continuous, per 1 SD",1043,586,229,228,,FALSE,"WTSB2YR",,0.473539996482753,1.2111982672411,-1.90036498544713,2.84744497841263,0.695820747548248,2.59743129765549,1.41563968082334,-0.177171491844034,5.37203408715502,0.066533694086906,1.52576057921088,-0.308248844372446,3.3597700027942,0.10298626024475,1.99930057569363,0.361939505519252,3.63666164586801,0.0167014496891044,4.12319187686637,2.44890971995565,5.79747403377709,1.38793223747369e-06,"ok",,,FALSE,FALSE,FALSE
"DPCP_binary_U","Binary","Binary 0/1",1118,591,421,106,7,TRUE,"WTSSCH2Y",,-0.599148563884766,3.27741601598625,-7.02276591757256,5.82446878980303,0.854946110317501,0.00170109814549067,4.15046361969718,-8.13305811560472,8.1364603118957,0.999672981133419,2.40485682650073,-3.10811005359209,7.91782370659355,0.392566603834614,1.80570826261596,-3.41701413254853,7.02843065778046,0.49800027432667,2.40655792464622,-3.78764197438632,8.60075782367876,0.446369695365389,"ok",,,FALSE,FALSE,FALSE
"Harman_ln_U","Continuous","Continuous, per 1 SD",1163,640,440,83,,FALSE,"WTSA2YR",,0.128301702758758,1.14807611535776,-2.1218861348531,2.37848954037061,0.911018734753584,1.04444451562748,1.27406669611569,-1.45268032266121,3.54156935391617,0.412345956263868,-0.0537569383737128,-0.92005746848667,0.812543591739244,0.903197968749031,0.0745447643850448,-1.97205238524215,2.12114191401224,0.943087958090369,0.990687577253767,-1.7985832455782,3.77995840008573,0.486343632302813,"ok",,,FALSE,FALSE,FALSE
"IPM1_Cys_ln_U","Continuous","Continuous, per 1 SD",1072,597,233,242,,FALSE,"WTSA2YR",,2.29917669472101,1.28396884580962,-0.217356000337314,4.81570938977933,0.07334474075662,-0.86397512842032,1.92650022371084,-4.63984618310193,2.91189592626129,0.653814941490384,-3.53800297140589,-5.67463085622467,-1.4013750865871,0.0011725755472758,-1.23882627668488,-3.35666981261734,0.879017259247588,0.251598623173836,-4.40197809982621,-6.67804747168937,-2.12590872796304,0.000150270525552445,"ok",,,FALSE,FALSE,FALSE
"IPM3_Cys_ln_U","Continuous","Continuous, per 1 SD",1072,597,233,242,,FALSE,"WTSA2YR",,2.56179888892255,0.972111946778523,0.656494484295526,4.46710329354957,0.00840649172599426,-2.16193390467316,1.25893545848439,-4.62940206216299,0.305534252816666,0.085929588222221,-3.77192118932193,-5.26405038094832,-2.27979199769553,7.2497623974875e-07,-1.21012230039938,-3.04478410408766,0.624539503288901,0.196090546419679,-5.93385509399509,-7.77689683822164,-4.09081334976853,2.7849904401141e-10,"ok",,,FALSE,FALSE,FALSE
"IPPPP_binary_U","Binary","Binary 0/1",932,527,205,200,32,FALSE,"WTSSBI2Y",,-2.17920353946065,4.36208663017856,-10.7287362320543,6.37032915313301,0.617372086450153,-2.49750786500338,3.14439307255486,-8.66040504044814,3.66538931044138,0.427036269635261,-3.28213715393178,-6.36347629074582,-0.20079801711773,0.0368261088733129,-5.46134069339243,-12.2020831461894,1.27940175940451,0.112295328051514,-5.77964501893515,-12.2860096619498,0.726719624079538,0.0816750861362386,"ok",,,FALSE,FALSE,FALSE
"MCOCH_binary_U","Binary","Binary 0/1",1039,584,228,227,105,FALSE,"WTSB2YR",,3.2369046377162,2.33660852394692,-1.34276391518907,7.81657319062146,0.165960642626928,2.64816834637721,2.36066376729251,-1.97864761712476,7.27498430987918,0.2619518581605,-3.42361840464744,-6.46189287119421,-0.385343938100676,0.0272062383302334,-0.186713766931248,-4.03137034479207,3.65794281092958,0.924168168788819,-0.775450058270237,-5.22023162419208,3.66933150765161,0.732395102033998,"ok",,,FALSE,FALSE,FALSE
"MDA_binary_U","Binary","Binary 0/1",1044,585,229,230,31,FALSE,"WTSB2YR",,-4.29377293997764,5.67358945875731,-15.4138039422081,6.82625806225278,0.449169646618431,2.81817742308828,3.98711169212463,-4.99641789581455,10.6327727419911,0.479677231603009,-2.55617736197708,-7.26678856717383,2.15443384321967,0.287528271630645,-6.84995030195472,-16.5994479376762,2.89954733376678,0.168493296392134,0.262000061111207,-6.54756078737703,7.07156090959945,0.939888304374961,"ok",,,FALSE,FALSE,FALSE
"MeA_a_C_binary_U","Binary","Binary 0/1",1162,639,440,83,19,TRUE,"WTSA2YR",,3.28139690919619,2.67907719262318,-1.96949790014791,8.53229171854029,0.220641699810627,5.35742159559912,5.69135114947941,-5.79742168075116,16.5122648719494,0.346537392137803,-9.74859485920945,-14.1779947532799,-5.31919496513897,1.60578807270314e-05,-6.46719795001326,-9.36775936687835,-3.56663653314817,1.2424228549934e-05,-4.39117326361033,-12.547474635437,3.76512810821639,0.291333178033808,"ok",,,FALSE,FALSE,FALSE
"n_PFOA_ln_S","Continuous","Continuous, per 1 SD",1045,583,230,232,,FALSE,"WTSB2YR",,0.261589890253929,1.32834597751133,-2.34192038467693,2.86510016518479,0.84388307265311,-1.03520942476057,1.08630747114588,-3.16433294434327,1.09391409482213,0.340609471688049,1.62189740417298,0.0335999033983769,3.21019490494758,0.0453464614226814,1.88348729442691,-0.336850332744342,4.10382492159816,0.0963894707868755,0.586687979412404,-1.27776881544872,2.45114477427353,0.537405445374254,"ok",,,FALSE,FALSE,FALSE
"n_PFOS_ln_S","Continuous","Continuous, per 1 SD",1045,583,230,232,,FALSE,"WTSB2YR",,1.90049679316901,1.5127415817713,-1.06442222501888,4.86541581135691,0.208997748059362,0.699784825748256,1.72718948308501,-2.68544435557472,4.08501400707123,0.685361294765174,0.426506321441689,-1.61567227406255,2.46868491694593,0.682293167545009,2.3270031146107,0.205485721595085,4.44852050762632,0.031570881349696,1.12629114718995,-1.18335460426143,3.43593689864132,0.339188455805308,"ok",,,FALSE,FALSE,FALSE
"NDMA_binary_U","Binary","Binary 0/1",927,525,203,199,59,FALSE,"WTSSBI2Y",,-6.41012004944285,3.0713244777362,-12.4298054106421,-0.390434688243596,0.0368803104258595,-3.39598555425878,3.0337497976755,-9.34202589580844,2.55005478729088,0.262968683293381,6.75328886246974,3.23797830591762,10.2685994190219,0.00016634845356238,0.343168813026894,-5.50964326868101,6.1959808947348,0.908509433044937,3.35730330821096,-2.95131433061891,9.66592094704084,0.296925874564054,"ok",,,FALSE,FALSE,FALSE
"Norharman_ln_U","Continuous","Continuous, per 1 SD",1149,633,434,82,,FALSE,"WTSA2YR",,-0.795091859400523,1.40752408999058,-3.55378838315457,1.96360466435353,0.572150723754252,0.0338266563515309,1.22755862638613,-2.37214404027674,2.4397973529798,0.97801624220538,-0.341473612179583,-1.47133237821065,0.788385153851486,0.553613786604213,-1.13656547158011,-3.30311436756406,1.02998342440384,0.303859705806386,-0.307646955828053,-2.3068574004255,1.69156348876939,0.762951255914411,"ok",,,FALSE,FALSE,FALSE
"o_ANS_ln_U","Continuous","Continuous, per 1 SD",1056,584,397,75,,FALSE,"WTSA2YR",,0.8682748879807,0.814001052042413,-0.727137857400144,2.46368763336154,0.286118444781001,-0.283330784412389,1.46661718771837,-3.15784765144781,2.59118608262303,0.846812834627277,0.837913966622992,-0.680137928850408,2.35596586209639,0.279325990703855,1.70618885460369,0.0341184358592461,3.37825927334814,0.0455049223425957,0.554583182210603,-1.99751783377733,3.10668419819853,0.670174078945633,"ok",,,FALSE,FALSE,FALSE
"o_TLD_ln_U","Continuous","Continuous, per 1 SD",1087,603,399,85,,FALSE,"WTSA2YR",,0.309795447480854,1.32795484355558,-2.29294821898361,2.91253911394531,0.815538058045163,-0.885773652395253,2.82957300087851,-6.43163482574405,4.66008752095354,0.754249166381516,0.219966146880233,-1.523432075137,1.96336436889747,0.804683451402852,0.529761594361087,-1.21377112127927,2.27329431000145,0.551494001678883,-0.665807505515019,-5.7940393474462,4.46242433641616,0.799135855878986,"ok",,,FALSE,FALSE,FALSE
"PFBA_binary_U","Binary","Binary 0/1",1094,592,424,78,5,TRUE,"WTSSBH2Y",,-1.92668907459227,2.20332682621087,-6.24513030013651,2.39175215095197,0.381875725841352,-23.0190509024761,2.48605621484204,-27.8916315471084,-18.1464702578437,2.05846123708874e-20,4.79496809839604,2.30655335678959,7.28338284000249,0.000158927946343315,2.86827902380377,0.138220748600121,5.59833729900742,0.0394755186783712,-18.22408280408,-21.8233641508304,-14.6248014573296,3.28026614603891e-23,"ok",,,FALSE,FALSE,FALSE
"PFHpA_binary_S","Binary","Binary 0/1",1166,628,456,82,12,TRUE,"WTSB2YR",,0.79640533747692,4.44777040224896,-7.92106446243427,9.51387513738811,0.857892784198844,-7.35697802205597,6.94245155662435,-20.9639330374537,6.24997699334179,0.289277031624936,-0.502691360203236,-4.39540311349619,3.39002039308972,0.800188632897639,0.293713977273684,-5.64581510394966,6.23324305849703,0.922788634462229,-7.8596693822592,-21.1710743423485,5.45173557783014,0.247168838045287,"ok",,,FALSE,FALSE,FALSE
"PFHxA_binary_U","Binary","Binary 0/1",1094,592,424,78,14,TRUE,"WTSSBH2Y",,3.80715743175157,2.47375434568236,-1.04131199238531,8.65562685588845,0.123799411866054,-8.52410433659631,5.16189763567293,-18.6412377943977,1.59302912120509,0.0986669432881826,1.03232719674415,-2.87562747239873,4.94028186588702,0.604636172610747,4.83948462849572,1.19745847352615,8.48151078346529,0.00920409775973409,-7.49177713985216,-18.0267371080596,3.04318282835527,0.163378404684726,"ok",,,FALSE,FALSE,FALSE
"PhIP_binary_U","Binary","Binary 0/1",1163,641,440,82,39,FALSE,"WTSA2YR",,1.28069838259593,2.20695913275084,-3.04486203294746,5.60625879813933,0.561712328087238,2.92383597323487,5.71129957025317,-8.27010548938043,14.1177774358502,0.608693826873514,-1.0966218171762,-4.56437101690216,2.37112738254977,0.535384092807159,0.184076565419736,-2.32562431306612,2.69377744390559,0.885693501481267,1.82721415605868,-7.50075466002758,11.1551829721449,0.701031373675283,"ok",,,FALSE,FALSE,FALSE
"PPDA_binary_U","Binary","Binary 0/1",945,523,204,218,32,FALSE,"WTSA2YR",,-4.30959213108102,3.67412185084708,-11.5107386335529,2.89155437139089,0.240812483585735,-2.45765232684507,3.6922214224987,-9.69427333788978,4.77896868419963,0.505647802475995,-1.81539416373224,-5.67224667417228,2.0414583467078,0.356246102164401,-6.12498629481326,-11.2003465765503,-1.04962601307619,0.0180154433937458,-4.27304649057731,-11.701402671109,3.15530968995439,0.259556988096461,"ok",,,FALSE,FALSE,FALSE
"Sm_PFOS_ln_S","Continuous","Continuous, per 1 SD",1045,583,230,232,,FALSE,"WTSB2YR",,2.02689070165779,1.32165630954752,-0.563508064995473,4.61728946831106,0.12512835181608,0.992952748164886,1.51427271244374,-1.97496723099662,3.96087272732639,0.511998414132668,-0.102583376166154,-2.37881648620916,2.17364973387686,0.929614377398121,1.92430732549164,0.266911817321633,3.58170283366165,0.0228698227336769,0.890369371998731,-1.16895724851296,2.94969599251042,0.396767192472509,"ok",,,FALSE,FALSE,FALSE
"TBPPP_binary_U","Binary","Binary 0/1",934,529,205,200,31,FALSE,"WTSSBI2Y",,-1.36771263016796,4.30675848836627,-9.80880415747801,7.07337889714209,0.750808431825739,-0.309627384784138,3.34226336514043,-6.86034320730701,6.24108843773874,0.926189539618241,2.19037984280512,-2.67049337004667,7.05125305565692,0.377134624796286,0.82266721263716,-4.88663351836857,6.53196794364289,0.777624516642483,1.88075245802098,-2.68448629140533,6.4459912074473,0.419406632649864,"ok",,,FALSE,FALSE,FALSE
"TTCA_binary_U","Binary","Binary 0/1",1180,645,447,88,24,FALSE,"WTSA2YR",,1.40213867390296,2.81349120311457,-4.11220275502185,6.91648010282778,0.618228521899935,3.40077278079555,2.90703818551058,-2.29691736448785,9.09846292607894,0.242064916003495,-2.81167473548322,-5.44233370434883,-0.181015766617616,0.0361861785788294,-1.40953606158026,-5.37534828125288,2.55627615809236,0.486044454829818,0.589098045312322,-5.46613377778249,6.64432986840713,0.84877639321749,"ok",,,FALSE,FALSE,FALSE
"X1_AN_ln_U","Continuous","Continuous, per 1 SD",1110,613,418,79,,FALSE,"WTSA2YR",,-0.134023833045473,1.33334941938669,-2.74734067385077,2.47929300775982,0.919934155389219,-0.730311683757093,2.33661143825438,-5.30998594860002,3.84936258108584,0.754621341480002,-2.15751169422187,-3.87171837407242,-0.443305014371319,0.0136317554962176,-2.29153552726734,-3.81301050467821,-0.770060549856476,0.00315767980307674,-2.88782337797896,-6.07682344543089,0.301176689472964,0.0759209465644497,"ok",,,FALSE,FALSE,FALSE
"X2_AN_ln_U","Continuous","Continuous, per 1 SD",1113,610,421,82,,FALSE,"WTSA2YR",,0.668821049229447,1.31204402129518,-1.9027379786402,3.2403800770991,0.610223089287882,-2.01537949580458,2.09168331823199,-6.11500346660252,2.08424447499336,0.335286444058883,-1.15026061669531,-3.16080539646835,0.860284163077737,0.262150551690146,-0.481439567465859,-1.76359974552722,0.8007206105955,0.461761872229607,-3.16564011249989,-5.93747164118188,-0.393808583817891,0.0251932681872058,"ok",,,FALSE,FALSE,FALSE
"X26_DMA_binary_U","Binary","Binary 0/1",1063,586,401,76,28,FALSE,"WTSA2YR",,-1.85273012438874,2.72733798607603,-7.19821435076577,3.49275410198829,0.496936315156855,2.41000938131409,3.48837790045473,-4.42708566804263,9.2471044306708,0.489648368133193,-3.33628678430544,-6.53463306961747,-0.137940498993414,0.0409047032297679,-5.18901690869418,-9.77169860363486,-0.606335213753507,0.0264672003380423,-0.926277402991356,-8.11275341012671,6.260198604144,0.800559423627272,"ok",,,FALSE,FALSE,FALSE
"X4_ABP_ln_U","Continuous","Continuous, per 1 SD",1127,620,425,82,,FALSE,"WTSA2YR",,-0.201400224922804,1.1221261120004,-2.40072699055555,1.99792654070994,0.857560099112659,-1.00770788646477,2.29954335685666,-5.51473004679216,3.49931427386262,0.661226182451163,-1.29911286675842,-3.11585255443928,0.517626820922453,0.161055765281751,-1.50051309168122,-3.29648613186712,0.295459948504677,0.101520719058221,-2.30682075322319,-5.3615711809684,0.747929674522023,0.13885097392298,"ok",,,FALSE,FALSE,FALSE
"X4_MDA_binary_U","Binary","Binary 0/1",1029,573,221,235,102,FALSE,"WTSA2YR",,-0.302820980214826,4.11916241784423,-8.37623096566044,7.77058900523079,0.941396162236428,1.12082389776598,2.62892824211578,-4.03178077472113,6.2734285702531,0.669858277236273,-0.464941613299857,-4.09622547944222,3.1663422528425,0.801853164542922,-0.767762593514683,-6.59960272621428,5.06407753918492,0.79638410864731,0.655882284466126,-3.70387487426046,5.01563944319271,0.768102991788963,"ok",,,FALSE,FALSE,FALSE
"X5OHIMI_binary_U","Binary","Binary 0/1",877,497,193,187,33,FALSE,"WTSSBI2Y",,-2.57685013372583,2.9882435950367,-8.43369995703026,3.27999968957859,0.388506310455618,4.46863265483405,3.06137832639843,-1.53155860795839,10.4688239176265,0.144378046509695,0.63018379070879,-3.62567012505064,4.88603770646822,0.771647287672225,-1.94666634301704,-7.93379476994391,4.04046208390983,0.52395131749494,5.09881644554284,1.13422724766623,9.06340564341944,0.0117125301474021,"ok",,,FALSE,FALSE,FALSE
