"Pollutant","Exposure_Type","Exposure_Scale","n","N_NoTroubleSleeping","N_TroubleSleeping","Min_Binary_Cell_N","Any_Sparse_Binary_Cell","Weight_Variables","Beta_Interaction","SE_Interaction","Interaction_Low","Interaction_High","P_Interaction","Beta_NoTrouble","Low_NoTrouble","High_NoTrouble","P_NoTrouble","Beta_Trouble","Low_Trouble","High_Trouble","P_Trouble","status","error","P_FDR_BH","Nominal_P_lt_0_05","FDR05","FDR10","Interaction_Direction"
"BCPP_binary_U","Binary","Binary 0/1",2060,1446,614,271,FALSE,"WTSSBI2Y|WTSSCH2Y",-4.48963042529884,1.48111667915757,-7.74954625648888,-1.22971459410881,0.0114238348692771,-0.120994776472765,-2.05328059129587,1.81129103835034,0.892873093154412,-4.61062520177161,-7.74437634256827,-1.47687406097495,0.00789828364080383,"ok",,0.538431870047158,TRUE,FALSE,FALSE,"More negative / less positive toxicant-LE8 association with trouble sleeping"
"PrP_ln_U","Continuous","Continuous, per 1 SD",2220,1567,653,,FALSE,"WTSB2YR",2.32729286864476,0.801880667048411,0.562365420306827,4.0922203169827,0.0143859828341695,1.13433777838559,-0.158509069133214,2.4271846259044,0.0796328833202857,3.46163064703036,2.15453477617187,4.76872651788885,0.000114346709675522,"ok",,0.538431870047158,TRUE,FALSE,FALSE,"More positive / less negative toxicant-LE8 association with trouble sleeping"
"PFDA_ln_S","Continuous","Continuous, per 1 SD",2220,1564,656,,FALSE,"WTSB2YR",2.10945924773106,0.744406091999675,0.471032486157967,3.74788600930416,0.0162627492729836,0.557609632067627,-0.742168340015488,1.85738760415074,0.36532965746083,2.66706887979869,1.64104955776173,3.69308820183565,0.000133910420854046,"ok",,0.538431870047158,TRUE,FALSE,FALSE,"More positive / less negative toxicant-LE8 association with trouble sleeping"
"n_PFOA_ln_S","Continuous","Continuous, per 1 SD",1051,732,319,,FALSE,"WTSB2YR",1.98999633775405,0.830839793037941,0.361580266476974,3.61841240903113,0.0166129995136856,0.656079685714318,-0.747426755553623,2.05958612698226,0.359562022885919,2.64607602346837,1.15513611782555,4.13701592911119,0.000504254628630621,"ok",,0.538431870047158,TRUE,FALSE,FALSE,"More positive / less negative toxicant-LE8 association with trouble sleeping"
"MDA_binary_U","Binary","Binary 0/1",1050,733,317,57,FALSE,"WTSB2YR",-8.30986716563525,3.51484830610318,-15.1988432567191,-1.42089107455141,0.0180681835586295,2.35281094683989,-2.38879306659131,7.09441496027109,0.330779337962652,-5.95705621879536,-10.5046234662603,-1.40948897133046,0.0102451895075083,"ok",,0.538431870047158,TRUE,FALSE,FALSE,"More negative / less positive toxicant-LE8 association with trouble sleeping"
"PFHpA_binary_S","Binary","Binary 0/1",1169,832,337,41,FALSE,"WTSB2YR",7.0144474386638,3.19700280793861,0.748437076630705,13.2804578006969,0.0282303891096782,-3.19693612520985,-6.58235086920466,0.188478618784965,0.0641917822363928,3.81751131345395,-1.82127561000959,9.45629823691749,0.184537169451086,"ok",,0.701054662890341,TRUE,FALSE,FALSE,"More positive / less negative toxicant-LE8 association with trouble sleeping"
"Pb_ln_U","Continuous","Continuous, per 1 SD",2271,1649,622,,FALSE,"WTSA2YR",2.41627416543748,1.0535389897613,0.0974504833949248,4.73509784748003,0.0425164715364016,0.76455524493445,-0.375964096078241,1.90507458594714,0.168133343933904,3.18082941037193,1.29615306735579,5.06550575338806,0.00341326891415136,"ok",,0.781639155552287,TRUE,FALSE,FALSE,"More positive / less negative toxicant-LE8 association with trouble sleeping"
"PFNA_ln_S","Continuous","Continuous, per 1 SD",2220,1564,656,,FALSE,"WTSB2YR",1.52889823925173,0.668614472357314,0.0572877077707767,3.00050877073267,0.0430291033870198,-0.1378294845161,-1.20738810254687,0.93172913351467,0.781959950590542,1.39106875473563,-0.0864955648236003,2.86863307429485,0.0625413491694592,"ok",,0.781639155552287,TRUE,FALSE,FALSE,"More positive / less negative toxicant-LE8 association with trouble sleeping"
"THg_ln_S","Continuous","Continuous, per 1 SD",3443,2471,972,,FALSE,"WTSH2YR",1.51747640444091,0.700990678461668,-0.0253936762157945,3.06034648509761,0.0532610571729298,1.76161880500834,1.02426541140091,2.49897219861576,0.000269082025610708,3.27909520944924,1.8167774397175,4.74141297918098,0.000445773184094322,"ok",,0.781639155552287,FALSE,FALSE,FALSE,"More positive / less negative toxicant-LE8 association with trouble sleeping"
"HEMA_binary_U","Binary","Binary 0/1",2243,1631,612,271,FALSE,"WTSA2YR",-3.76407457023611,1.8112565215213,-7.7506232952237,0.222474154751477,0.0618949520583974,-2.61475655861657,-4.79178153440478,-0.437731582828361,0.022848592261887,-6.37883112885268,-9.5655563868496,-3.19210587085577,0.00105321404711996,"ok",,0.781639155552287,FALSE,FALSE,FALSE,"More negative / less positive toxicant-LE8 association with trouble sleeping"
"Pb_ln_S","Continuous","Continuous, per 1 SD",3443,2471,972,,FALSE,"WTSH2YR",1.66118338725817,0.838331238326667,-0.183971227540074,3.50633800205641,0.073077183535648,0.215569427697418,-0.887908696754758,1.31904755214959,0.675517918838575,1.87675281495559,0.0636988476218943,3.68980678228928,0.0436653512967974,"ok",,0.781639155552287,FALSE,FALSE,FALSE,"More positive / less negative toxicant-LE8 association with trouble sleeping"
"EtP_binary_U","Binary","Binary 0/1",2222,1568,654,326,FALSE,"WTSB2YR",3.13063827746682,1.62844924129798,-0.453554336592511,6.71483089152616,0.0808138478611244,1.51670785387814,0.150645816940142,2.88276989081613,0.0326078498382711,4.64734613134496,1.15171906433458,8.14297319835534,0.0137849381668893,"ok",,0.781639155552287,FALSE,FALSE,FALSE,"More positive / less negative toxicant-LE8 association with trouble sleeping"
"BPA_ln_U","Continuous","Continuous, per 1 SD",2220,1567,653,,FALSE,"WTSB2YR",1.85465145658382,0.982482336506436,-0.30777758611901,4.01708049928664,0.0857120214626863,-1.11777246507029,-2.04378969640088,-0.191755233739707,0.0223156395691906,0.736878991513525,-1.23472106111983,2.70847904414688,0.428201608981472,"ok",,0.781639155552287,FALSE,FALSE,FALSE,"More positive / less negative toxicant-LE8 association with trouble sleeping"
"Ba_ln_U","Continuous","Continuous, per 1 SD",2271,1649,622,,FALSE,"WTSA2YR",1.47660331392576,0.786933843214569,-0.255426396963383,3.20863302481491,0.0873658207466537,0.0771716336900814,-0.804775718486142,0.959118985866305,0.850790183904892,1.55377494761585,-0.158576897483947,3.26612679271564,0.0711496118557225,"ok",,0.781639155552287,FALSE,FALSE,FALSE,"More positive / less negative toxicant-LE8 association with trouble sleeping"
"CEMA_CEM_ln_U","Continuous","Continuous, per 1 SD",2245,1630,615,,FALSE,"WTSA2YR",-1.48592732927233,0.797366792214781,-3.24091980608694,0.269065147542278,0.0892799872123916,-2.15868236180343,-3.30683839472351,-1.01052632888336,0.00164923161181937,-3.64460969107576,-5.22404568474005,-2.06517369741147,0.000355615881860204,"ok",,0.781639155552287,FALSE,FALSE,FALSE,"More negative / less positive toxicant-LE8 association with trouble sleeping"
"X1_NP_ln_U","Continuous","Continuous, per 1 SD",2189,1590,599,,FALSE,"WTSA2YR",1.69495093110219,0.912722401921043,-0.313937530809225,3.7038393930136,0.0902645364884476,-2.11826574245576,-3.30569393210829,-0.930837552803234,0.00236682506898142,-0.423314811353573,-1.95247192734202,1.10584230463487,0.554703844357107,"ok",,0.781639155552287,FALSE,FALSE,FALSE,"More positive / less negative toxicant-LE8 association with trouble sleeping"
"CYHA_Cys_binary_U","Binary","Binary 0/1",1078,777,301,77,FALSE,"WTSA2YR",5.36894378818625,3.25458897439803,-1.00993338611504,11.7478209624875,0.0990138450676445,-12.9727988233182,-16.6818136701959,-9.26378397644055,7.11886600339942e-12,-7.60385503513199,-12.0450549275888,-3.16265514267516,0.000791677739993612,"ok",,0.781639155552287,FALSE,FALSE,FALSE,"More positive / less negative toxicant-LE8 association with trouble sleeping"
"MEHP_binary_U","Binary","Binary 0/1",2221,1567,654,273,FALSE,"WTSB2YR",-2.99364378564388,1.71125674634427,-6.76009448945432,0.772806918166559,0.108032854919847,1.34500868487763,-0.585644158403477,3.27566152815875,0.15343570171757,-1.64863510076624,-5.01369448740576,1.71642428587328,0.303968057975997,"ok",,0.781639155552287,FALSE,FALSE,FALSE,"More negative / less positive toxicant-LE8 association with trouble sleeping"
"U_ln_U","Continuous","Continuous, per 1 SD",2271,1649,622,,FALSE,"WTSA2YR",1.19319274083807,0.685169225848981,-0.314854557407019,2.70124003908315,0.109458787285816,-0.849014733301267,-1.62588455523095,-0.0721449113715825,0.0348985659438698,0.344178007536799,-0.879772557975408,1.56812857304901,0.548570368166435,"ok",,0.781639155552287,FALSE,FALSE,FALSE,"More positive / less negative toxicant-LE8 association with trouble sleeping"
"MBzP_ln_U","Continuous","Continuous, per 1 SD",2220,1567,653,,FALSE,"WTSB2YR",-1.23410378834948,0.71084322340911,-2.79865917422464,0.330451597525678,0.110429820379333,-1.15783221608629,-1.92343088853264,-0.392233543639945,0.00672793214087697,-2.39193600443577,-3.79124052224241,-0.992631486629125,0.00314204557585308,"ok",,0.781639155552287,FALSE,FALSE,FALSE,"More negative / less positive toxicant-LE8 association with trouble sleeping"
"Sm_PFOS_ln_S","Continuous","Continuous, per 1 SD",1051,732,319,,FALSE,"WTSB2YR",2.12949380936411,1.39002798047399,-0.59491096986786,4.85389858859607,0.12552759321827,-0.207222105075073,-2.07345821350013,1.65901400334999,0.827717867991232,1.92227170428903,-0.320401355456412,4.16494476403448,0.0929666363881201,"ok",,0.781639155552287,FALSE,FALSE,FALSE,"More positive / less negative toxicant-LE8 association with trouble sleeping"
"Mo_ln_U","Continuous","Continuous, per 1 SD",2270,1648,622,,FALSE,"WTSA2YR",1.32499424932615,0.805378891269138,-0.447632738608283,3.09762123726058,0.128177415265305,0.92730823587525,-0.153657205379156,2.00827367712966,0.0856542018212469,2.2523024852014,0.640074601358468,3.86453036904433,0.0105688876157227,"ok",,0.781639155552287,FALSE,FALSE,FALSE,"More positive / less negative toxicant-LE8 association with trouble sleeping"
"PFBA_binary_U","Binary","Binary 0/1",1097,781,316,44,FALSE,"WTSSBH2Y",-3.26091283080584,2.15182177077266,-7.47840600266946,0.956580341057788,0.129666183544891,4.50940444868043,2.91340122718606,6.1054076701748,3.06378371890963e-08,1.24849161787459,-2.62704965247688,5.12403288822607,0.527782077737717,"ok",,0.781639155552287,FALSE,FALSE,FALSE,"More negative / less positive toxicant-LE8 association with trouble sleeping"
"Co_ln_U","Continuous","Continuous, per 1 SD",2271,1649,622,,FALSE,"WTSA2YR",1.2707961506511,0.791900447067545,-0.472164981614497,3.01375728291671,0.136853058829446,0.659934514819044,-0.393906202527055,1.71377523216514,0.195498822853405,1.93073066547015,0.502629567923143,3.35883176301715,0.0126175600433901,"ok",,0.781639155552287,FALSE,FALSE,FALSE,"More positive / less negative toxicant-LE8 association with trouble sleeping"
"Norharman_ln_U","Continuous","Continuous, per 1 SD",1149,846,303,,FALSE,"WTSA2YR",-1.6929004157555,1.15888378481581,-3.96427089626194,0.57847006475095,0.144069629268052,0.0889113640536876,-0.778473594238794,0.956296322346169,0.840771869669689,-1.60398905170181,-3.46197843178968,0.254000328386063,0.0906415875261064,"ok",,0.781639155552287,FALSE,FALSE,FALSE,"More negative / less positive toxicant-LE8 association with trouble sleeping"
"IPM3_Cys_ln_U","Continuous","Continuous, per 1 SD",1076,775,301,,FALSE,"WTSA2YR",2.04678685536453,1.4368038494883,-0.769296942481045,4.86287065321011,0.154289751616665,-4.45103986348252,-5.89931927253229,-3.00276045443276,1.70563633394718e-09,-2.40425300811799,-4.6512283458788,-0.157277670357184,0.0359801030436927,"ok",,0.781639155552287,FALSE,FALSE,FALSE,"More positive / less negative toxicant-LE8 association with trouble sleeping"
"BuP_binary_U","Binary","Binary 0/1",2222,1568,654,209,FALSE,"WTSB2YR",2.37297404123419,1.58001692146166,-1.10461975559659,5.85056783806498,0.161282072567441,0.416827470383362,-2.31246932592133,3.14612426668805,0.743088506001808,2.78980151161756,-0.260896760051183,5.84049978328629,0.0692722229684631,"ok",,0.781639155552287,FALSE,FALSE,FALSE,"More positive / less negative toxicant-LE8 association with trouble sleeping"
"DEP_ln_U","Continuous","Continuous, per 1 SD",1052,734,318,,FALSE,"WTSB2YR",1.68542496117181,1.22337804017025,-0.712351937039082,4.08320185938271,0.168301729513356,1.31877352209345,0.255497186786595,2.3820498574003,0.0150601916608692,3.00419848326526,0.863116653929001,5.14528031260152,0.00595828811707,"ok",,0.781639155552287,FALSE,FALSE,FALSE,"More positive / less negative toxicant-LE8 association with trouble sleeping"
"Cd_ln_U","Continuous","Continuous, per 1 SD",2271,1649,622,,FALSE,"WTSA2YR",1.48133675086211,1.02886340654396,-0.783176338702468,3.7458498404267,0.177776069575979,-1.7586815166033,-2.97032751826668,-0.547035514939917,0.00853498845593702,-0.277344765741186,-2.31561713237197,1.7609276008896,0.770153016861695,"ok",,0.781639155552287,FALSE,FALSE,FALSE,"More positive / less negative toxicant-LE8 association with trouble sleeping"
"o_TLD_ln_U","Continuous","Continuous, per 1 SD",1087,800,287,,FALSE,"WTSA2YR",-1.22051521207289,0.918576532387611,-3.0208921325963,0.57986170845052,0.18394604027229,0.703215601535453,-0.783711540917292,2.1901427439882,0.353962923058415,-0.517299610537435,-1.72780502468208,0.693205803607215,0.402269654891934,"ok",,0.781639155552287,FALSE,FALSE,FALSE,"More negative / less positive toxicant-LE8 association with trouble sleeping"
"Chloroform_binary_S","Binary","Binary 0/1",3285,2356,929,422,FALSE,"WTSVOC2Y",-2.22668852022216,1.62654301177936,-5.80668555139929,1.35330851095498,0.198312831932007,1.59237744686933,0.252173725575287,2.93258116816337,0.0240368015884618,-0.634311073352825,-3.77441229411898,2.50579014741333,0.665225052347163,"ok",,0.781639155552287,FALSE,FALSE,FALSE,"More negative / less positive toxicant-LE8 association with trouble sleeping"
"TTCA_binary_U","Binary","Binary 0/1",1181,865,316,126,FALSE,"WTSA2YR",-2.89243312631095,2.26805588387357,-7.33774097362731,1.55287472100541,0.20220597034657,-0.689072232242748,-2.79435976681302,1.41621530232752,0.521193313584044,-3.5815053585537,-7.52375286263368,0.360742145526288,0.0749755138356787,"ok",,0.781639155552287,FALSE,FALSE,FALSE,"More negative / less positive toxicant-LE8 association with trouble sleeping"
"Sr_ln_U","Continuous","Continuous, per 1 SD",2271,1649,622,,FALSE,"WTSA2YR",1.12301245656502,0.840008945339612,-0.725834766471693,2.97185967960174,0.20824475141181,1.0166812609834,-0.321884057357018,2.35524657932381,0.122752858628852,2.13969371754842,0.84568229832227,3.43370513677457,0.00389211105990727,"ok",,0.781639155552287,FALSE,FALSE,FALSE,"More positive / less negative toxicant-LE8 association with trouble sleeping"
"X24D_ln_U","Continuous","Continuous, per 1 SD",2272,1606,666,,FALSE,"WTSB2YR|WTSC2YR",-0.805887337320208,0.608533663776275,-2.14526090070798,0.533486226067567,0.212257061426833,2.62683699059824,1.81961401610197,3.4340599650945,1.83923247942983e-05,1.82094965327803,0.579373669171492,3.06252563738457,0.00804291231026529,"ok",,0.781639155552287,FALSE,FALSE,FALSE,"More negative / less positive toxicant-LE8 association with trouble sleeping"
"PFUnDA_binary_S","Binary","Binary 0/1",2220,1564,656,287,FALSE,"WTSB2YR",1.84057711735624,1.40532633756058,-1.25252529670052,4.93367953141301,0.216985893021276,3.39721646487769,0.808225492654739,5.98620743710063,0.0147563393018383,5.23779358223393,2.44422613273683,8.03136103173103,0.00168140088999725,"ok",,0.781639155552287,FALSE,FALSE,FALSE,"More positive / less negative toxicant-LE8 association with trouble sleeping"
"MeP_ln_U","Continuous","Continuous, per 1 SD",2220,1567,653,,FALSE,"WTSB2YR",0.896341625413287,0.687274756299119,-0.616339914106672,2.40902316493325,0.21879616538181,1.89226644614207,0.768417591334483,3.01611530094965,0.0034659216683046,2.78860807155535,1.42005304406047,4.15716309905024,0.000924071573290467,"ok",,0.781639155552287,FALSE,FALSE,FALSE,"More positive / less negative toxicant-LE8 association with trouble sleeping"
"PNP_ln_U","Continuous","Continuous, per 1 SD",2229,1572,657,,FALSE,"WTSB2YR|WTSC2YR",-0.780789296359735,0.60296855062778,-2.10791412829344,0.546335535573973,0.221871105096902,1.87793111839064,0.972773253977938,2.78308898280334,0.000808148002879221,1.0971418220309,-0.171985173265891,2.3662688173277,0.0835648441241118,"ok",,0.781639155552287,FALSE,FALSE,FALSE,"More negative / less positive toxicant-LE8 association with trouble sleeping"
"FA_ln_S","Continuous","Continuous, per 1 SD",2064,1493,571,,FALSE,"WTSA2YR",0.916616495734364,0.726770817348149,-0.682995288036582,2.51622827950531,0.233321874762756,0.398286209325495,-0.758569060129005,1.55514147878,0.464517281146717,1.31490270505986,-0.0379014546678738,2.66770686478759,0.0556710149361402,"ok",,0.781639155552287,FALSE,FALSE,FALSE,"More positive / less negative toxicant-LE8 association with trouble sleeping"
"MeA_a_C_binary_U","Binary","Binary 0/1",1162,854,308,78,FALSE,"WTSA2YR",-2.2279483438797,1.87948527332225,-5.91167178906472,1.45577510130532,0.235857964819627,-6.95492590356457,-9.9240046729774,-3.98584713415175,4.40868507675505e-06,-9.18287424744427,-12.4557537408828,-5.90999475400572,3.81594966670421e-08,"ok",,0.781639155552287,FALSE,FALSE,FALSE,"More negative / less positive toxicant-LE8 association with trouble sleeping"
"CMAC_ln_U","Continuous","Continuous, per 1 SD",2234,1623,611,,FALSE,"WTSA2YR",1.00183386408233,0.817283222923283,-0.79699438116368,2.80066210932835,0.245866539764898,-2.32240005121937,-3.5019166321202,-1.14288347031855,0.00118738144787029,-1.32056618713704,-3.05509027882607,0.413957904551991,0.121955632460513,"ok",,0.781639155552287,FALSE,FALSE,FALSE,"More positive / less negative toxicant-LE8 association with trouble sleeping"
"Cs_ln_U","Continuous","Continuous, per 1 SD",2271,1649,622,,FALSE,"WTSA2YR",1.50653715535083,1.23038069672969,-1.20151249941444,4.2145868101161,0.246359639688099,1.56411767404656,0.133607004521915,2.99462834357121,0.034826315464674,3.07065482939739,0.871019680275718,5.27028997851906,0.0106116974278046,"ok",,0.781639155552287,FALSE,FALSE,FALSE,"More positive / less negative toxicant-LE8 association with trouble sleeping"
"Hg_binary_U","Binary","Binary 0/1",2278,1653,625,245,FALSE,"WTSA2YR",2.04829884755211,1.67973224470809,-1.6487668959778,5.74536459108203,0.248186980617954,0.395357400548516,-1.44538163421365,2.23609643531068,0.645645459425015,2.44365624810063,-0.304248729148745,5.19156122535,0.0761653521116084,"ok",,0.781639155552287,FALSE,FALSE,FALSE,"More positive / less negative toxicant-LE8 association with trouble sleeping"
"MHNCH_binary_U","Binary","Binary 0/1",2221,1567,654,239,FALSE,"WTSB2YR",-2.47645125150476,2.0622102474971,-7.01534540323477,2.06244290022525,0.255021206508726,-0.789836699957076,-3.28131475735272,1.70164135743857,0.49981912484625,-3.26628795146183,-6.50406534071877,-0.028510562204898,0.0483344158660487,"ok",,0.781639155552287,FALSE,FALSE,FALSE,"More negative / less positive toxicant-LE8 association with trouble sleeping"
"BP3_ln_U","Continuous","Continuous, per 1 SD",2220,1567,653,,FALSE,"WTSB2YR",1.01289517558633,0.848878398115913,-0.855473581389159,2.88126393256182,0.257885589158297,2.07562684306864,0.821059295084468,3.33019439105281,0.00387835243868706,3.08852201865497,1.65716219071034,4.5198818465996,0.000600480128836672,"ok",,0.781639155552287,FALSE,FALSE,FALSE,"More positive / less negative toxicant-LE8 association with trouble sleeping"
"MCOCH_binary_U","Binary","Binary 0/1",1044,729,315,157,FALSE,"WTSB2YR",-2.49406084667632,2.2199165982417,-6.84501742791272,1.85689573456009,0.261228155057624,-1.00533216094094,-3.5356373059914,1.52497298410951,0.436141038269722,-3.49939300761726,-7.57619074201955,0.577404726785034,0.092497017138439,"ok",,0.781639155552287,FALSE,FALSE,FALSE,"More negative / less positive toxicant-LE8 association with trouble sleeping"
"MCNP_ln_U","Continuous","Continuous, per 1 SD",2220,1567,653,,FALSE,"WTSB2YR",-1.18573640235638,1.00782801427049,-3.40395090569036,1.0324781009776,0.264217393037793,0.781219541472224,-0.245804313619328,1.80824339656378,0.122253733450369,-0.404516860884155,-2.35536953877195,1.54633581700364,0.656994013359622,"ok",,0.781639155552287,FALSE,FALSE,FALSE,"More negative / less positive toxicant-LE8 association with trouble sleeping"
"Furan_binary_S","Binary","Binary 0/1",3380,2429,951,194,FALSE,"WTSVOC2Y",1.77038580950507,1.52994678825075,-1.5970043671647,5.13777598617485,0.271719318918934,-10.9609794156589,-13.6019886092387,-8.31997022207907,1.81206390401581e-06,-9.1905936061538,-12.6870698356454,-5.69411737666223,0.000121876360211848,"ok",,0.781639155552287,FALSE,FALSE,FALSE,"More positive / less negative toxicant-LE8 association with trouble sleeping"
"X25_DCP_ln_U","Continuous","Continuous, per 1 SD",2220,1567,653,,FALSE,"WTSB2YR",0.950390070041735,0.821599457471816,-0.857938143393074,2.75871828347654,0.271875646959034,-0.392599045596713,-1.49639795474102,0.711199863547596,0.450242794755694,0.557791024445022,-0.979984091520032,2.09556614041008,0.441560431887323,"ok",,0.781639155552287,FALSE,FALSE,FALSE,"More positive / less negative toxicant-LE8 association with trouble sleeping"
"Perchlorate_ln_U","Continuous","Continuous, per 1 SD",2259,1641,618,,FALSE,"WTSA2YR",1.05816492484253,0.91815615543106,-0.96268314790803,3.07901299759308,0.273551003566038,1.89550190021345,0.720313114573404,3.07069068585349,0.00455171512468108,2.95366682505597,1.0063466981644,4.90098695194755,0.00661182318501535,"ok",,0.781639155552287,FALSE,FALSE,FALSE,"More positive / less negative toxicant-LE8 association with trouble sleeping"
"ATCA_ln_U","Continuous","Continuous, per 1 SD",2202,1598,604,,FALSE,"WTSA2YR",0.984015295105243,0.855606983190298,-0.89916297776738,2.86719356797787,0.274500993079903,-0.169642807435754,-1.60678829091102,1.26750267603951,0.799810727184262,0.814372487669489,-0.919911597780855,2.54865657311983,0.323547412858135,"ok",,0.781639155552287,FALSE,FALSE,FALSE,"More positive / less negative toxicant-LE8 association with trouble sleeping"
"As_III_binary_U","Binary","Binary 0/1",2277,1652,625,307,FALSE,"WTSA2YR",1.78241624288609,1.55974481490417,-1.65055894824787,5.21539143402004,0.277400531740151,2.14050267978211,0.186283351713233,4.09472200785099,0.0345660046433493,3.9229189226682,0.973445980999743,6.87239186433665,0.0137542353909998,"ok",,0.781639155552287,FALSE,FALSE,FALSE,"More positive / less negative toxicant-LE8 association with trouble sleeping"
"X24_DCP_ln_U","Continuous","Continuous, per 1 SD",2220,1567,653,,FALSE,"WTSB2YR",1.16480049473198,1.02910016046197,-1.10023368669274,3.4298346761567,0.281763200275959,0.0670083074014762,-1.0610773383019,1.19509395310485,0.898342479107223,1.23180880213345,-0.672606112685406,3.13622371695231,0.182292966730553,"ok",,0.781639155552287,FALSE,FALSE,FALSE,"More positive / less negative toxicant-LE8 association with trouble sleeping"
"IPM1_Cys_ln_U","Continuous","Continuous, per 1 SD",1076,775,301,,FALSE,"WTSA2YR",1.62026484566627,1.5137421433836,-1.34661523724605,4.58714492857859,0.28445259887495,-3.59971847514186,-5.0082704754972,-2.19116647478651,5.47374723972284e-07,-1.97945362947559,-4.50116869330627,0.542261434355092,0.12392648631461,"ok",,0.781639155552287,FALSE,FALSE,FALSE,"More positive / less negative toxicant-LE8 association with trouble sleeping"
"Benzene_binary_S","Binary","Binary 0/1",3285,2358,927,336,FALSE,"WTSVOC2Y",-1.57436469713448,1.4084477816453,-4.67433736329978,1.52560796903082,0.287470428133349,-4.93394909504209,-7.08587066477699,-2.78202752530719,0.000374159694573363,-6.50831379217657,-9.60908634027204,-3.40754124408111,0.000740710204013896,"ok",,0.781639155552287,FALSE,FALSE,FALSE,"More negative / less positive toxicant-LE8 association with trouble sleeping"
"Total_As_ln_U","Continuous","Continuous, per 1 SD",2271,1649,622,,FALSE,"WTSA2YR",1.02130778884012,0.920843413383312,-1.00545489878468,3.04807047646492,0.291046136998003,2.34076530278924,1.46571974601606,3.21581085956242,0.00010497688066048,3.36207309162936,1.50396143269404,5.22018475056468,0.00214970300594803,"ok",,0.781639155552287,FALSE,FALSE,FALSE,"More positive / less negative toxicant-LE8 association with trouble sleeping"
"MnBP_ln_U","Continuous","Continuous, per 1 SD",2220,1567,653,,FALSE,"WTSB2YR",-0.762721808355281,0.697399544517743,-2.2976878564935,0.772244239782939,0.297473035199001,-0.188605586690539,-1.30496481538925,0.927753642008176,0.71706831702441,-0.95132739504582,-2.18433878026645,0.281683990174811,0.117549856111265,"ok",,0.781639155552287,FALSE,FALSE,FALSE,"More negative / less positive toxicant-LE8 association with trouble sleeping"
"BDCM_binary_S","Binary","Binary 0/1",3346,2407,939,130,FALSE,"WTSVOC2Y",-2.29669800943161,2.10706804459939,-6.93432350689818,2.34092748803495,0.299016321251546,0.511379594575372,-1.37438854099082,2.39714773014156,0.562684131166185,-1.78531841485624,-6.17656661510201,2.60592978538953,0.390033613003798,"ok",,0.781639155552287,FALSE,FALSE,FALSE,"More negative / less positive toxicant-LE8 association with trouble sleeping"
"BPS_ln_U","Continuous","Continuous, per 1 SD",2219,1566,653,,FALSE,"WTSB2YR",0.83730975083148,0.781958821241518,-0.883770010523852,2.55838951218681,0.307198390579737,-0.318665383375478,-1.38610888415494,0.748778117403987,0.524649580064805,0.518644367456002,-0.878346384741369,1.91563511965337,0.431194327273327,"ok",,0.789182072351393,FALSE,FALSE,FALSE,"More positive / less negative toxicant-LE8 association with trouble sleeping"
"DETP_binary_U","Binary","Binary 0/1",1049,733,316,109,FALSE,"WTSB2YR",3.20879392727787,3.26637023638367,-3.19317409620771,9.61076195076345,0.325916123018233,2.60102078063487,0.639770981982988,4.56227057928676,0.00934098696490183,5.80981470791274,-0.54889469963381,12.1685241154593,0.073329162587448,"ok",,0.794951258038403,FALSE,FALSE,FALSE,"More positive / less negative toxicant-LE8 association with trouble sleeping"
"DMA_ln_U","Continuous","Continuous, per 1 SD",2275,1650,625,,FALSE,"WTSA2YR",0.941022637368181,0.917078482383664,-1.07745349299762,2.95949876773399,0.326876010590766,2.89761603971198,1.89315251871204,3.90207956071192,5.45047467516497e-05,3.83863867708016,1.98153323348856,5.69574412067175,0.000830901069259144,"ok",,0.794951258038403,FALSE,FALSE,FALSE,"More positive / less negative toxicant-LE8 association with trouble sleeping"
"Harman_ln_U","Continuous","Continuous, per 1 SD",1163,853,310,,FALSE,"WTSA2YR",-1.1572145475799,1.18569975580624,-3.48114336543806,1.16671427027827,0.329076339914675,0.745502652839372,-0.15782896224575,1.64883426792449,0.105765748801729,-0.411711894740523,-2.41192381170981,1.58850002222876,0.686633762387903,"ok",,0.794951258038403,FALSE,FALSE,FALSE,"More negative / less positive toxicant-LE8 association with trouble sleeping"
"IHg_binary_S","Binary","Binary 0/1",3443,2471,972,216,FALSE,"WTSH2YR",2.09498506139647,2.08369396245537,-2.49119442814036,6.68116455093329,0.336299912097108,0.594512673510391,-0.922181471886153,2.11120681890693,0.406696776900822,2.68949773490686,-1.58767573320033,6.96667120301405,0.193799379051097,"ok",,0.794951258038403,FALSE,FALSE,FALSE,"More positive / less negative toxicant-LE8 association with trouble sleeping"
"Ethylbenzene_binary_S","Binary","Binary 0/1",3290,2368,922,308,FALSE,"WTSVOC2Y",-1.65384564701142,1.65034675281029,-5.28623435895228,1.97854306492945,0.337820649258877,-5.27447462266341,-7.82980396929636,-2.71914527603046,0.000839624825062996,-6.92832026967483,-10.6501200354906,-3.2065205038591,0.0017676384668703,"ok",,0.794951258038403,FALSE,FALSE,FALSE,"More negative / less positive toxicant-LE8 association with trouble sleeping"
"TCPY_ln_U","Continuous","Continuous, per 1 SD",2250,1588,662,,FALSE,"WTSB2YR|WTSC2YR",1.04107609083493,1.047066078491,-1.2635008095591,3.34565299122896,0.341455573922535,1.52872393655616,0.307910304146877,2.74953756896544,0.0186853397010176,2.56980002739109,0.895589960737873,4.24401009404431,0.00616036852753038,"ok",,0.794951258038403,FALSE,FALSE,FALSE,"More positive / less negative toxicant-LE8 association with trouble sleeping"
"X3PBA_ln_U","Continuous","Continuous, per 1 SD",2252,1593,659,,FALSE,"WTSB2YR|WTSC2YR",0.638472466438032,0.671920648360094,-0.840414909361687,2.11735984223775,0.362411374539033,1.44877202723621,0.444290088797998,2.45325396567441,0.00884744471557279,2.08724449367424,0.939316115173346,3.23517287217513,0.00207912009975437,"ok",,0.813172056882334,FALSE,FALSE,FALSE,"More positive / less negative toxicant-LE8 association with trouble sleeping"
"PFHS_ln_S","Continuous","Continuous, per 1 SD",2220,1564,656,,FALSE,"WTSB2YR",1.04234446227654,1.10288915229924,-1.38509819516014,3.46978711971322,0.364903404921824,0.0168364007398274,-1.0848449859418,1.11851778742146,0.973769641649258,1.05918086301637,-0.942446790199693,3.06080851623243,0.268788404681011,"ok",,0.813172056882334,FALSE,FALSE,FALSE,"More positive / less negative toxicant-LE8 association with trouble sleeping"
"Cd_ln_S","Continuous","Continuous, per 1 SD",3443,2471,972,,FALSE,"WTSH2YR",0.843316451530633,0.901690250811036,-1.14129040950376,2.82792331256503,0.369731195146215,-3.25371863325444,-4.12228612381223,-2.38515114269666,4.89746752001443e-06,-2.41040218172381,-4.26574504406747,-0.555059319380151,0.0155319284154001,"ok",,0.813172056882334,FALSE,FALSE,FALSE,"More positive / less negative toxicant-LE8 association with trouble sleeping"
"DMP_ln_U","Continuous","Continuous, per 1 SD",1046,731,315,,FALSE,"WTSB2YR",-1.16291483048321,1.32548540177032,-3.76081847998663,1.43498881902021,0.380296474753197,1.85449059291821,0.879926240788193,2.82905494504822,0.000191784322884403,0.691575762434993,-1.85462738386337,3.23777890873335,0.594485690927915,"ok",,0.813172056882334,FALSE,FALSE,FALSE,"More negative / less positive toxicant-LE8 association with trouble sleeping"
"PhIP_binary_U","Binary","Binary 0/1",1163,853,310,130,FALSE,"WTSA2YR",2.72175663764898,3.10535503420532,-3.36462738860359,8.80814066390154,0.380773509136269,-1.09561320524149,-3.35791613386276,1.16668972337978,0.342522389289853,1.62614343240749,-3.6533136581621,6.90560052297707,0.546046349181529,"ok",,0.813172056882334,FALSE,FALSE,FALSE,"More positive / less negative toxicant-LE8 association with trouble sleeping"
"X34_MHA_ln_U","Continuous","Continuous, per 1 SD",2253,1638,615,,FALSE,"WTSA2YR",-0.649363934482221,0.713116726072715,-2.2189232659814,0.92019539701696,0.382027140817204,-1.12415756882767,-2.33532055351316,0.0870054158578106,0.0657778355846651,-1.77352150330989,-3.54202889502464,-0.00501411159514409,0.0494578223192373,"ok",,0.813172056882334,FALSE,FALSE,FALSE,"More negative / less positive toxicant-LE8 association with trouble sleeping"
"X1_AN_ln_U","Continuous","Continuous, per 1 SD",1110,819,291,,FALSE,"WTSA2YR",-0.876250638192482,1.01898474702115,-2.8734240431496,1.12092276676464,0.38983028940458,-2.00710619782891,-2.93684383124389,-1.07736856441392,2.32503475423446e-05,-2.88335683602139,-4.62793054941044,-1.13878312263233,0.00119804703515867,"ok",,0.818094551003977,FALSE,FALSE,FALSE,"More negative / less positive toxicant-LE8 association with trouble sleeping"
"o_ANS_ln_U","Continuous","Continuous, per 1 SD",1056,774,282,,FALSE,"WTSA2YR",1.00165714380196,1.21076812035814,-1.37140476572925,3.37471905333317,0.408072342723985,0.764196445168629,-0.844139502510205,2.37253239284746,0.351713115073323,1.76585358897059,0.116032092641472,3.41567508529971,0.0359220718965676,"ok",,0.836420012489822,FALSE,FALSE,FALSE,"More positive / less negative toxicant-LE8 association with trouble sleeping"
"DCVDMPCA_binary_U","Binary","Binary 0/1",2242,1583,659,216,FALSE,"WTSB2YR|WTSC2YR",1.86716566247266,2.17902246859939,-2.92883045442085,6.66316177936616,0.409789670548705,1.78168465036075,-0.853461507760704,4.41683080848221,0.164811496055101,3.64885031283341,-0.11205362205902,7.40975424772584,0.0560506663208846,"ok",,0.836420012489822,FALSE,FALSE,FALSE,"More positive / less negative toxicant-LE8 association with trouble sleeping"
"DHB_Cys_ln_U","Continuous","Continuous, per 1 SD",2143,1559,584,,FALSE,"WTSA2YR",0.651654180404842,0.778002119274182,-1.06071693863748,2.36402529944716,0.420082316588925,-0.559067883750023,-1.71755411061513,0.599418343115089,0.310925283132007,0.0925862966548185,-1.5125965828784,1.69776917618803,0.901269365427144,"ok",,0.845841421239862,FALSE,FALSE,FALSE,"More positive / less negative toxicant-LE8 association with trouble sleeping"
"X2_AN_ln_U","Continuous","Continuous, per 1 SD",1113,827,286,,FALSE,"WTSA2YR",0.836704389453594,1.18493929364738,-1.4857339499616,3.15914272886879,0.480116109898167,-1.2553445879455,-2.4476556057326,-0.0630335701583946,0.0390574750633411,-0.418640198491905,-2.2822718858515,1.44499148886769,0.659734342850272,"ok",,0.900674023796932,FALSE,FALSE,FALSE,"More positive / less negative toxicant-LE8 association with trouble sleeping"
"AsC_binary_U","Binary","Binary 0/1",2277,1652,625,104,FALSE,"WTSA2YR",1.68774900400737,2.34866226622417,-3.48162179001922,6.85711979803396,0.487371138190995,0.381634812743818,-2.55939312715254,3.32266275264017,0.780486981441334,2.06938381675118,-1.68852750819212,5.82729514169448,0.250894017651934,"ok",,0.900674023796932,FALSE,FALSE,FALSE,"More positive / less negative toxicant-LE8 association with trouble sleeping"
"MECPP_ln_U","Continuous","Continuous, per 1 SD",2220,1567,653,,FALSE,"WTSB2YR",-0.577211948655701,0.804983136782452,-2.3489678868379,1.19454398952649,0.488290703008487,0.0213659343180395,-1.20053489615997,1.24326676479605,0.969989771682485,-0.555846014337662,-2.08971017398192,0.978018145306593,0.441980766444315,"ok",,0.900674023796932,FALSE,FALSE,FALSE,"More negative / less positive toxicant-LE8 association with trouble sleeping"
"X2_NP_ln_U","Continuous","Continuous, per 1 SD",2227,1619,608,,FALSE,"WTSA2YR",0.671942572171152,0.938472350245552,-1.39362114387563,2.73750628821793,0.48891498901713,-3.42078160757496,-4.48319371676233,-2.3583694983876,2.02752680414462e-05,-2.74883903540381,-4.83101503579675,-0.666663035010874,0.0142988884653019,"ok",,0.900674023796932,FALSE,FALSE,FALSE,"More positive / less negative toxicant-LE8 association with trouble sleeping"
"PHE_Cys_binary_U","Binary","Binary 0/1",2205,1603,602,279,FALSE,"WTSA2YR",1.13351423098435,1.60609163366269,-2.40146962045457,4.66849808242327,0.495013200096198,-5.22172812715426,-6.97885733943383,-3.46459891487469,4.1879405836169e-05,-4.08821389616991,-7.17005164015365,-1.00637615218618,0.0139445085152802,"ok",,0.900674023796932,FALSE,FALSE,FALSE,"More positive / less negative toxicant-LE8 association with trouble sleeping"
"GLYP_ln_U","Continuous","Continuous, per 1 SD",2055,1443,612,,FALSE,"WTSSCH2Y|WTSSGL2Y",0.576167549261842,0.818037229751176,-1.22432025382297,2.37665535234665,0.495868831347946,0.242951329632366,-0.764489714118202,1.25039237338293,0.606119615184304,0.819118878894208,-0.839818963576774,2.47805672136519,0.300382897301843,"ok",,0.900674023796932,FALSE,FALSE,FALSE,"More positive / less negative toxicant-LE8 association with trouble sleeping"
"X26_DMA_binary_U","Binary","Binary 0/1",1063,777,286,91,FALSE,"WTSA2YR",-1.94026305438067,2.93768577773442,-7.69802137663566,3.81749526787432,0.508950139600016,-2.90624749413889,-5.75388893398782,-0.0586060542899558,0.0454677559991945,-4.84651054851955,-10.2173115999568,0.524290502917665,0.0769548243683755,"ok",,0.900674023796932,FALSE,FALSE,FALSE,"More negative / less positive toxicant-LE8 association with trouble sleeping"
"AsB_binary_U","Binary","Binary 0/1",2277,1652,625,312,FALSE,"WTSA2YR",1.22020829404931,1.81296585125433,-2.77010264031438,5.21051922841299,0.514809572914621,0.862337361823112,-1.30021992779584,3.02489465144206,0.39889165412102,2.08254565587242,-0.826953120859598,4.99204443260444,0.143465283031024,"ok",,0.900674023796932,FALSE,FALSE,FALSE,"More positive / less negative toxicant-LE8 association with trouble sleeping"
"X4_MDA_binary_U","Binary","Binary 0/1",1033,743,290,143,FALSE,"WTSA2YR",-2.16202190055218,3.34700937195601,-8.72203972550398,4.39799592439963,0.518307635459433,0.249636978130842,-2.31441469277468,2.81368864903636,0.84866443512746,-1.91238492242133,-7.42378814941877,3.59901830457611,0.496452605094555,"ok",,0.900674023796932,FALSE,FALSE,FALSE,"More negative / less positive toxicant-LE8 association with trouble sleeping"
"BCETP_ln_U","Continuous","Continuous, per 1 SD",2056,1444,612,,FALSE,"WTSSBI2Y|WTSSCH2Y",-0.583899952124355,0.914361598588245,-2.59639626157475,1.42859635732604,0.536160523881091,-0.204235340254922,-1.54705309752637,1.13858241701652,0.74410401211006,-0.788135292379277,-2.44846322490057,0.872192640142016,0.318542048913625,"ok",,0.900674023796932,FALSE,FALSE,FALSE,"More negative / less positive toxicant-LE8 association with trouble sleeping"
"n_PFOS_ln_S","Continuous","Continuous, per 1 SD",1051,732,319,,FALSE,"WTSB2YR",0.755544865884235,1.27590526080899,-1.74518349298656,3.25627322475503,0.553740929528004,0.625289122623752,-1.05972324221562,2.31030148746313,0.467029597551539,1.38083398850799,-0.488199762973777,3.24986773998975,0.147613457327843,"ok",,0.900674023796932,FALSE,FALSE,FALSE,"More positive / less negative toxicant-LE8 association with trouble sleeping"
"Nitrate_ln_U","Continuous","Continuous, per 1 SD",2260,1642,618,,FALSE,"WTSA2YR",0.525336088777396,0.872391224196623,-1.39478404947355,2.44545622702834,0.559262769709229,1.84712269396301,0.588643363512769,3.10560202441325,0.00800841694295704,2.37245878274041,0.825325334974703,3.91959223050611,0.00619593699285206,"ok",,0.900674023796932,FALSE,FALSE,FALSE,"More positive / less negative toxicant-LE8 association with trouble sleeping"
"PMA_binary_U","Binary","Binary 0/1",2227,1614,613,247,FALSE,"WTSA2YR",0.968150881029083,1.62909562465616,-2.61746441320934,4.5537661752675,0.564342603961364,-2.44634271171548,-3.91808217444057,-0.974603248990381,0.0037644128509007,-1.47819183068639,-5.2051370120783,2.24875335070552,0.401338997363828,"ok",,0.900674023796932,FALSE,FALSE,FALSE,"More positive / less negative toxicant-LE8 association with trouble sleeping"
"Mn_binary_U","Binary","Binary 0/1",2273,1651,622,181,FALSE,"WTSA2YR",-1.1252272109491,1.915906956395,-5.34210999009083,3.09165556819264,0.568856025085277,-1.41821229363495,-3.71482618959465,0.878401602324746,0.201308927264963,-2.54343950458405,-5.56100495091111,0.474125941743013,0.0905483342193728,"ok",,0.900674023796932,FALSE,FALSE,FALSE,"More negative / less positive toxicant-LE8 association with trouble sleeping"
"X5OHIMI_binary_U","Binary","Binary 0/1",884,614,270,51,FALSE,"WTSSBI2Y",2.3101748544614,4.06008440189712,-5.64744434744981,10.2677940563726,0.569358341321236,0.624805724360381,-2.71822109803011,3.96783254675087,0.714130964904585,2.93498057882178,-4.61065053387035,10.4806116915139,0.445847632424506,"ok",,0.900674023796932,FALSE,FALSE,FALSE,"More positive / less negative toxicant-LE8 association with trouble sleeping"
"MCOP_ln_U","Continuous","Continuous, per 1 SD",2220,1567,653,,FALSE,"WTSB2YR",-0.51631230041207,0.888443698279347,-2.47176369590185,1.43913909507771,0.572859370417777,0.545621394304298,-0.479017292165002,1.5702600807736,0.265945111487187,0.0293090938922281,-1.73059147659073,1.78920966437518,0.971416955031456,"ok",,0.900674023796932,FALSE,FALSE,FALSE,"More negative / less positive toxicant-LE8 association with trouble sleeping"
"PPDA_binary_U","Binary","Binary 0/1",948,688,260,61,FALSE,"WTSA2YR",1.6136366552939,2.94523659435402,-4.15892099558938,7.38619430617718,0.58377420224087,-3.53697155779334,-8.16430844263347,1.0903653270468,0.134100339180301,-1.92333490249944,-4.69081548235621,0.84414567735733,0.173156997024374,"ok",,0.900674023796932,FALSE,FALSE,FALSE,"More positive / less negative toxicant-LE8 association with trouble sleeping"
"OXY_binary_U","Binary","Binary 0/1",2264,1602,662,131,FALSE,"WTSB2YR|WTSC2YR",-1.12581724402747,2.09916484158966,-5.74604790895242,3.49441342089749,0.602416670076038,2.14685575337552,-0.202497663285446,4.49620917003648,0.0694483796590622,1.02103850934805,-3.60143428543908,5.64351130413518,0.636389695505749,"ok",,0.900674023796932,FALSE,FALSE,FALSE,"More negative / less positive toxicant-LE8 association with trouble sleeping"
"PFHxA_binary_U","Binary","Binary 0/1",1097,781,316,66,FALSE,"WTSSBH2Y",-1.40748986699411,2.70988615177872,-6.71876912668423,3.90378939269602,0.603488263432433,2.20524433763651,-1.01829403241075,5.42878270768376,0.179977413942324,0.7977544706424,-4.41185592669138,6.00736486797618,0.764076582037806,"ok",,0.900674023796932,FALSE,FALSE,FALSE,"More negative / less positive toxicant-LE8 association with trouble sleeping"
"DBUP_binary_U","Binary","Binary 0/1",2058,1445,613,226,FALSE,"WTSSBI2Y|WTSSCH2Y",0.935470886009402,1.76184693624984,-2.94232807502941,4.81326984704822,0.606000553709813,-1.54025285128249,-3.66449158711187,0.583985884546896,0.138817443075473,-0.604781965273084,-4.12823349805539,2.91866956750923,0.71277665008098,"ok",,0.900674023796932,FALSE,FALSE,FALSE,"More positive / less negative toxicant-LE8 association with trouble sleeping"
"NDMA_binary_U","Binary","Binary 0/1",933,640,293,85,FALSE,"WTSSBI2Y",1.35479248144082,2.63267422145065,-3.80515417562948,6.51473913851111,0.606827699561592,4.55757272299547,1.1052096701351,8.00993577585584,0.00967004774221892,5.91236520443629,0.363036463448486,11.4616939454241,0.0367811851702334,"ok",,0.900674023796932,FALSE,FALSE,FALSE,"More positive / less negative toxicant-LE8 association with trouble sleeping"
"MCPP_ln_U","Continuous","Continuous, per 1 SD",2220,1567,653,,FALSE,"WTSB2YR",-0.408435867501262,0.788604456291496,-2.14414257298098,1.32727083797846,0.614769360379129,0.666483336223122,-0.250620158473263,1.58358683091951,0.138011646641244,0.25804746872186,-1.06850505224805,1.58459998969177,0.676807167379635,"ok",,0.900674023796932,FALSE,FALSE,FALSE,"More negative / less positive toxicant-LE8 association with trouble sleeping"
"X4_ABP_ln_U","Continuous","Continuous, per 1 SD",1127,831,296,,FALSE,"WTSA2YR",0.707198795989211,1.40738870851022,-2.05123238493917,3.46562997691759,0.615322862990887,-1.59619430153764,-2.76801574243421,-0.424372860641068,0.00759052234912398,-0.888995505548427,-3.5545032472652,1.77651223616835,0.513315556009023,"ok",,0.900674023796932,FALSE,FALSE,FALSE,"More positive / less negative toxicant-LE8 association with trouble sleeping"
"MiBP_ln_U","Continuous","Continuous, per 1 SD",2220,1567,653,,FALSE,"WTSB2YR",-0.368534060940275,0.720780264145984,-1.95496072601252,1.21789260413197,0.619248398120618,-0.127938930993691,-0.983930243071554,0.728052381084171,0.748359806644721,-0.496472991933966,-1.99934188538362,1.00639590151569,0.482355166005492,"ok",,0.900674023796932,FALSE,FALSE,FALSE,"More negative / less positive toxicant-LE8 association with trouble sleeping"
"Tl_ln_U","Continuous","Continuous, per 1 SD",2271,1649,622,,FALSE,"WTSA2YR",0.534092859528543,1.06652103986431,-1.8133041221383,2.88148984119539,0.626394398925856,2.06660709938936,0.942036701847977,3.19117749693074,0.00193286813573931,2.6006999589179,0.588149663141829,4.61325025469398,0.0159613986206879,"ok",,0.900674023796932,FALSE,FALSE,FALSE,"More positive / less negative toxicant-LE8 association with trouble sleeping"
"Thiocyanate_ln_U","Continuous","Continuous, per 1 SD",2254,1637,617,,FALSE,"WTSA2YR",0.52606785030546,1.0586758005078,-1.80406187596035,2.85619757657127,0.629033258496669,-1.93334866038886,-3.23695513547163,-0.62974218530609,0.00754208550913124,-1.4072808100834,-3.1667714782223,0.352209858055498,0.106079064686894,"ok",,0.900674023796932,FALSE,FALSE,FALSE,"More positive / less negative toxicant-LE8 association with trouble sleeping"
"DEA_ln_U","Continuous","Continuous, per 1 SD",2246,1599,647,,FALSE,"WTSB2YR|WTSC2YR",0.450048614107815,0.910565332478069,-1.55409216997032,2.45418939818595,0.630850088515905,-0.311337674263288,-1.26257911471246,0.639903766185883,0.486321171225626,0.138710939844528,-1.80391028796828,2.08133216765734,0.877966967782427,"ok",,0.900674023796932,FALSE,FALSE,FALSE,"More positive / less negative toxicant-LE8 association with trouble sleeping"
"X2_MHA_ln_U","Continuous","Continuous, per 1 SD",2129,1543,586,,FALSE,"WTSA2YR",-0.413351384249971,0.837124583193661,-2.25585016900712,1.42914740050718,0.631175991541316,-0.421254188159143,-1.54657161884956,0.704063242531278,0.427487051860977,-0.834605572409113,-2.66200996399805,0.992798819179821,0.336388633669407,"ok",,0.900674023796932,FALSE,FALSE,FALSE,"More negative / less positive toxicant-LE8 association with trouble sleeping"
"DPHP_ln_U","Continuous","Continuous, per 1 SD",2056,1442,614,,FALSE,"WTSSBI2Y|WTSSCH2Y",-0.473093768897218,0.980473277522057,-2.63110090258968,1.68491336479524,0.63889846892341,0.773521246404316,-0.165393650118537,1.71243614292717,0.0971383357523213,0.300427477507098,-1.46577212452384,2.06662707953804,0.715235636766758,"ok",,0.900674023796932,FALSE,FALSE,FALSE,"More negative / less positive toxicant-LE8 association with trouble sleeping"
"TCC_binary_U","Binary","Binary 0/1",2222,1568,654,251,FALSE,"WTSB2YR",1.0732525896491,2.22634903163903,-3.82690859017279,5.973413769471,0.639206178973331,-1.4126990883415,-3.42009511806991,0.594696941386915,0.14967088518688,-0.339446498692394,-5.16375669057959,4.4848636931948,0.879732806136302,"ok",,0.900674023796932,FALSE,FALSE,FALSE,"More positive / less negative toxicant-LE8 association with trouble sleeping"
"MMA_binary_U","Binary","Binary 0/1",2277,1652,625,264,FALSE,"WTSA2YR",0.960115299405851,2.02810575228931,-3.5037153644794,5.4239459632911,0.645180142077507,2.99525655098588,1.05632172832217,4.93419137364959,0.00592837035026078,3.95537185039173,-0.135244727325752,8.04598842810921,0.0567551001463741,"ok",,0.900674023796932,FALSE,FALSE,FALSE,"More positive / less negative toxicant-LE8 association with trouble sleeping"
"X1_PY_ln_U","Continuous","Continuous, per 1 SD",2264,1644,620,,FALSE,"WTSA2YR",0.628135272635533,1.3338955789091,-2.30774910165523,3.5640196469263,0.646910359521195,-0.563502543230649,-1.86750768717142,0.740502600710126,0.361976028015492,0.0646327294048844,-2.51340843281151,2.64267389162128,0.956984734572766,"ok",,0.900674023796932,FALSE,FALSE,FALSE,"More positive / less negative toxicant-LE8 association with trouble sleeping"
"DMDTP_binary_U","Binary","Binary 0/1",1046,729,317,157,FALSE,"WTSB2YR",-1.00616640871466,2.21016042805905,-5.33800124776602,3.3256684303367,0.648932363271071,1.23731308712758,-1.21614079045664,3.6907669647118,0.322937776841382,0.231146678412925,-3.44951179378772,3.91180515061357,0.902038645359248,"ok",,0.900674023796932,FALSE,FALSE,FALSE,"More negative / less positive toxicant-LE8 association with trouble sleeping"
"MEHHP_ln_U","Continuous","Continuous, per 1 SD",2220,1567,653,,FALSE,"WTSB2YR",-0.354127869924872,0.765921510317045,-2.03990974792766,1.33165400807792,0.652837547450125,-0.27977621619687,-1.42146655656658,0.861914124172844,0.60038462801767,-0.633904086121743,-2.02469001142148,0.75688183917799,0.33732985969188,"ok",,0.900674023796932,FALSE,FALSE,FALSE,"More negative / less positive toxicant-LE8 association with trouble sleeping"
"Se_ln_S","Continuous","Continuous, per 1 SD",3443,2471,972,,FALSE,"WTSH2YR",-0.332322656770602,0.739747744415352,-1.96049646444005,1.29585115089885,0.661982403202284,-0.580798034312078,-1.37131598845889,0.209719919834736,0.134153663217342,-0.91312069108268,-2.27811707078064,0.451875688615279,0.168949841823702,"ok",,0.904911725478351,FALSE,FALSE,FALSE,"More negative / less positive toxicant-LE8 association with trouble sleeping"
"MEOHP_ln_U","Continuous","Continuous, per 1 SD",2220,1567,653,,FALSE,"WTSB2YR",-0.311950255001023,0.750795683564486,-1.96444041278731,1.34053990278527,0.685770692177555,-0.223766074033495,-1.4491118719923,1.00157972392531,0.695433228381436,-0.535716329034517,-1.78204957460016,0.710616916531128,0.364437550922383,"ok",,0.928907573949597,FALSE,FALSE,FALSE,"More negative / less positive toxicant-LE8 association with trouble sleeping"
"PGA_ln_U","Continuous","Continuous, per 1 SD",2216,1612,604,,FALSE,"WTSA2YR",-0.28506573688591,0.744920077502122,-1.92462377292239,1.35449229915057,0.709248473918179,-0.336213330590831,-1.46130018377085,0.788873522589193,0.524238370495473,-0.621279067476741,-1.91684636205309,0.674288227099608,0.313843185470789,"ok",,0.946992704106128,FALSE,FALSE,FALSE,"More negative / less positive toxicant-LE8 association with trouble sleeping"
"TBPPP_binary_U","Binary","Binary 0/1",940,647,293,39,FALSE,"WTSSBI2Y",-1.36963135899051,3.7848889460287,-8.78787737869052,6.04861466070949,0.717450443754821,2.42699303401506,-1.97794433060265,6.83193039863277,0.280194086091543,1.05736167502455,-4.21492039560345,6.32964374565254,0.694265695372394,"ok",,0.946992704106128,FALSE,FALSE,FALSE,"More negative / less positive toxicant-LE8 association with trouble sleeping"
"GAM_Cys_binary_U","Binary","Binary 0/1",2258,1641,617,273,FALSE,"WTSA2YR",-0.73360351291361,2.01305753720232,-5.16431327870655,3.69710625287933,0.722451154283446,-5.34842410902446,-7.14302016857992,-3.55382804946901,4.08187482362654e-05,-6.08202762193807,-9.87979310378949,-2.28426214008666,0.00475793543322401,"ok",,0.946992704106128,FALSE,FALSE,FALSE,"More negative / less positive toxicant-LE8 association with trouble sleeping"
"MA_ln_U","Continuous","Continuous, per 1 SD",2215,1609,606,,FALSE,"WTSA2YR",-0.317066241250818,0.903367023313173,-2.30536365367927,1.67123117117763,0.732231115780406,-0.67415179113608,-1.79656967590116,0.448266093628997,0.213010873018349,-0.991218032386898,-2.76523792063592,0.782801855862119,0.244433212748734,"ok",,0.946992704106128,FALSE,FALSE,FALSE,"More negative / less positive toxicant-LE8 association with trouble sleeping"
"PMM_Cys_ln_U","Continuous","Continuous, per 1 SD",2234,1628,606,,FALSE,"WTSA2YR",-0.276020091070232,0.802719040776928,-2.04279278754324,1.49075260540278,0.73743720789556,-2.21445456811039,-3.3706076702256,-1.05830146599519,0.00144684009015987,-2.49047465918062,-3.98527106576201,-0.995678252599238,0.00370864984254209,"ok",,0.946992704106128,FALSE,FALSE,FALSE,"More negative / less positive toxicant-LE8 association with trouble sleeping"
"W_ln_U","Continuous","Continuous, per 1 SD",2270,1648,622,,FALSE,"WTSA2YR",-0.282669201371172,0.838698863545454,-2.12863295382044,1.56329455107809,0.742434921014068,-0.131620212909992,-1.12621646745462,0.862976041634631,0.776265218812284,-0.414289414281164,-2.0290204224002,1.20044159383788,0.58360728510446,"ok",,0.946992704106128,FALSE,FALSE,FALSE,"More negative / less positive toxicant-LE8 association with trouble sleeping"
"X2_HPMA_ln_U","Continuous","Continuous, per 1 SD",2235,1627,608,,FALSE,"WTSA2YR",0.394676148764326,1.18431309614228,-2.211979400747,3.00133169827566,0.745208741370358,0.0420858029405461,-1.14736534496315,1.23153695084424,0.93932486929349,0.436761951704872,-1.58125811998697,2.45478202339671,0.643138633349938,"ok",,0.946992704106128,FALSE,FALSE,FALSE,"More positive / less negative toxicant-LE8 association with trouble sleeping"
"X14_DCB_binary_S","Binary","Binary 0/1",3348,2410,938,432,FALSE,"WTSVOC2Y",0.425225763170115,1.31751319969017,-2.47460123757281,3.32505276391304,0.752937199834701,0.118868527619714,-1.56784370041875,1.80558075565818,0.879543299731537,0.544094290789829,-1.70199001740584,2.7901785989855,0.604521183901578,"ok",,0.946992704106128,FALSE,FALSE,FALSE,"More positive / less negative toxicant-LE8 association with trouble sleeping"
"Mn_ln_S","Continuous","Continuous, per 1 SD",3443,2471,972,,FALSE,"WTSH2YR",-0.253729956431518,0.810326756574172,-2.03724712247646,1.52978720961342,0.760045927754477,-0.626866294538554,-1.31862120137349,0.0648886122963788,0.0714708670705494,-0.880596250970073,-2.49398589082973,0.732793388889585,0.254858660297318,"ok",,0.946992704106128,FALSE,FALSE,FALSE,"More negative / less positive toxicant-LE8 association with trouble sleeping"
"MEP_ln_U","Continuous","Continuous, per 1 SD",2220,1567,653,,FALSE,"WTSB2YR",-0.244077188608901,0.805131149250744,-2.01615890003732,1.52800452281951,0.767430306690478,0.386213473358092,-0.642643368420522,1.41507031513671,0.426243422652681,0.142136284749191,-1.58787353778088,1.87214610727926,0.859788690646041,"ok",,0.946992704106128,FALSE,FALSE,FALSE,"More negative / less positive toxicant-LE8 association with trouble sleeping"
"X4FPBA_binary_U","Binary","Binary 0/1",2273,1607,666,84,FALSE,"WTSB2YR|WTSC2YR",1.08491301630891,3.65421280956473,-6.95795514935985,9.12778118197766,0.772078709246927,-1.470683112634,-5.70183067742923,2.76046445216123,0.46035275858061,-0.385770096325095,-6.37477903160628,5.60323883895609,0.889823239800979,"ok",,0.946992704106128,FALSE,FALSE,FALSE,"More positive / less negative toxicant-LE8 association with trouble sleeping"
"A_a_C_binary_U","Binary","Binary 0/1",1162,853,309,137,FALSE,"WTSA2YR",-0.700112673318313,2.51135413052409,-5.62227632157143,4.22205097493481,0.780414467991961,-4.83061292738227,-6.27094323787658,-3.39028261688797,4.91882621893701e-11,-5.53072560070059,-10.2422408912635,-0.819210310137661,0.0214057159298214,"ok",,0.946992704106128,FALSE,FALSE,FALSE,"More negative / less positive toxicant-LE8 association with trouble sleeping"
"DMTP_ln_U","Continuous","Continuous, per 1 SD",1049,732,317,,FALSE,"WTSB2YR",-0.409089477001282,1.48824650385628,-3.32599902467725,2.50782007067468,0.783408289640156,2.48062650065816,1.54362105232537,3.41763194899095,2.11647829121413e-07,2.07153702365688,-0.739778701713183,4.88285274902693,0.148679145087028,"ok",,0.946992704106128,FALSE,FALSE,FALSE,"More negative / less positive toxicant-LE8 association with trouble sleeping"
"o_Xylene_binary_S","Binary","Binary 0/1",3370,2420,950,289,FALSE,"WTSVOC2Y",-0.432342307739391,1.56977762318836,-3.88739956102089,3.02271494554211,0.788101310799731,-4.41305855223069,-6.5609102228886,-2.26520688157279,0.000868853940301158,-4.84540085997009,-8.36810803043403,-1.32269368950615,0.0115025516197041,"ok",,0.946992704106128,FALSE,FALSE,FALSE,"More negative / less positive toxicant-LE8 association with trouble sleeping"
"HIBP_ln_U","Continuous","Continuous, per 1 SD",2139,1509,630,,FALSE,"WTSB2YR|WTSSBH2Y",-0.197613920166912,0.916417363640202,-2.2146349379893,1.81940709765548,0.833216648998676,0.536708453456093,-0.285328835971358,1.35874574288354,0.178540306276436,0.33909453328918,-1.60893683206189,2.28712589864025,0.70892668955519,"ok",,0.964116568789103,FALSE,FALSE,FALSE,"More negative / less positive toxicant-LE8 association with trouble sleeping"
"BPF_binary_U","Binary","Binary 0/1",2221,1567,654,276,FALSE,"WTSB2YR",0.355738344422633,1.74591852836751,-3.48700242724329,4.19847911608856,0.842266019911352,-2.15044338281002,-4.22914108240238,-0.0717456832176619,0.043769933831506,-1.79470503838739,-5.08961997117327,1.50020989439848,0.255774151454283,"ok",,0.964116568789103,FALSE,FALSE,FALSE,"More positive / less negative toxicant-LE8 association with trouble sleeping"
"X23_OH_PH_ln_U","Continuous","Continuous, per 1 SD",2265,1644,621,,FALSE,"WTSA2YR",0.235894566539012,1.22638218923726,-2.4633544325729,2.93514356565092,0.850973132943798,-1.902085034383,-2.98916380891726,-0.815006259848731,0.0026943272779232,-1.66619046784398,-4.07351521512493,0.741134279436964,0.155882968252331,"ok",,0.964116568789103,FALSE,FALSE,FALSE,"More positive / less negative toxicant-LE8 association with trouble sleeping"
"CEMA_CYM_ln_U","Continuous","Continuous, per 1 SD",2232,1623,609,,FALSE,"WTSA2YR",-0.175244110923714,0.92485849500535,-2.21084393361518,1.86035571176775,0.853166060241024,-3.26636549112178,-4.37337374615953,-2.15935723608402,4.46251668604519e-05,-3.44160960204549,-5.02172673125031,-1.86149247284067,0.000558787691404998,"ok",,0.964116568789103,FALSE,FALSE,FALSE,"More negative / less positive toxicant-LE8 association with trouble sleeping"
"IPPPP_binary_U","Binary","Binary 0/1",938,645,293,51,FALSE,"WTSSBI2Y",0.478553469560812,2.58754906179044,-4.59294949977886,5.55005643890049,0.853272414850307,-3.97739847866578,-5.92188910520585,-2.03290785212571,6.09638239973492e-05,-3.49884500910497,-8.4098089346029,1.41211891639296,0.162597741192706,"ok",,0.964116568789103,FALSE,FALSE,FALSE,"More positive / less negative toxicant-LE8 association with trouble sleeping"
"Sn_ln_U","Continuous","Continuous, per 1 SD",2270,1648,622,,FALSE,"WTSA2YR",-0.199738994047716,1.0788934743551,-2.57436752042299,2.17488953232756,0.856493905412067,-0.783342296330636,-1.80267611293918,0.235991520277912,0.118857119563953,-0.983081290378352,-3.22439839251952,1.25823581176282,0.355093834906601,"ok",,0.964116568789103,FALSE,FALSE,FALSE,"More negative / less positive toxicant-LE8 association with trouble sleeping"
"BMA_ln_U","Continuous","Continuous, per 1 SD",2249,1632,617,,FALSE,"WTSA2YR",0.123975003536598,0.687245389192145,-1.38864189941671,1.63659190648991,0.860123671826328,1.83503032945739,1.03365956533042,2.63640109358435,0.000377990889130448,1.95900533299399,0.732490885136227,3.18551978085174,0.00483706393959047,"ok",,0.964116568789103,FALSE,FALSE,FALSE,"More positive / less negative toxicant-LE8 association with trouble sleeping"
"X3_HPMA_ln_U","Continuous","Continuous, per 1 SD",2175,1577,598,,FALSE,"WTSA2YR",-0.13253132590162,0.768063722150421,-1.82302818035945,1.5579655285562,0.866137045998675,-1.93619976281699,-2.8879178281418,-0.98448169749218,0.000934877926437506,-2.06873108871861,-3.5009620586747,-0.636500118762522,0.00877477239959377,"ok",,0.964116568789103,FALSE,FALSE,FALSE,"More negative / less positive toxicant-LE8 association with trouble sleeping"
"Toluene_ln_S","Continuous","Continuous, per 1 SD",3311,2379,932,,FALSE,"WTSVOC2Y",0.105459931563364,0.662560594493622,-1.35282610457859,1.56374596770532,0.876419598035574,-3.07575752786009,-3.97980383998298,-2.17171121573719,1.2177529775941e-05,-2.97029759629672,-4.34992881256736,-1.59066638002609,0.00061077582868911,"ok",,0.964116568789103,FALSE,FALSE,FALSE,"More positive / less negative toxicant-LE8 association with trouble sleeping"
"MB3_Cys_ln_U","Continuous","Continuous, per 1 SD",2202,1600,602,,FALSE,"WTSA2YR",-0.12575698117287,0.84681756535323,-1.98958987582026,1.73807591347452,0.88463134114433,-2.45747594940969,-3.54274092800702,-1.37221097081236,0.000412878617884692,-2.58323293058256,-4.0574205736611,-1.10904528750402,0.00266796648645115,"ok",,0.964116568789103,FALSE,FALSE,FALSE,"More negative / less positive toxicant-LE8 association with trouble sleeping"
"MINP_binary_U","Binary","Binary 0/1",2221,1567,654,190,FALSE,"WTSB2YR",-0.249175031513779,1.82705089148347,-4.27048693040109,3.77213686737353,0.893984073500818,1.41864294017298,-0.475407881586837,3.31269376193279,0.12747991795583,1.1694679086592,-2.14151281325899,4.48044863057738,0.453313523026862,"ok",,0.964116568789103,FALSE,FALSE,FALSE,"More negative / less positive toxicant-LE8 association with trouble sleeping"
"X2_FL_ln_U","Continuous","Continuous, per 1 SD",2264,1644,620,,FALSE,"WTSA2YR",0.132503641334046,1.04984050667386,-2.1781797343182,2.44318701698629,0.901840614755776,-3.31629315873642,-4.50221155049245,-2.1303747669804,7.15841322072434e-05,-3.18378951740238,-5.03950595311894,-1.32807308168582,0.00306746015446004,"ok",,0.964116568789103,FALSE,FALSE,FALSE,"More positive / less negative toxicant-LE8 association with trouble sleeping"
"CEMA_AAM_ln_U","Continuous","Continuous, per 1 SD",2195,1596,599,,FALSE,"WTSA2YR",0.120455838518157,0.96218607768375,-1.99730143971056,2.23821311674687,0.902631970799702,-0.754254839434947,-1.91030290917566,0.401793230305767,0.178820507882696,-0.63379900091679,-2.53144509638386,1.26384709455028,0.477651845307446,"ok",,0.964116568789103,FALSE,FALSE,FALSE,"More positive / less negative toxicant-LE8 association with trouble sleeping"
"m_p_Xylene_binary_S","Binary","Binary 0/1",3363,2418,945,346,FALSE,"WTSVOC2Y",0.175408679877991,1.51740011703909,-3.16436645964635,3.51518381940234,0.910054301530339,-1.83213457634774,-3.36374989507579,-0.300519257619684,0.0232888226841387,-1.65672589646975,-4.93156022114817,1.61810842820867,0.289246239206119,"ok",,0.964116568789103,FALSE,FALSE,FALSE,"More positive / less negative toxicant-LE8 association with trouble sleeping"
"MHBP_ln_U","Continuous","Continuous, per 1 SD",2139,1509,630,,FALSE,"WTSB2YR|WTSSBH2Y",0.104669784989922,0.916761254570029,-1.91310813166571,2.12244770164555,0.911157597379589,1.33537717160039,0.0470866717197613,2.62366767148102,0.0434268633214155,1.44004695659031,-0.809984214123251,3.69007812730387,0.186570182505891,"ok",,0.964116568789103,FALSE,FALSE,FALSE,"More positive / less negative toxicant-LE8 association with trouble sleeping"
"Sb_ln_U","Continuous","Continuous, per 1 SD",2271,1649,622,,FALSE,"WTSA2YR",-0.0881955092671813,0.79544091619892,-1.8389491615507,1.66255814301634,0.913711642284992,0.430838431467301,-0.272840717513138,1.13451758044774,0.204891271405756,0.34264292220012,-1.30541531668486,1.9907011610851,0.656145706322292,"ok",,0.964116568789103,FALSE,FALSE,FALSE,"More negative / less positive toxicant-LE8 association with trouble sleeping"
"X25_DMF_binary_S","Binary","Binary 0/1",3375,2426,949,236,FALSE,"WTSVOC2Y",0.155518288947668,1.4267708290432,-2.98478313262807,3.2958197105234,0.915165325210617,-10.8260272059821,-13.5008082058587,-8.1512462061055,2.31665629544792e-06,-10.6705089170345,-13.7969755178808,-7.54404231618807,1.18241411383513e-05,"ok",,0.964116568789103,FALSE,FALSE,FALSE,"More positive / less negative toxicant-LE8 association with trouble sleeping"
"EO_ln_S","Continuous","Continuous, per 1 SD",2248,1622,626,,FALSE,"WTSA2YR",-0.0916991162010706,0.879336124662831,-2.02710487731645,1.84370664491431,0.918822501799011,-3.49422354827842,-4.29079877099711,-2.69764832555974,1.04906366347319e-06,-3.5859226644795,-5.26126454695371,-1.91058078200528,0.000638655130461171,"ok",,0.964116568789103,FALSE,FALSE,FALSE,"More negative / less positive toxicant-LE8 association with trouble sleeping"
"MeFOSAA_binary_S","Binary","Binary 0/1",2220,1564,656,304,FALSE,"WTSB2YR",0.144864269379315,1.81632585377283,-3.85284198066546,4.14257051942409,0.93786322073232,0.543932395927856,-1.41208625800107,2.49995104985678,0.552943426609543,0.688796665307171,-2.83860448531293,4.21619781592727,0.675648738056157,"ok",,0.971107127786859,FALSE,FALSE,FALSE,"More positive / less negative toxicant-LE8 association with trouble sleeping"
"X3_FL_ln_U","Continuous","Continuous, per 1 SD",2261,1641,620,,FALSE,"WTSA2YR",0.0789441846050957,1.00276667140602,-2.12813037819404,2.28601874740423,0.93866415485197,-2.53930170212991,-3.7618586382418,-1.31674476601803,0.000801358628958732,-2.46035751752482,-4.13768993645265,-0.783025098596988,0.00803712536234014,"ok",,0.971107127786859,FALSE,FALSE,FALSE,"More positive / less negative toxicant-LE8 association with trouble sleeping"
"BDCPP_ln_U","Continuous","Continuous, per 1 SD",2049,1439,610,,FALSE,"WTSSBI2Y|WTSSCH2Y",-0.0631517092124698,0.997674999997302,-2.25901957880096,2.13271616037602,0.950664110897611,-0.298579424063927,-1.43167931770124,0.834520469573385,0.573619516977292,-0.361731133276397,-2.12826975894855,1.40480749239575,0.660965726000782,"ok",,0.971107127786859,FALSE,FALSE,FALSE,"More negative / less positive toxicant-LE8 association with trouble sleeping"
"DPCP_binary_U","Binary","Binary 0/1",1119,798,321,38,FALSE,"WTSSCH2Y",-0.259468376316279,4.27075992784658,-8.63000402151246,8.1110672688799,0.951554635281083,2.35722675774444,-2.27328470270579,6.98773821819468,0.318401990155141,2.09775838142817,-5.66868921137531,9.86420597423164,0.596530362867786,"ok",,0.971107127786859,FALSE,FALSE,FALSE,"More negative / less positive toxicant-LE8 association with trouble sleeping"
"X1_PH_ln_U","Continuous","Continuous, per 1 SD",2265,1644,621,,FALSE,"WTSA2YR",0.0625102761765376,1.28670223549698,-2.76950224960904,2.89452280196212,0.962123465574275,-1.0524451401997,-2.01699754699629,-0.0878927334031008,0.0351363640278793,-0.989934864023158,-3.38664258530251,1.40677285725619,0.382787208887392,"ok",,0.975213580752156,FALSE,FALSE,FALSE,"More positive / less negative toxicant-LE8 association with trouble sleeping"
"NPMA_ln_U","Continuous","Continuous, per 1 SD",2229,1618,611,,FALSE,"WTSA2YR",-0.0201305369251824,0.929627372848037,-2.06622658897869,2.02596551512832,0.983111439773845,0.777816732413588,-0.161358964774408,1.71699242960158,0.0955964442601695,0.757686195488405,-0.95416122849765,2.46953361947446,0.350901136822997,"ok",,0.989754084637182,FALSE,FALSE,FALSE,"More negative / less positive toxicant-LE8 association with trouble sleeping"
"DBCM_binary_S","Binary","Binary 0/1",3378,2427,951,96,FALSE,"WTSVOC2Y",-0.0297158571537256,2.32016146087718,-5.13635680156093,5.07692508725348,0.990010579451115,-1.1479825665831,-3.55785092067229,1.26188578750609,0.316909568027553,-1.17769842373682,-4.71696513744809,2.36156828997445,0.479250096156652,"ok",,0.990010579451115,FALSE,FALSE,FALSE,"More negative / less positive toxicant-LE8 association with trouble sleeping"
