method,effect_scale,estimate,conf_low,conf_high,std_error_link_scale,reference_df,p_value,covariates_used,covariates_dropped_no_variation,exposure,module_rds,outcome,transform,n,events,non_events,n_strata,n_psu,cycles,weight_variables,status,error,p_fdr_bh,family,matrix,nominal,fdr_significant,display_label,significance_rank,label_point
survey_weighted,beta,-3.4759044849579053,-4.010486653141024,-2.9413223167747864,0.26175849678318686,30,4.2646114976115594e-14,age+sex+eth+marital+PIR_level+edu+alcohol.user,,EO_ln_S,gas_serum.rds,LE8,natural_log_transformed,2415,,,30,4,2013-2014|2015-2016,WTSA2YR,ok,,6.3542711314412235e-12,Gaseous Pollutants,serum,TRUE,TRUE,EO_ln_S,1,TRUE
survey_weighted,beta,-10.723402518073332,-12.637882553701749,-8.808922482444917,0.9374263603866708,30,1.8273225711206835e-12,age+sex+eth+marital+PIR_level+edu+alcohol.user,,X25_DMF_binary_S,VOC_serum.rds,LE8,binary_above_detection_threshold,3581,,,30,4,2013-2014|2015-2016,WTSVOC2Y,ok,,1.046209001740006e-10,Volatile Organic Compounds (VOC),serum,TRUE,TRUE,25_DMF_binary_S,2,TRUE
survey_weighted,beta,-1.6375108998198673,-1.9315580885548131,-1.3434637110849217,0.14398039195391932,30,2.1064610773288714e-12,age+sex+eth+marital+PIR_level+edu+alcohol.user,,CEMA_CYM_ln_U,VOC_urine.rds,LE8,natural_log_transformed,2459,,,30,4,2013-2014|2015-2016,WTSA2YR,ok,,1.046209001740006e-10,Volatile Organic Compounds (VOC),urine,TRUE,TRUE,CEMA_CYM_ln_U,3,TRUE
survey_weighted,beta,-10.208785143682334,-12.218654863097276,-8.198915424267392,0.9841339793883426,30,1.9349605970135592e-11,age+sex+eth+marital+PIR_level+edu+alcohol.user,,Furan_binary_S,VOC_serum.rds,LE8,binary_above_detection_threshold,3586,,,30,4,2013-2014|2015-2016,WTSVOC2Y,ok,,7.207728223875507e-10,Volatile Organic Compounds (VOC),serum,TRUE,TRUE,Furan_binary_S,4,TRUE
survey_weighted,beta,-3.1233300903017467,-3.7892732782929666,-2.457386902310527,0.3260795032203051,30,1.2354853883980894e-10,age+sex+eth+marital+PIR_level+edu+alcohol.user,,X2_FL_ln_U,PAH_urine.rds,LE8,natural_log_transformed,2493,,,30,4,2013-2014|2015-2016,WTSA2YR,ok,,3.681746457426307e-9,Polycyclic Aromatic Hydrocarbons (PAH),urine,TRUE,TRUE,2_FL_ln_U,5,TRUE
survey_weighted,beta,-2.9211640078997863,-3.5844968777314605,-2.257831138068112,0.32480135928241294,30,5.093247366875135e-10,age+sex+eth+marital+PIR_level+edu+alcohol.user,,Toluene_ln_S,VOC_serum.rds,LE8,natural_log_transformed,3512,,,30,4,2013-2014|2015-2016,WTSVOC2Y,ok,,1.2648230961073257e-8,Volatile Organic Compounds (VOC),serum,TRUE,TRUE,Toluene_ln_S,6,TRUE
survey_weighted,beta,-2.4390781609384025,-3.0180217724498855,-1.8601345494269197,0.2834801055682887,30,1.3419800730524895e-9,age+sex+eth+marital+PIR_level+edu+alcohol.user,,MB3_Cys_ln_U,VOC_urine.rds,LE8,natural_log_transformed,2427,,,30,4,2013-2014|2015-2016,WTSA2YR,ok,,2.8565004412117282e-8,Volatile Organic Compounds (VOC),urine,TRUE,TRUE,MB3_Cys_ln_U,7,TRUE
survey_weighted,beta,4.026815779093979,3.0605131347827985,4.993118423405159,0.4731507009898436,30,1.697854183117171e-9,age+sex+eth+marital+PIR_level+edu+alcohol.user,,DMA_ln_U,HM_urine.rds,LE8,natural_log_transformed,2506,,,30,4,2013-2014|2015-2016,WTSA2YR,ok,,3.1622534160557314e-8,Heavy Metals,urine,TRUE,TRUE,DMA_ln_U,8,FALSE
survey_weighted,beta,-5.730617262985921,-7.120189410415337,-4.341045115556504,0.6804048809168551,30,2.1227154285999947e-9,age+sex+eth+marital+PIR_level+edu+alcohol.user,,GAM_Cys_binary_U,VOC_urine.rds,LE8,binary_above_detection_threshold,2486,,,30,4,2013-2014|2015-2016,WTSA2YR,ok,,3.5142733206822136e-8,Volatile Organic Compounds (VOC),urine,TRUE,TRUE,GAM_Cys_binary_U,9,TRUE
survey_weighted,beta,-3.6436623848300154,-4.534497982311791,-2.7528267873482397,0.4361982137756336,30,2.530229683204117e-9,age+sex+eth+marital+PIR_level+edu+alcohol.user,,Cd_ln_S,HM_serum.rds,LE8,natural_log_transformed,3690,,,30,4,2013-2014|2015-2016,WTSH2YR,ok,,3.770042227974134e-8,Heavy Metals,serum,TRUE,TRUE,Cd_ln_S,10,TRUE
survey_weighted,beta,-2.10106855018736,-2.656877287626998,-1.5452598127477215,0.27215209984580796,30,1.2995224507540013e-8,age+sex+eth+marital+PIR_level+edu+alcohol.user,,X3_FL_ln_U,PAH_urine.rds,LE8,natural_log_transformed,2489,,,30,4,2013-2014|2015-2016,WTSA2YR,ok,,1.7602622287486018e-7,Polycyclic Aromatic Hydrocarbons (PAH),urine,TRUE,TRUE,3_FL_ln_U,11,TRUE
survey_weighted,beta,2.389042377429655,1.7464714308633311,3.0316133239959786,0.31463527042326417,30,1.8160506091135945e-8,age+sex+eth+marital+PIR_level+edu+alcohol.user,,THg_ln_S,HM_serum.rds,LE8,natural_log_transformed,3690,,,30,4,2013-2014|2015-2016,WTSH2YR,ok,,2.254929506316046e-7,Heavy Metals,serum,TRUE,TRUE,THg_ln_S,12,FALSE
survey_weighted,beta,-3.4012653865479225,-4.328368320119855,-2.4741624529759902,0.4539565378318864,30,2.3696344699316105e-8,age+sex+eth+marital+PIR_level+edu+alcohol.user,,X2_NP_ln_U,PAH_urine.rds,LE8,natural_log_transformed,2453,,,30,4,2013-2014|2015-2016,WTSA2YR,ok,,2.7159656616908457e-7,Polycyclic Aromatic Hydrocarbons (PAH),urine,TRUE,TRUE,2_NP_ln_U,13,TRUE
survey_weighted,beta,-4.907867152894166,-6.265546901527702,-3.5501874042606305,0.6647887476739666,30,3.1736045791018835e-8,age+sex+eth+marital+PIR_level+edu+alcohol.user,,PHE_Cys_binary_U,VOC_urine.rds,LE8,binary_above_detection_threshold,2428,,,30,4,2013-2014|2015-2016,WTSA2YR,ok,,3.377622016329862e-7,Volatile Organic Compounds (VOC),urine,TRUE,TRUE,PHE_Cys_binary_U,14,TRUE
survey_weighted,beta,-3.071884308677874,-3.944692843510652,-2.199075773845096,0.4273712511471278,30,5.3439497369337086e-8,age+sex+eth+marital+PIR_level+edu+alcohol.user,,CEMA_CEM_ln_U,VOC_urine.rds,LE8,natural_log_transformed,2472,,,30,4,2013-2014|2015-2016,WTSA2YR,ok,,5.182100290744074e-7,Volatile Organic Compounds (VOC),urine,TRUE,TRUE,CEMA_CEM_ln_U,15,TRUE
survey_weighted,beta,2.558353128558286,1.8299271951475813,3.286779061968991,0.3566742190363561,30,5.564671453148e-8,age+sex+eth+marital+PIR_level+edu+alcohol.user,,Total_As_ln_U,HM_urine.rds,LE8,natural_log_transformed,2501,,,30,4,2013-2014|2015-2016,WTSA2YR,ok,,5.182100290744074e-7,Heavy Metals,urine,TRUE,TRUE,Total_As_ln_U,16,FALSE
survey_weighted,beta,-10.12703853579592,-12.385025978733204,-7.869051092858635,1.0593670620264566,15,9.008588146698501e-8,age+sex+eth+marital+PIR_level+edu+alcohol.user,,CYHA_Cys_binary_U,VOC_urine.rds,LE8,binary_above_detection_threshold,1187,,,15,2,2015-2016,WTSA2YR,ok,,7.895762552106334e-7,Volatile Organic Compounds (VOC),urine,TRUE,TRUE,CYHA_Cys_binary_U,17,TRUE
survey_weighted,beta,-2.5529330687251983,-3.324325032187432,-1.7815411052629644,0.3777125628278329,30,1.708805151566441e-7,age+sex+eth+marital+PIR_level+edu+alcohol.user,,PMM_Cys_ln_U,VOC_urine.rds,LE8,natural_log_transformed,2458,,,30,4,2013-2014|2015-2016,WTSA2YR,ok,,1.4145109310188877e-6,Volatile Organic Compounds (VOC),urine,TRUE,TRUE,PMM_Cys_ln_U,18,TRUE
survey_weighted,beta,-2.065533763540357,-2.696378614402586,-1.434688912678128,0.3088935802447989,30,2.081138293931701e-7,age+sex+eth+marital+PIR_level+edu+alcohol.user,,X3_HPMA_ln_U,VOC_urine.rds,LE8,natural_log_transformed,2400,,,30,4,2013-2014|2015-2016,WTSA2YR,ok,,1.6320505568201234e-6,Volatile Organic Compounds (VOC),urine,TRUE,TRUE,3_HPMA_ln_U,19,TRUE
survey_weighted,beta,-5.439583729798548,-6.815683632934294,-4.063483826662801,0.6456169258157816,15,4.5232624336819633e-7,age+sex+eth+marital+PIR_level+edu+alcohol.user,,A_a_C_binary_U,AA_urine.rds,LE8,binary_above_detection_threshold,1278,,,15,2,2013-2014,WTSA2YR,ok,,3.344557690351668e-6,Aromatic Amines,urine,TRUE,TRUE,A_a_C_binary_U,20,TRUE
survey_weighted,beta,-5.299531081401788,-6.993310306928016,-3.6057518558755617,0.8293600691231143,30,4.713806140764096e-7,age+sex+eth+marital+PIR_level+edu+alcohol.user,,Benzene_binary_S,VOC_serum.rds,LE8,binary_above_detection_threshold,3484,,,30,4,2013-2014|2015-2016,WTSVOC2Y,ok,,3.344557690351668e-6,Volatile Organic Compounds (VOC),serum,TRUE,TRUE,Benzene_binary_S,21,TRUE
survey_weighted,beta,2.39685076950835,1.6036794887619,3.1900220502548,0.3883768193118384,30,8.642446684267076e-7,age+sex+eth+marital+PIR_level+edu+alcohol.user,,X24D_ln_U,pesticides_urine.rds,LE8,natural_log_transformed,2473,,,30,4,2013-2014|2015-2016,WTSB2YR|WTSC2YR,ok,,5.853293436162701e-6,Pesticides,urine,TRUE,TRUE,24D_ln_U,22,FALSE
survey_weighted,beta,3.9337885565332975,2.6250971226770683,5.242479990389526,0.6408015883573154,30,9.463736813637996e-7,age+sex+eth+marital+PIR_level+edu+alcohol.user,,Tl_ln_U,HM_urine.rds,LE8,natural_log_transformed,2502,,,30,4,2013-2014|2015-2016,WTSA2YR,ok,,5.892006073458074e-6,Heavy Metals,urine,TRUE,TRUE,Tl_ln_U,23,FALSE
survey_weighted,beta,-3.752356346317745,-5.000894984646813,-2.503817707988677,0.6113477339797736,30,9.490479581408978e-7,age+sex+eth+marital+PIR_level+edu+alcohol.user,,HEMA_binary_U,VOC_urine.rds,LE8,binary_above_detection_threshold,2468,,,30,4,2013-2014|2015-2016,WTSA2YR,ok,,5.892006073458074e-6,Volatile Organic Compounds (VOC),urine,TRUE,TRUE,HEMA_binary_U,24,TRUE
survey_weighted,beta,-7.843345467203018,-10.037272133053587,-5.649418801352447,1.0293120334098207,15,1.5597890070044428e-6,age+sex+eth+marital+PIR_level+edu+alcohol.user,,MeA_a_C_binary_U,AA_urine.rds,LE8,binary_above_detection_threshold,1279,,,15,2,2013-2014,WTSA2YR,ok,,9.29634248174648e-6,Aromatic Amines,urine,TRUE,TRUE,MeA_a_C_binary_U,25,TRUE
survey_weighted,beta,-1.6821610798463948,-2.2923678876763045,-1.0719542720164854,0.29878814942011006,30,3.937859991513189e-6,age+sex+eth+marital+PIR_level+edu+alcohol.user,,MBzP_ln_U,Phthalates_urine.rds,LE8,natural_log_transformed,2427,,,30,4,2013-2014|2015-2016,WTSB2YR,ok,,2.2566966874440968e-5,Phthalates,urine,TRUE,TRUE,MBzP_ln_U,26,TRUE
survey_weighted,beta,-5.714518886465742,-7.818071832650384,-3.6109659402810994,1.0300060306323622,30,4.9594241597877055e-6,age+sex+eth+marital+PIR_level+edu+alcohol.user,,Ethylbenzene_binary_S,VOC_serum.rds,LE8,binary_above_detection_threshold,3491,,,30,4,2013-2014|2015-2016,WTSVOC2Y,ok,,2.7368674066976596e-5,Volatile Organic Compounds (VOC),serum,TRUE,TRUE,Ethylbenzene_binary_S,27,TRUE
survey_weighted,beta,1.563802656021308,0.9763452110551158,2.1512601009875003,0.2876489095045316,30,6.792257552786178e-6,age+sex+eth+marital+PIR_level+edu+alcohol.user,,BMA_ln_U,VOC_urine.rds,LE8,natural_log_transformed,2477,,,30,4,2013-2014|2015-2016,WTSA2YR,ok,,3.614451340589788e-5,Volatile Organic Compounds (VOC),urine,TRUE,TRUE,BMA_ln_U,28,FALSE
survey_weighted,beta,-2.7278684226500753,-3.623603448382971,-1.8321333969171796,0.42024688203334976,15,1.0186586321109996e-5,age+sex+eth+marital+PIR_level+edu+alcohol.user,,IPM3_Cys_ln_U,VOC_urine.rds,LE8,natural_log_transformed,1185,,,15,2,2015-2016,WTSA2YR,ok,,5.233797799466861e-5,Volatile Organic Compounds (VOC),urine,TRUE,TRUE,IPM3_Cys_ln_U,29,TRUE
survey_weighted,beta,1.0068552123250645,0.615634040425745,1.3980763842243835,0.19156169427455355,30,1.1304303533654548e-5,age+sex+eth+marital+PIR_level+edu+alcohol.user,,BP3_ln_U,PCCP_urine.rds,LE8,natural_log_transformed,2427,,,30,4,2013-2014|2015-2016,WTSB2YR,ok,,5.6144707550484257e-5,Personal Care Products,urine,TRUE,TRUE,BP3_ln_U,30,FALSE
survey_weighted,beta,-1.5982989182031242,-2.1396264495746875,-1.0569713868315611,0.25397154368455677,15,1.4408724104384234e-5,age+sex+eth+marital+PIR_level+edu+alcohol.user,,X1_AN_ln_U,AA_urine.rds,LE8,natural_log_transformed,1218,,,15,2,2013-2014,WTSA2YR,ok,,6.92548352113952e-5,Aromatic Amines,urine,TRUE,TRUE,1_AN_ln_U,31,TRUE
survey_weighted,beta,0.8400863605555263,0.5068396245324485,1.1733330965786042,0.1631744750779342,30,1.532085858575466e-5,age+sex+eth+marital+PIR_level+edu+alcohol.user,,PrP_ln_U,PCCP_urine.rds,LE8,natural_log_transformed,2427,,,30,4,2013-2014|2015-2016,WTSB2YR,ok,,7.133774778992014e-5,Personal Care Products,urine,TRUE,TRUE,PrP_ln_U,32,FALSE
survey_weighted,beta,-2.3812000625996683,-3.340679077148955,-1.4217210480503817,0.4698095063608704,30,1.920267634076873e-5,age+sex+eth+marital+PIR_level+edu+alcohol.user,,CMAC_ln_U,VOC_urine.rds,LE8,natural_log_transformed,2461,,,30,4,2013-2014|2015-2016,WTSA2YR,ok,,8.67029931749861e-5,Volatile Organic Compounds (VOC),urine,TRUE,TRUE,CMAC_ln_U,33,TRUE
survey_weighted,beta,-4.350095960307905,-6.109023451330489,-2.5911684692853205,0.8612599585307927,30,2.018048884464916e-5,age+sex+eth+marital+PIR_level+edu+alcohol.user,,o_Xylene_binary_S,VOC_serum.rds,LE8,binary_above_detection_threshold,3575,,,30,4,2013-2014|2015-2016,WTSVOC2Y,ok,,8.84380246427272e-5,Volatile Organic Compounds (VOC),serum,TRUE,TRUE,o_Xylene_binary_S,34,TRUE
survey_weighted,beta,2.2879171942867487,1.3574749708480534,3.218359417725444,0.4555916232273045,30,2.190220484162379e-5,age+sex+eth+marital+PIR_level+edu+alcohol.user,,TCPY_ln_U,pesticides_urine.rds,LE8,natural_log_transformed,2449,,,30,4,2013-2014|2015-2016,WTSB2YR|WTSC2YR,ok,,9.324081489719843e-5,Pesticides,urine,TRUE,TRUE,TCPY_ln_U,35,FALSE
survey_weighted,beta,3.055610112247094,1.7197971992475984,4.391423025246589,0.6540816377746131,30,5.879733172925701e-5,age+sex+eth+marital+PIR_level+edu+alcohol.user,,Nitrate_ln_U,PERNT_urine.rds,LE8,natural_log_transformed,2489,,,30,4,2013-2014|2015-2016,WTSA2YR,ok,,2.43355622990536e-4,Inorganic Anions,urine,TRUE,TRUE,Nitrate_ln_U,36,FALSE
survey_weighted,beta,-2.2595798959449533,-3.26771530160593,-1.2514444902839768,0.4936341390447051,30,7.660892647989006e-5,age+sex+eth+marital+PIR_level+edu+alcohol.user,,X23_OH_PH_ln_U,PAH_urine.rds,LE8,natural_log_transformed,2494,,,30,4,2013-2014|2015-2016,WTSA2YR,ok,,3.0850621744604376e-4,Polycyclic Aromatic Hydrocarbons (PAH),urine,TRUE,TRUE,23_OH_PH_ln_U,37,TRUE
survey_weighted,beta,-1.6298440613613183,-2.3621887537743955,-0.8974993689482411,0.3585930418605496,30,8.388472593641435e-5,age+sex+eth+marital+PIR_level+edu+alcohol.user,,Thiocyanate_ln_U,PERNT_urine.rds,LE8,natural_log_transformed,2483,,,30,4,2013-2014|2015-2016,WTSA2YR,ok,,3.2891642538225623e-4,Inorganic Anions,urine,TRUE,TRUE,Thiocyanate_ln_U,38,TRUE
survey_weighted,beta,2.5123136930474876,1.3746625290942227,3.649964857000753,0.5570516120134462,30,9.25577734133451e-5,age+sex+eth+marital+PIR_level+edu+alcohol.user,,Perchlorate_ln_U,PERNT_urine.rds,LE8,natural_log_transformed,2488,,,30,4,2013-2014|2015-2016,WTSA2YR,ok,,3.5361815996380564e-4,Inorganic Anions,urine,TRUE,TRUE,Perchlorate_ln_U,39,FALSE
survey_weighted,beta,1.1189607003686008,0.6083532542016885,1.6295681465355132,0.25001925898353156,30,1.0195663331560728e-4,age+sex+eth+marital+PIR_level+edu+alcohol.user,,MeP_ln_U,PCCP_urine.rds,LE8,natural_log_transformed,2427,,,30,4,2013-2014|2015-2016,WTSB2YR,ok,,3.797884591006371e-4,Personal Care Products,urine,TRUE,TRUE,MeP_ln_U,40,FALSE
survey_weighted,beta,4.110241855440841,2.2264085760230845,5.994075134858598,0.9224201568235266,30,1.07697043498128e-4,age+sex+eth+marital+PIR_level+edu+alcohol.user,,PFUnDA_binary_S,PFC_serum.rds,LE8,binary_above_detection_threshold,2366,,,30,4,2013-2014|2015-2016,WTSB2YR,ok,,3.9138681661514814e-4,Polyfluoroalkyl Substances (PFAS),serum,TRUE,TRUE,PFUnDA_binary_S,41,FALSE
survey_weighted,beta,1.8059204175575083,0.9710673559166944,2.640773479198322,0.40878632969119966,30,1.1983260397854784e-4,age+sex+eth+marital+PIR_level+edu+alcohol.user,,PNP_ln_U,pesticides_urine.rds,LE8,natural_log_transformed,2427,,,30,4,2013-2014|2015-2016,WTSB2YR|WTSC2YR,ok,,4.251204284000863e-4,Pesticides,urine,TRUE,TRUE,PNP_ln_U,42,FALSE
survey_weighted,beta,3.958246228415468,2.0788806518569647,5.837611804973971,0.9202325432925949,30,1.658243518785232e-4,age+sex+eth+marital+PIR_level+edu+alcohol.user,,Cs_ln_U,HM_urine.rds,LE8,natural_log_transformed,2502,,,30,4,2013-2014|2015-2016,WTSA2YR,ok,,5.74600661160464e-4,Heavy Metals,urine,TRUE,TRUE,Cs_ln_U,43,FALSE
survey_weighted,beta,2.688943380895761,1.3858120692321407,3.992074692559381,0.6380790710088324,30,2.1134159233251543e-4,age+sex+eth+marital+PIR_level+edu+alcohol.user,,MMA_binary_U,HM_urine.rds,LE8,binary_above_detection_threshold,2508,,,30,4,2013-2014|2015-2016,WTSA2YR,ok,,7.156794831260181e-4,Heavy Metals,urine,TRUE,TRUE,MMA_binary_U,44,FALSE
survey_weighted,beta,-4.1504873417160075,-6.006963088330297,-2.294011595101718,0.8709921144892642,15,2.504035027918124e-4,age+sex+eth+marital+PIR_level+edu+alcohol.user,,IPM1_Cys_ln_U,VOC_urine.rds,LE8,natural_log_transformed,1185,,,15,2,2015-2016,WTSA2YR,ok,,8.291138203551122e-4,Volatile Organic Compounds (VOC),urine,TRUE,TRUE,IPM1_Cys_ln_U,45,TRUE
survey_weighted,beta,2.319155282848575,1.167816500555291,3.470494065141859,0.5637537629912883,30,2.790615821112262e-4,age+sex+eth+marital+PIR_level+edu+alcohol.user,,Pb_ln_U,HM_urine.rds,LE8,natural_log_transformed,2502,,,30,4,2013-2014|2015-2016,WTSA2YR,ok,,9.039168637950588e-4,Heavy Metals,urine,TRUE,TRUE,Pb_ln_U,46,FALSE
survey_weighted,beta,1.4936561636763146,0.81426967060685,2.1730426567457792,0.318743877604215,15,2.926551905520124e-4,age+sex+eth+marital+PIR_level+edu+alcohol.user,,DMTP_ln_U,pesticides_urine.rds,LE8,natural_log_transformed,1139,,,15,2,2015-2016,WTSB2YR,ok,,9.277792211116988e-4,Pesticides,urine,TRUE,TRUE,DMTP_ln_U,47,FALSE
survey_weighted,beta,2.029890600206347,1.0619832848664377,2.997797915546256,0.45410754261401537,15,4.493401501130437e-4,age+sex+eth+marital+PIR_level+edu+alcohol.user,,DEP_ln_U,pesticides_urine.rds,LE8,natural_log_transformed,1142,,,15,2,2015-2016,WTSB2YR,ok,,0.0013948267159759,Pesticides,urine,TRUE,TRUE,DEP_ln_U,48,FALSE
survey_weighted,beta,-1.0778409550819985,-1.656958522058866,-0.49872338810513095,0.28356528297194394,30,6.577104354724313e-4,age+sex+eth+marital+PIR_level+edu+alcohol.user,,X1_NP_ln_U,PAH_urine.rds,LE8,natural_log_transformed,2414,,,30,4,2013-2014|2015-2016,WTSA2YR,ok,,0.00199997663031412,Polycyclic Aromatic Hydrocarbons (PAH),urine,TRUE,TRUE,1_NP_ln_U,49,TRUE
survey_weighted,beta,2.516785673430225,1.1370671793108376,3.8965041675496126,0.6755800333409957,30,8.073588578730627e-4,age+sex+eth+marital+PIR_level+edu+alcohol.user,,As_III_binary_U,HM_urine.rds,LE8,binary_above_detection_threshold,2508,,,30,4,2013-2014|2015-2016,WTSA2YR,ok,,0.00240592939646172,Heavy Metals,urine,TRUE,TRUE,As_III_binary_U,50,FALSE
survey_weighted,beta,1.0607081342726628,0.46282868386380627,1.6585875846815192,0.29275205106162805,30,0.00106291122989663,age+sex+eth+marital+PIR_level+edu+alcohol.user,,X3PBA_ln_U,pesticides_urine.rds,LE8,natural_log_transformed,2449,,,30,4,2013-2014|2015-2016,WTSB2YR|WTSC2YR,ok,,0.00310536810303134,Pesticides,urine,TRUE,TRUE,3PBA_ln_U,51,FALSE
survey_weighted,beta,0.7972134771130351,0.330215095803724,1.2642118584223463,0.22866605279253116,30,0.00153121281074096,age+sex+eth+marital+PIR_level+edu+alcohol.user,,NPMA_ln_U,VOC_urine.rds,LE8,natural_log_transformed,2452,,,30,4,2013-2014|2015-2016,WTSA2YR,ok,,0.00438751363077699,Volatile Organic Compounds (VOC),urine,TRUE,TRUE,NPMA_ln_U,52,FALSE
survey_weighted,beta,1.813234807235169,0.7325959987427839,2.893873615727554,0.5291354761007409,30,0.00179253440411289,age+sex+eth+marital+PIR_level+edu+alcohol.user,,Sr_ln_U,HM_urine.rds,LE8,natural_log_transformed,2502,,,30,4,2013-2014|2015-2016,WTSA2YR,ok,,0.00503938917382682,Heavy Metals,urine,TRUE,TRUE,Sr_ln_U,53,FALSE
survey_weighted,beta,1.637110136725774,0.6437521376637853,2.6304681357877624,0.4863983725565494,30,0.00210450380576369,age+sex+eth+marital+PIR_level+edu+alcohol.user,,Co_ln_U,HM_urine.rds,LE8,natural_log_transformed,2502,,,30,4,2013-2014|2015-2016,WTSA2YR,ok,,0.00580687161219982,Heavy Metals,urine,TRUE,TRUE,Co_ln_U,54,FALSE
survey_weighted,beta,-2.218624309929373,-3.570059384468677,-0.867189235390069,0.6617310390538634,30,0.00217756192707313,age+sex+eth+marital+PIR_level+edu+alcohol.user,,PMA_binary_U,VOC_urine.rds,LE8,binary_above_detection_threshold,2450,,,30,4,2013-2014|2015-2016,WTSA2YR,ok,,0.0058992132206163,Volatile Organic Compounds (VOC),urine,TRUE,TRUE,PMA_binary_U,55,TRUE
survey_weighted,beta,-3.843037884897067,-6.136370722956292,-1.5497050468378435,1.0759498590227872,15,0.00278220952916574,age+sex+eth+marital+PIR_level+edu+alcohol.user,,X26_DMA_binary_U,AA_urine.rds,LE8,binary_above_detection_threshold,1167,,,15,2,2013-2014,WTSA2YR,ok,,0.00740266464010171,Aromatic Amines,urine,TRUE,TRUE,26_DMA_binary_U,56,TRUE
survey_weighted,beta,1.7560957600275096,0.6193902594654823,2.892801260589537,0.5565885673357786,30,0.00363478005416475,age+sex+eth+marital+PIR_level+edu+alcohol.user,,Mo_ln_U,HM_urine.rds,LE8,natural_log_transformed,2501,,,30,4,2013-2014|2015-2016,WTSA2YR,ok,,0.00950144259772892,Heavy Metals,urine,TRUE,TRUE,Mo_ln_U,57,FALSE
survey_weighted,beta,-1.358518606532117,-2.245141937983143,-0.4718952750810911,0.4341356750493471,30,0.00388353528304786,age+sex+eth+marital+PIR_level+edu+alcohol.user,,X1_PH_ln_U,PAH_urine.rds,LE8,natural_log_transformed,2494,,,30,4,2013-2014|2015-2016,WTSA2YR,ok,,0.00997666822714019,Polycyclic Aromatic Hydrocarbons (PAH),urine,TRUE,TRUE,1_PH_ln_U,58,TRUE
survey_weighted,beta,-2.338255357350698,-3.944946939855811,-0.7315637748455857,0.7867175496334087,30,0.0057801207826692,age+sex+eth+marital+PIR_level+edu+alcohol.user,,Mn_ln_S,HM_serum.rds,LE8,natural_log_transformed,3690,,,30,4,2013-2014|2015-2016,WTSH2YR,ok,,0.0145972541799612,Heavy Metals,serum,TRUE,TRUE,Mn_ln_S,59,TRUE
survey_weighted,beta,1.506579076302144,0.4592189938439073,2.5539391587603806,0.5128405268487594,30,0.00630011153948328,age+sex+eth+marital+PIR_level+edu+alcohol.user,,PFDA_ln_S,PFC_serum.rds,LE8,natural_log_transformed,2366,,,30,4,2013-2014|2015-2016,WTSB2YR,ok,,0.01564527698971683,Polyfluoroalkyl Substances (PFAS),serum,TRUE,TRUE,PFDA_ln_S,60,FALSE
survey_weighted,beta,2.2200967903947504,0.6325120391129093,3.8076815416765912,0.7773618776395378,30,0.00771681497617264,age+sex+eth+marital+PIR_level+edu+alcohol.user,,EtP_binary_U,PCCP_urine.rds,LE8,binary_above_detection_threshold,2429,,,30,4,2013-2014|2015-2016,WTSB2YR,ok,,0.01884926936802827,Personal Care Products,urine,TRUE,TRUE,EtP_binary_U,61,FALSE
survey_weighted,beta,-1.2192277180942777,-2.098244872894445,-0.34021056329411026,0.4304113058412179,30,0.00817103520040356,age+sex+eth+marital+PIR_level+edu+alcohol.user,,X34_MHA_ln_U,VOC_urine.rds,LE8,natural_log_transformed,2479,,,30,4,2013-2014|2015-2016,WTSA2YR,ok,,0.01963684265903436,Volatile Organic Compounds (VOC),urine,TRUE,TRUE,34_MHA_ln_U,62,TRUE
survey_weighted,beta,-1.9405293087099733,-3.3651050943804544,-0.5159535230394923,0.6975444345219893,30,0.00925222822432281,age+sex+eth+marital+PIR_level+edu+alcohol.user,,Mn_binary_U,HM_urine.rds,LE8,binary_above_detection_threshold,2504,,,30,4,2013-2014|2015-2016,WTSA2YR,ok,,0.02188225405435078,Heavy Metals,urine,TRUE,TRUE,Mn_binary_U,63,TRUE
survey_weighted,beta,-1.6230678497684008,-2.8676450160780984,-0.37849068345870296,0.6094079966997905,30,0.01232201129227895,age+sex+eth+marital+PIR_level+edu+alcohol.user,,MA_ln_U,VOC_urine.rds,LE8,natural_log_transformed,2437,,,30,4,2013-2014|2015-2016,WTSA2YR,ok,,0.02868718253983693,Volatile Organic Compounds (VOC),urine,TRUE,TRUE,MA_ln_U,64,TRUE
survey_weighted,beta,3.291061956673079,0.7698068711190102,5.812317042227148,1.182882837084431,15,0.01395056033135346,age+sex+eth+marital+PIR_level+edu+alcohol.user,,DETP_binary_U,pesticides_urine.rds,LE8,binary_above_detection_threshold,1136,,,15,2,2015-2016,WTSB2YR,ok,,0.03197897675956408,Pesticides,urine,TRUE,TRUE,DETP_binary_U,65,FALSE
survey_weighted,beta,1.548908262452703,0.2806066703725587,2.8172098545328472,0.6210246767843929,30,0.01836496574621686,age+sex+eth+marital+PIR_level+edu+alcohol.user,,MHBP_ln_U,Phthalates_urine.rds,LE8,natural_log_transformed,2324,,,30,4,2013-2014|2015-2016,WTSB2YR|WTSSBH2Y,ok,,0.04123185984877808,Phthalates,urine,TRUE,TRUE,MHBP_ln_U,66,FALSE
survey_weighted,beta,-1.4188162988977029,-2.565518313228762,-0.27211428456664355,0.537991629555512,15,0.01866070354785594,age+sex+eth+marital+PIR_level+edu+alcohol.user,,X2_AN_ln_U,AA_urine.rds,LE8,natural_log_transformed,1225,,,15,2,2013-2014,WTSA2YR,ok,,0.04123185984877808,Aromatic Amines,urine,TRUE,TRUE,2_AN_ln_U,67,TRUE
survey_weighted,beta,4.321628444246539,0.8232925391335648,7.819964349359513,1.6412942602374472,15,0.01881722462897254,age+sex+eth+marital+PIR_level+edu+alcohol.user,,NDMA_binary_U,pesticides_urine.rds,LE8,binary_above_detection_threshold,996,,,15,2,2015-2016,WTSSBI2Y,ok,,0.04123185984877808,Pesticides,urine,TRUE,TRUE,NDMA_binary_U,68,FALSE
survey_weighted,beta,1.3524033782341849,0.2514444205630775,2.4533623359052923,0.5165306211280579,15,0.01938164312709088,age+sex+eth+marital+PIR_level+edu+alcohol.user,,DMP_ln_U,pesticides_urine.rds,LE8,natural_log_transformed,1135,,,15,2,2015-2016,WTSB2YR,ok,,0.04185311341937016,Pesticides,urine,TRUE,TRUE,DMP_ln_U,69,FALSE
survey_weighted,beta,-1.2796647405504027,-2.3535919978949984,-0.20573748320580676,0.5258491608360556,30,0.02112280163546477,age+sex+eth+marital+PIR_level+edu+alcohol.user,,Cd_ln_U,HM_urine.rds,LE8,natural_log_transformed,2502,,,30,4,2013-2014|2015-2016,WTSA2YR,ok,,0.04448434970963193,Heavy Metals,urine,TRUE,TRUE,Cd_ln_U,70,TRUE
survey_weighted,beta,-1.3525190220450038,-2.4728263150801686,-0.23221172900983933,0.5256081690364114,15,0.02119724046566354,age+sex+eth+marital+PIR_level+edu+alcohol.user,,X4_ABP_ln_U,AA_urine.rds,LE8,natural_log_transformed,1241,,,15,2,2013-2014,WTSA2YR,ok,,0.04448434970963193,Aromatic Amines,urine,TRUE,TRUE,4_ABP_ln_U,71,TRUE
survey_weighted,beta,-0.6434842743513561,-1.1887934350886875,-0.09817511361402476,0.2670109754723625,30,0.02229409385491213,age+sex+eth+marital+PIR_level+edu+alcohol.user,,U_ln_U,HM_urine.rds,LE8,natural_log_transformed,2502,,,30,4,2013-2014|2015-2016,WTSA2YR,ok,,0.04613638867197094,Heavy Metals,urine,TRUE,TRUE,U_ln_U,72,TRUE
survey_weighted,beta,-0.8467666577572546,-1.5839424319284352,-0.10959088358607384,0.3609585840991464,30,0.02578441701861705,age+sex+eth+marital+PIR_level+edu+alcohol.user,,Sn_ln_U,HM_urine.rds,LE8,natural_log_transformed,2501,,,30,4,2013-2014|2015-2016,WTSA2YR,ok,,0.05262846761334166,Heavy Metals,urine,TRUE,FALSE,Sn_ln_U,73,FALSE
survey_weighted,beta,1.115067846816184,0.1023761597121231,2.127759533920245,0.49586512513523695,30,0.03202894361792449,age+sex+eth+marital+PIR_level+edu+alcohol.user,,Chloroform_binary_S,VOC_serum.rds,LE8,binary_above_detection_threshold,3484,,,30,4,2013-2014|2015-2016,WTSVOC2Y,ok,,0.06449071079825336,Volatile Organic Compounds (VOC),serum,TRUE,FALSE,Chloroform_binary_S,74,FALSE
survey_weighted,beta,1.0458740337057977,0.09242103151859736,1.9993270358929975,0.46685886559621925,30,0.03263515550266633,age+sex+eth+marital+PIR_level+edu+alcohol.user,,Hg_binary_U,HM_urine.rds,LE8,binary_above_detection_threshold,2510,,,30,4,2013-2014|2015-2016,WTSA2YR,ok,,0.06483517559863045,Heavy Metals,urine,TRUE,FALSE,Hg_binary_U,75,FALSE
survey_weighted,beta,-1.5456963560321972,-2.9720602819066664,-0.1193324301577281,0.6984199985039012,30,0.03463854613529382,age+sex+eth+marital+PIR_level+edu+alcohol.user,,m_p_Xylene_binary_S,VOC_serum.rds,LE8,binary_above_detection_threshold,3567,,,30,4,2013-2014|2015-2016,WTSVOC2Y,ok,,0.06790978123893131,Volatile Organic Compounds (VOC),serum,TRUE,FALSE,m_p_Xylene_binary_S,76,FALSE
survey_weighted,beta,1.7151285415665063,0.08397347566831193,3.3462836074647004,0.798696109750401,30,0.03996165117962963,age+sex+eth+marital+PIR_level+edu+alcohol.user,,DCVDMPCA_binary_U,pesticides_urine.rds,LE8,binary_above_detection_threshold,2442,,,30,4,2013-2014|2015-2016,WTSB2YR|WTSC2YR,ok,,0.0773283899449976,Pesticides,urine,TRUE,FALSE,DCVDMPCA_binary_U,77,FALSE
survey_weighted,beta,-1.5855109622656376,-3.0999951739506812,-0.07102675058059393,0.74156815218863,30,0.0407762670635314,age+sex+eth+marital+PIR_level+edu+alcohol.user,,DBUP_binary_U,BFR_urine.rds,LE8,binary_above_detection_threshold,2215,,,30,4,2013-2014|2015-2016,WTSSBI2Y|WTSSCH2Y,ok,,0.0778931255444382,Brominated Flame Retardants,urine,TRUE,FALSE,DBUP_binary_U,78,FALSE
survey_weighted,beta,-2.536873246930282,-4.988878819215163,-0.0848676746454009,1.1503934387716972,15,0.04346011018790042,age+sex+eth+marital+PIR_level+edu+alcohol.user,,IPPPP_binary_U,BFR_urine.rds,LE8,binary_above_detection_threshold,1001,,,15,2,2015-2016,WTSSBI2Y,ok,,0.08196906858224257,Brominated Flame Retardants,urine,TRUE,FALSE,IPPPP_binary_U,79,FALSE
survey_weighted,beta,1.5739236003478576,0.02475777281467084,3.1230894278810446,0.7268132763266206,15,0.0468746206819975,age+sex+eth+marital+PIR_level+edu+alcohol.user,,n_PFOA_ln_S,PFC_serum.rds,LE8,natural_log_transformed,1106,,,15,2,2015-2016,WTSB2YR,ok,,0.08724564535025003,Polyfluoroalkyl Substances (PFAS),serum,TRUE,FALSE,n_PFOA_ln_S,80,FALSE
survey_weighted,beta,2.783520702945105,0.03592985263414006,5.5311115532560695,1.289071494108191,15,0.04742884076087418,age+sex+eth+marital+PIR_level+edu+alcohol.user,,PFBA_binary_U,PFC_urine.rds,LE8,binary_above_detection_threshold,1193,,,15,2,2013-2014,WTSSBH2Y,ok,,0.08724564535025003,Polyfluoroalkyl Substances (PFAS),urine,TRUE,FALSE,PFBA_binary_U,81,FALSE
survey_weighted,beta,-1.0914915161744767,-2.183617801949846,6.347696008923709e-4,0.534760326618379,30,0.05012501602359554,age+sex+eth+marital+PIR_level+edu+alcohol.user,,CEMA_AAM_ln_U,VOC_urine.rds,LE8,natural_log_transformed,2416,,,30,4,2013-2014|2015-2016,WTSA2YR,ok,,0.09108082179897238,Volatile Organic Compounds (VOC),urine,FALSE,FALSE,CEMA_AAM_ln_U,82,FALSE
survey_weighted,beta,-1.5264146216326586,-3.0899294630993985,0.03710021983408129,0.7655760310739458,30,0.05533263868248975,age+sex+eth+marital+PIR_level+edu+alcohol.user,,BPF_binary_U,PCCP_urine.rds,LE8,binary_above_detection_threshold,2427,,,30,4,2013-2014|2015-2016,WTSB2YR,ok,,0.0993320863095298,Personal Care Products,urine,FALSE,FALSE,BPF_binary_U,83,FALSE
survey_weighted,beta,-1.4203137924307174,-2.8943228737449664,0.05369528888353159,0.7217494790013614,30,0.05838628249649545,age+sex+eth+marital+PIR_level+edu+alcohol.user,,MHNCH_binary_U,Phthalates_urine.rds,LE8,binary_above_detection_threshold,2428,,,30,4,2013-2014|2015-2016,WTSB2YR,ok,,0.10356614395211693,Phthalates,urine,FALSE,FALSE,MHNCH_binary_U,84,FALSE
survey_weighted,beta,1.4134225055376906,-0.1497804046143425,2.976625415689724,0.7654232937083977,30,0.07469313337811627,age+sex+eth+marital+PIR_level+edu+alcohol.user,,BuP_binary_U,PCCP_urine.rds,LE8,binary_above_detection_threshold,2429,,,30,4,2013-2014|2015-2016,WTSB2YR,ok,,0.1309326690981097,Personal Care Products,urine,FALSE,FALSE,BuP_binary_U,85,FALSE
survey_weighted,beta,1.2141481848346414,-0.14504362757102562,2.5733399972403084,0.66552913065639685,30,0.07807634301034712,age+sex+eth+marital+PIR_level+edu+alcohol.user,,IHg_binary_S,HM_serum.rds,LE8,binary_above_detection_threshold,3688,,,30,4,2013-2014|2015-2016,WTSH2YR,ok,,0.1348571125628154,Heavy Metals,serum,FALSE,FALSE,IHg_binary_S,86,FALSE
survey_weighted,beta,0.7598014519136506,-0.0953968017059813,1.6149997055332823,0.4187483658123082,30,0.07961937388981273,age+sex+eth+marital+PIR_level+edu+alcohol.user,,Ba_ln_U,HM_urine.rds,LE8,natural_log_transformed,2502,,,30,4,2013-2014|2015-2016,WTSA2YR,ok,,0.1348571125628154,Heavy Metals,urine,FALSE,FALSE,Ba_ln_U,87,FALSE
survey_weighted,beta,-1.403883207773019,-2.9841844028844413,0.17641798733840353,0.7737954797537191,30,0.0796471537283742,age+sex+eth+marital+PIR_level+edu+alcohol.user,,BCPP_binary_U,BFR_urine.rds,LE8,binary_above_detection_threshold,2217,,,30,4,2013-2014|2015-2016,WTSSBI2Y|WTSSCH2Y,ok,,0.1348571125628154,Brominated Flame Retardants,urine,FALSE,FALSE,BCPP_binary_U,88,FALSE
survey_weighted,beta,-1.0027662214623705,-2.142008576800362,0.13647613387562108,0.5578307398814332,30,0.0823104426220681,age+sex+eth+marital+PIR_level+edu+alcohol.user,,PGA_ln_U,VOC_urine.rds,LE8,natural_log_transformed,2442,,,30,4,2013-2014|2015-2016,WTSA2YR,ok,,0.1378006286594174,Volatile Organic Compounds (VOC),urine,FALSE,FALSE,PGA_ln_U,89,FALSE
survey_weighted,beta,-1.6772174583577355,-3.6194619229294416,0.2650270062139706,0.9112317336423844,15,0.08554703364141555,age+sex+eth+marital+PIR_level+edu+alcohol.user,,TTCA_binary_U,VOC_urine.rds,LE8,binary_above_detection_threshold,1300,,,15,2,2013-2014,WTSA2YR,ok,,0.14050787268584544,Volatile Organic Compounds (VOC),urine,FALSE,FALSE,TTCA_binary_U,90,FALSE
survey_weighted,beta,0.6539537341406957,-0.09788376411648592,1.4057912323978772,0.3681377065716469,30,0.08581353298263045,age+sex+eth+marital+PIR_level+edu+alcohol.user,,DPHP_ln_U,BFR_urine.rds,LE8,natural_log_transformed,2213,,,30,4,2013-2014|2015-2016,WTSSBI2Y|WTSSCH2Y,ok,,0.14050787268584544,Brominated Flame Retardants,urine,FALSE,FALSE,DPHP_ln_U,91,FALSE
survey_weighted,beta,1.899451902888865,-0.29163758774665816,4.090541393524388,1.072868354991091,30,0.08681599856390476,age+sex+eth+marital+PIR_level+edu+alcohol.user,,OXY_binary_U,pesticides_urine.rds,LE8,binary_above_detection_threshold,2465,,,30,4,2013-2014|2015-2016,WTSB2YR|WTSC2YR,ok,,0.1406041715871936,Pesticides,urine,FALSE,FALSE,OXY_binary_U,92,FALSE
survey_weighted,beta,1.0657496524864367,-0.2105611215473573,2.3420604265202307,0.6249463777939414,30,0.09846545770325188,age+sex+eth+marital+PIR_level+edu+alcohol.user,,Pb_ln_S,HM_serum.rds,LE8,natural_log_transformed,3690,,,30,4,2013-2014|2015-2016,WTSH2YR,ok,,0.1577564859976831,Heavy Metals,serum,FALSE,FALSE,Pb_ln_S,93,FALSE
survey_weighted,beta,1.068669419746502,-0.24431088643847845,2.3816497259314824,0.6429016374058732,30,0.1068762005839346,age+sex+eth+marital+PIR_level+edu+alcohol.user,,AsB_binary_U,HM_urine.rds,LE8,binary_above_detection_threshold,2508,,,30,4,2013-2014|2015-2016,WTSA2YR,ok,,0.16941014773410912,Heavy Metals,urine,FALSE,FALSE,AsB_binary_U,94,FALSE
survey_weighted,beta,0.9679071510854568,-0.3274827883078977,2.263297090478811,0.6077506934620639,15,0.13209882760433447,age+sex+eth+marital+PIR_level+edu+alcohol.user,,n_PFOS_ln_S,PFC_serum.rds,LE8,natural_log_transformed,1106,,,15,2,2015-2016,WTSB2YR,ok,,0.20718658224258776,Polyfluoroalkyl Substances (PFAS),serum,FALSE,FALSE,n_PFOS_ln_S,95,FALSE
survey_weighted,beta,-0.5460913096865773,-1.2737646620959313,0.1815820427227768,0.35630571727302446,30,0.13584152228293966,age+sex+eth+marital+PIR_level+edu+alcohol.user,,BPA_ln_U,PCCP_urine.rds,LE8,natural_log_transformed,2427,,,30,4,2013-2014|2015-2016,WTSB2YR,ok,,0.21039547650518503,Personal Care Products,urine,FALSE,FALSE,BPA_ln_U,96,FALSE
survey_weighted,beta,-0.6789790726296943,-1.5864317398756989,0.2284735946163103,0.44433477249626785,30,0.13696886725505333,age+sex+eth+marital+PIR_level+edu+alcohol.user,,MEHHP_ln_U,Phthalates_urine.rds,LE8,natural_log_transformed,2427,,,30,4,2013-2014|2015-2016,WTSB2YR,ok,,0.21039547650518503,Phthalates,urine,FALSE,FALSE,MEHHP_ln_U,97,FALSE
survey_weighted,beta,-1.752893478099789,-4.171246917343051,0.6654599611434742,1.1346050598669646,15,0.14319478360067198,age+sex+eth+marital+PIR_level+edu+alcohol.user,,PPDA_binary_U,AA_urine.rds,LE8,binary_above_detection_threshold,1043,,,15,2,2015-2016,WTSA2YR,ok,,0.21604268535756777,Aromatic Amines,urine,FALSE,FALSE,PPDA_binary_U,98,FALSE
survey_weighted,beta,-0.86571486097863,-2.0428117918015256,0.31138206984426553,0.57636625671128,30,0.14354513993556517,age+sex+eth+marital+PIR_level+edu+alcohol.user,,DBCM_binary_S,VOC_serum.rds,LE8,binary_above_detection_threshold,3582,,,30,4,2013-2014|2015-2016,WTSVOC2Y,ok,,0.21604268535756777,Volatile Organic Compounds (VOC),serum,FALSE,FALSE,DBCM_binary_S,99,FALSE
survey_weighted,beta,0.8588945390738043,-0.3679853977735841,2.085774475921193,0.5756082471683266,15,0.15639106733389374,age+sex+eth+marital+PIR_level+edu+alcohol.user,,o_ANS_ln_U,AA_urine.rds,LE8,natural_log_transformed,1151,,,15,2,2013-2014,WTSA2YR,ok,,0.23005585012701857,Aromatic Amines,urine,FALSE,FALSE,o_ANS_ln_U,100,FALSE
survey_weighted,beta,-1.191733308756899,-2.86887005870933,0.4854034411955314,0.8212110704317559,30,0.1571043573226351,age+sex+eth+marital+PIR_level+edu+alcohol.user,,DHB_Cys_ln_U,VOC_urine.rds,LE8,natural_log_transformed,2361,,,30,4,2013-2014|2015-2016,WTSA2YR,ok,,0.23005585012701857,Volatile Organic Compounds (VOC),urine,FALSE,FALSE,DHB_Cys_ln_U,101,FALSE
survey_weighted,beta,-1.7121934535635883,-4.167473288286108,0.7430863811589317,1.1519296057639958,15,0.1578963758292877,age+sex+eth+marital+PIR_level+edu+alcohol.user,,MCOCH_binary_U,Phthalates_urine.rds,LE8,binary_above_detection_threshold,1133,,,15,2,2015-2016,WTSB2YR,ok,,0.23005585012701857,Phthalates,urine,FALSE,FALSE,MCOCH_binary_U,102,FALSE
survey_weighted,beta,-1.858062556961224,-4.48549278503547,0.769367671113022,1.2865228730709066,30,0.1590318963965296,age+sex+eth+marital+PIR_level+edu+alcohol.user,,X4FPBA_binary_U,pesticides_urine.rds,LE8,binary_above_detection_threshold,2474,,,30,4,2013-2014|2015-2016,WTSB2YR|WTSC2YR,ok,,0.23005585012701857,Pesticides,urine,FALSE,FALSE,4FPBA_binary_U,103,FALSE
survey_weighted,beta,-0.5194127416704845,-1.2795480538148487,0.24072257047387968,0.3722007363900144,30,0.17310437259150976,age+sex+eth+marital+PIR_level+edu+alcohol.user,,X2_MHA_ln_U,VOC_urine.rds,LE8,natural_log_transformed,2353,,,30,4,2013-2014|2015-2016,WTSA2YR,ok,,0.2480053030397592,Volatile Organic Compounds (VOC),urine,FALSE,FALSE,2_MHA_ln_U,104,FALSE
survey_weighted,beta,0.5891236567912601,-0.29564893041924667,1.4738962440017669,0.4332294569613496,30,0.18401276474602385,age+sex+eth+marital+PIR_level+edu+alcohol.user,,PFHS_ln_S,PFC_serum.rds,LE8,natural_log_transformed,2366,,,30,4,2013-2014|2015-2016,WTSB2YR,ok,,0.2611228756872148,Polyfluoroalkyl Substances (PFAS),serum,FALSE,FALSE,PFHS_ln_S,105,FALSE
survey_weighted,beta,-2.5148215195371884,-6.318675557569609,1.2890325184952327,1.862559535725016,30,0.18705207653717837,age+sex+eth+marital+PIR_level+edu+alcohol.user,,Se_ln_S,HM_serum.rds,LE8,natural_log_transformed,3690,,,30,4,2013-2014|2015-2016,WTSH2YR,ok,,0.2629316924909394,Heavy Metals,serum,FALSE,FALSE,Se_ln_S,106,FALSE
survey_weighted,beta,-0.4951284989527949,-1.2495285018975126,0.2592715039919227,0.3693924386127267,30,0.19018316573180752,age+sex+eth+marital+PIR_level+edu+alcohol.user,,MiBP_ln_U,Phthalates_urine.rds,LE8,natural_log_transformed,2427,,,30,4,2013-2014|2015-2016,WTSB2YR,ok,,0.2634926868779934,Phthalates,urine,FALSE,FALSE,MiBP_ln_U,107,FALSE
survey_weighted,beta,1.100878120309003,-0.6124535279901813,2.8142097686081873,0.8038340160893735,15,0.1909879878041831,age+sex+eth+marital+PIR_level+edu+alcohol.user,,DMDTP_binary_U,pesticides_urine.rds,LE8,binary_above_detection_threshold,1135,,,15,2,2015-2016,WTSB2YR,ok,,0.2634926868779934,Pesticides,urine,FALSE,FALSE,DMDTP_binary_U,108,FALSE
survey_weighted,beta,0.3967980547605876,-0.2167423666588144,1.0103384761799896,0.30042045542277246,30,0.1965523526097127,age+sex+eth+marital+PIR_level+edu+alcohol.user,,X24_DCP_ln_U,PCCP_urine.rds,LE8,natural_log_transformed,2427,,,30,4,2013-2014|2015-2016,WTSB2YR,ok,,0.26868165631969904,Personal Care Products,urine,FALSE,FALSE,24_DCP_ln_U,109,FALSE
survey_weighted,beta,0.7224278870828622,-0.4556921178215647,1.9005478919872891,0.5768672055824136,30,0.2201250940284153,age+sex+eth+marital+PIR_level+edu+alcohol.user,,PFNA_ln_S,PFC_serum.rds,LE8,natural_log_transformed,2366,,,30,4,2013-2014|2015-2016,WTSB2YR,ok,,0.2964845192691743,Polyfluoroalkyl Substances (PFAS),serum,FALSE,FALSE,PFNA_ln_S,110,FALSE
survey_weighted,beta,0.6066876140959981,-0.3843269683149157,1.597702196506912,0.4852509171110996,30,0.22087101771059292,age+sex+eth+marital+PIR_level+edu+alcohol.user,,Sb_ln_U,HM_urine.rds,LE8,natural_log_transformed,2502,,,30,4,2013-2014|2015-2016,WTSA2YR,ok,,0.2964845192691743,Heavy Metals,urine,FALSE,FALSE,Sb_ln_U,111,FALSE
survey_weighted,beta,0.8709120285648726,-0.6253337915496653,2.3671578486794105,0.7326377122200387,30,0.24386890975450093,age+sex+eth+marital+PIR_level+edu+alcohol.user,,MeFOSAA_binary_S,PFC_serum.rds,LE8,binary_above_detection_threshold,2366,,,30,4,2013-2014|2015-2016,WTSB2YR,ok,,0.32443274601268424,Polyfluoroalkyl Substances (PFAS),serum,FALSE,FALSE,MeFOSAA_binary_S,112,FALSE
survey_weighted,beta,2.702659460611445,-2.0344342686428587,7.439753189865749,2.3195209408218043,30,0.25312749373329263,age+sex+eth+marital+PIR_level+edu+alcohol.user,,FA_ln_S,gas_serum.rds,LE8,natural_log_transformed,2218,,,30,4,2013-2014|2015-2016,WTSA2YR,ok,,0.33376988111735045,Gaseous Pollutants,serum,FALSE,FALSE,FA_ln_S,113,FALSE
survey_weighted,beta,-0.5475046867895211,-1.5347858511642718,0.43977647758522953,0.4834228466082419,30,0.26637078693418037,age+sex+eth+marital+PIR_level+edu+alcohol.user,,MEOHP_ln_U,Phthalates_urine.rds,LE8,natural_log_transformed,2427,,,30,4,2013-2014|2015-2016,WTSB2YR,ok,,0.34815129169467435,Phthalates,urine,FALSE,FALSE,MEOHP_ln_U,114,FALSE
survey_weighted,beta,-0.5042657870132484,-1.4868945505905775,0.47836297656408067,0.4811447956150617,30,0.30298429055958914,age+sex+eth+marital+PIR_level+edu+alcohol.user,,MnBP_ln_U,Phthalates_urine.rds,LE8,natural_log_transformed,2427,,,30,4,2013-2014|2015-2016,WTSB2YR,ok,,0.3925622547250329,Phthalates,urine,FALSE,FALSE,MnBP_ln_U,115,FALSE
survey_weighted,beta,1.498330520377971,-1.6717708827619937,4.668431923517936,1.4872983551235843,15,0.3297097316624783,age+sex+eth+marital+PIR_level+edu+alcohol.user,,X5OHIMI_binary_U,pesticides_urine.rds,LE8,binary_above_detection_threshold,945,,,15,2,2015-2016,WTSSBI2Y,ok,,0.4235064656699075,Pesticides,urine,FALSE,FALSE,5OHIMI_binary_U,116,FALSE
survey_weighted,beta,-0.4727236447690839,-1.5516230075864472,0.6061757180482794,0.5061810471023914,15,0.3651452911260471,age+sex+eth+marital+PIR_level+edu+alcohol.user,,Norharman_ln_U,AA_urine.rds,LE8,natural_log_transformed,1265,,,15,2,2013-2014,WTSA2YR,ok,,0.4614320282772743,Aromatic Amines,urine,FALSE,FALSE,Norharman_ln_U,117,FALSE
survey_weighted,beta,-0.4953075016216024,-1.5973335736558731,0.6067185704126683,0.5396077632218336,30,0.3659908296194093,age+sex+eth+marital+PIR_level+edu+alcohol.user,,X1_PY_ln_U,PAH_urine.rds,LE8,natural_log_transformed,2493,,,30,4,2013-2014|2015-2016,WTSA2YR,ok,,0.4614320282772743,Polycyclic Aromatic Hydrocarbons (PAH),urine,FALSE,FALSE,1_PY_ln_U,118,FALSE
survey_weighted,beta,-0.3510159719592163,-1.1419459320469054,0.4399139881284728,0.3872793552336026,30,0.371965978910985,age+sex+eth+marital+PIR_level+edu+alcohol.user,,BCETP_ln_U,BFR_urine.rds,LE8,natural_log_transformed,2213,,,30,4,2013-2014|2015-2016,WTSSBI2Y|WTSSCH2Y,ok,,0.4614320282772743,Brominated Flame Retardants,urine,FALSE,FALSE,BCETP_ln_U,119,FALSE
survey_weighted,beta,-0.8572145637408963,-2.802885208508483,1.0884560810266908,0.9526988618802574,30,0.3754061334476061,age+sex+eth+marital+PIR_level+edu+alcohol.user,,TCC_binary_U,PCCP_urine.rds,LE8,binary_above_detection_threshold,2429,,,30,4,2013-2014|2015-2016,WTSB2YR,ok,,0.4614320282772743,Personal Care Products,urine,FALSE,FALSE,TCC_binary_U,120,FALSE
survey_weighted,beta,0.3905857108457293,-0.4996729538463539,1.2808443755378125,0.4359157182702408,30,0.37738008187651706,age+sex+eth+marital+PIR_level+edu+alcohol.user,,GLYP_ln_U,GYLP_urine.rds,LE8,natural_log_transformed,2209,,,30,4,2013-2014|2015-2016,WTSSCH2Y|WTSSGL2Y,ok,,0.4614320282772743,Herbicides,urine,FALSE,FALSE,GLYP_ln_U,121,FALSE
survey_weighted,beta,1.0833611454496774,-1.457441710601478,3.6241640015008327,1.1920539528341842,15,0.377816828522332,age+sex+eth+marital+PIR_level+edu+alcohol.user,,PFHxA_binary_U,PFC_urine.rds,LE8,binary_above_detection_threshold,1193,,,15,2,2013-2014,WTSSBH2Y,ok,,0.4614320282772743,Polyfluoroalkyl Substances (PFAS),urine,FALSE,FALSE,PFHxA_binary_U,122,FALSE
survey_weighted,beta,-0.4875098038833649,-1.6408735069620175,0.6658538991952881,0.564745266734641,30,0.3948554860489491,age+sex+eth+marital+PIR_level+edu+alcohol.user,,MECPP_ln_U,Phthalates_urine.rds,LE8,natural_log_transformed,2427,,,30,4,2013-2014|2015-2016,WTSB2YR,ok,,0.478320873343849,Phthalates,urine,FALSE,FALSE,MECPP_ln_U,123,FALSE
survey_weighted,beta,1.7827151846040106,-2.5894857356087444,6.154916104816766,2.0512805143902666,15,0.39849944654504466,age+sex+eth+marital+PIR_level+edu+alcohol.user,,DPCP_binary_U,BFR_urine.rds,LE8,binary_above_detection_threshold,1213,,,15,2,2013-2014,WTSSCH2Y,ok,,0.4788420768968682,Brominated Flame Retardants,urine,FALSE,FALSE,DPCP_binary_U,124,FALSE
survey_weighted,beta,1.4116794045915602,-2.0804617426137577,4.903820551796878,1.6383879010789295,15,0.40245715634060664,age+sex+eth+marital+PIR_level+edu+alcohol.user,,TBPPP_binary_U,BFR_urine.rds,LE8,binary_above_detection_threshold,1003,,,15,2,2015-2016,WTSSBI2Y,ok,,0.479728930358003,Brominated Flame Retardants,urine,FALSE,FALSE,TBPPP_binary_U,125,FALSE
survey_weighted,beta,0.3072313302550911,-0.47456829064593253,1.0890309511561147,0.3828086788757568,30,0.42853500677482814,age+sex+eth+marital+PIR_level+edu+alcohol.user,,HIBP_ln_U,Phthalates_urine.rds,LE8,natural_log_transformed,2324,,,30,4,2013-2014|2015-2016,WTSB2YR|WTSSBH2Y,ok,,0.5035761977412251,Phthalates,urine,FALSE,FALSE,HIBP_ln_U,126,FALSE
survey_weighted,beta,-0.28191103249976524,-1.000359893174014,0.4365378281744834,0.351788939060282,30,0.42922266518882946,age+sex+eth+marital+PIR_level+edu+alcohol.user,,W_ln_U,HM_urine.rds,LE8,natural_log_transformed,2501,,,30,4,2013-2014|2015-2016,WTSA2YR,ok,,0.5035761977412251,Heavy Metals,urine,FALSE,FALSE,W_ln_U,127,FALSE
survey_weighted,beta,0.329302216928971,-0.5559642881128192,1.2145687219707613,0.41533542601839807,15,0.4402214007051064,age+sex+eth+marital+PIR_level+edu+alcohol.user,,Harman_ln_U,AA_urine.rds,LE8,natural_log_transformed,1280,,,15,2,2013-2014,WTSA2YR,ok,,0.5124452242582879,Aromatic Amines,urine,FALSE,FALSE,Harman_ln_U,128,FALSE
survey_weighted,beta,-1.1444436592560867,-4.448839195797856,2.159951877285682,1.550304366071188,15,0.4717819613114759,age+sex+eth+marital+PIR_level+edu+alcohol.user,,PFHpA_binary_S,PFC_serum.rds,LE8,binary_above_detection_threshold,1260,,,15,2,2013-2014,WTSB2YR,ok,,0.5449264514372861,Polyfluoroalkyl Substances (PFAS),serum,FALSE,FALSE,PFHpA_binary_S,129,FALSE
survey_weighted,beta,-0.6112312680871084,-2.4373159283730796,1.2148533921988631,0.8567337022309826,15,0.4865240649477631,age+sex+eth+marital+PIR_level+edu+alcohol.user,,PhIP_binary_U,AA_urine.rds,LE8,binary_above_detection_threshold,1280,,,15,2,2013-2014,WTSA2YR,ok,,0.5565304616896084,Aromatic Amines,urine,FALSE,FALSE,PhIP_binary_U,130,FALSE
survey_weighted,beta,0.6220859245642626,-1.1927776859023167,2.4369495350308417,0.8886491147970927,30,0.4892985938344879,age+sex+eth+marital+PIR_level+edu+alcohol.user,,AsC_binary_U,HM_urine.rds,LE8,binary_above_detection_threshold,2508,,,30,4,2013-2014|2015-2016,WTSA2YR,ok,,0.5565304616896084,Heavy Metals,urine,FALSE,FALSE,AsC_binary_U,131,FALSE
survey_weighted,beta,0.4950876833396255,-1.0696048296800922,2.0597801963593434,0.7661526786947587,30,0.5230629825277178,age+sex+eth+marital+PIR_level+edu+alcohol.user,,MINP_binary_U,Phthalates_urine.rds,LE8,binary_above_detection_threshold,2428,,,30,4,2013-2014|2015-2016,WTSB2YR,ok,,0.5864673006748397,Phthalates,urine,FALSE,FALSE,MINP_binary_U,132,FALSE
survey_weighted,beta,0.27139514143308097,-0.5872217725042953,1.1300120553704571,0.4204223149992526,30,0.5234909462399575,age+sex+eth+marital+PIR_level+edu+alcohol.user,,MCNP_ln_U,Phthalates_urine.rds,LE8,natural_log_transformed,2427,,,30,4,2013-2014|2015-2016,WTSB2YR,ok,,0.5864673006748397,Phthalates,urine,FALSE,FALSE,MCNP_ln_U,133,FALSE
survey_weighted,beta,0.184394580291966,-0.4296980445674735,0.7984872051514055,0.3006908421864649,30,0.544341693876411,age+sex+eth+marital+PIR_level+edu+alcohol.user,,MEP_ln_U,Phthalates_urine.rds,LE8,natural_log_transformed,2427,,,30,4,2013-2014|2015-2016,WTSB2YR,ok,,0.6052754655789943,Phthalates,urine,FALSE,FALSE,MEP_ln_U,134,FALSE
survey_weighted,beta,0.16134507090301445,-0.4273871425519127,0.7500772843579415,0.2882731007013534,30,0.5798426658303429,age+sex+eth+marital+PIR_level+edu+alcohol.user,,MCPP_ln_U,Phthalates_urine.rds,LE8,natural_log_transformed,2427,,,30,4,2013-2014|2015-2016,WTSB2YR,ok,,0.6399744978423785,Phthalates,urine,FALSE,FALSE,MCPP_ln_U,135,FALSE
survey_weighted,beta,0.4572012450902101,-1.3046435393490068,2.219046029529427,0.8265946468728209,15,0.5883346597606267,age+sex+eth+marital+PIR_level+edu+alcohol.user,,Sm_PFOS_ln_S,PFC_serum.rds,LE8,natural_log_transformed,1106,,,15,2,2015-2016,WTSB2YR,ok,,0.6445725316495102,Polyfluoroalkyl Substances (PFAS),serum,FALSE,FALSE,Sm_PFOS_ln_S,136,FALSE
survey_weighted,beta,0.4263074238909606,-1.4882988195163989,2.34091366729832,0.8982648673978033,15,0.6419148214150573,age+sex+eth+marital+PIR_level+edu+alcohol.user,,X4_MDA_binary_U,AA_urine.rds,LE8,binary_above_detection_threshold,1133,,,15,2,2015-2016,WTSA2YR,ok,,0.6981409371594418,Aromatic Amines,urine,FALSE,FALSE,4_MDA_binary_U,137,FALSE
survey_weighted,beta,-0.6877062049556321,-4.101158904795103,2.725746494883839,1.6014700920086793,15,0.6737205767969305,age+sex+eth+marital+PIR_level+edu+alcohol.user,,MDA_binary_U,pesticides_urine.rds,LE8,binary_above_detection_threshold,1138,,,15,2,2015-2016,WTSB2YR,ok,,0.7214078357396363,Pesticides,urine,FALSE,FALSE,MDA_binary_U,138,FALSE
survey_weighted,beta,0.1659680132614243,-0.6403293439999284,0.972265370522777,0.39480401097982726,30,0.6772032775899005,age+sex+eth+marital+PIR_level+edu+alcohol.user,,X2_HPMA_ln_U,VOC_urine.rds,LE8,natural_log_transformed,2462,,,30,4,2013-2014|2015-2016,WTSA2YR,ok,,0.7214078357396363,Volatile Organic Compounds (VOC),urine,FALSE,FALSE,2_HPMA_ln_U,139,FALSE
survey_weighted,beta,-0.22430673805050724,-1.352827341101731,0.9042138650007164,0.5294615607496561,15,0.6778328657956314,age+sex+eth+marital+PIR_level+edu+alcohol.user,,o_TLD_ln_U,AA_urine.rds,LE8,natural_log_transformed,1196,,,15,2,2013-2014,WTSA2YR,ok,,0.7214078357396363,Aromatic Amines,urine,FALSE,FALSE,o_TLD_ln_U,140,FALSE
survey_weighted,beta,-0.07248662254520984,-0.5167103445186496,0.37173709942823,0.217514426443362,30,0.7412637212933635,age+sex+eth+marital+PIR_level+edu+alcohol.user,,DEA_ln_U,pesticides_urine.rds,LE8,natural_log_transformed,2444,,,30,4,2013-2014|2015-2016,WTSB2YR|WTSC2YR,ok,,0.7790712041386124,Pesticides,urine,FALSE,FALSE,DEA_ln_U,141,FALSE
survey_weighted,beta,0.05047106404491358,-0.2603394258854947,0.36128155397532186,0.15218855298735093,30,0.7424705435414964,age+sex+eth+marital+PIR_level+edu+alcohol.user,,X25_DCP_ln_U,PCCP_urine.rds,LE8,natural_log_transformed,2427,,,30,4,2013-2014|2015-2016,WTSB2YR,ok,,0.7790712041386124,Personal Care Products,urine,FALSE,FALSE,25_DCP_ln_U,142,FALSE
survey_weighted,beta,0.14264872433970863,-0.7595630297160838,1.0448604783955011,0.4417685560377136,30,0.7490080320835759,age+sex+eth+marital+PIR_level+edu+alcohol.user,,ATCA_ln_U,VOC_urine.rds,LE8,natural_log_transformed,2426,,,30,4,2013-2014|2015-2016,WTSA2YR,ok,,0.7804349425206489,Volatile Organic Compounds (VOC),urine,FALSE,FALSE,ATCA_ln_U,143,FALSE
survey_weighted,beta,0.0875124866433442,-0.555975615823465,0.7310005891101534,0.3150843563900535,30,0.783114775147784,age+sex+eth+marital+PIR_level+edu+alcohol.user,,MCOP_ln_U,Phthalates_urine.rds,LE8,natural_log_transformed,2427,,,30,4,2013-2014|2015-2016,WTSB2YR,ok,,0.8103062603959711,Phthalates,urine,FALSE,FALSE,MCOP_ln_U,144,FALSE
survey_weighted,beta,0.17397299987021847,-1.4126769973236275,1.7606229970640643,0.7769041747091031,30,0.8243289530686027,age+sex+eth+marital+PIR_level+edu+alcohol.user,,BDCM_binary_S,VOC_serum.rds,LE8,binary_above_detection_threshold,3550,,,30,4,2013-2014|2015-2016,WTSVOC2Y,ok,,0.8470690621187711,Volatile Organic Compounds (VOC),serum,FALSE,FALSE,BDCM_binary_S,145,FALSE
survey_weighted,beta,0.11632313383436713,-1.0885553979503384,1.3212016656190726,0.5899695351945659,30,0.8450258237540609,age+sex+eth+marital+PIR_level+edu+alcohol.user,,X14_DCB_binary_S,VOC_serum.rds,LE8,binary_above_detection_threshold,3551,,,30,4,2013-2014|2015-2016,WTSVOC2Y,ok,,0.8623893680777746,Volatile Organic Compounds (VOC),serum,FALSE,FALSE,14_DCB_binary_S,146,FALSE
survey_weighted,beta,0.11719214129620983,-1.4667746972855082,1.701158979877928,0.7755903643975312,30,0.8809078625790091,age+sex+eth+marital+PIR_level+edu+alcohol.user,,MEHP_binary_U,Phthalates_urine.rds,LE8,binary_above_detection_threshold,2428,,,30,4,2013-2014|2015-2016,WTSB2YR,ok,,0.8928930035664786,Phthalates,urine,FALSE,FALSE,MEHP_binary_U,147,FALSE
survey_weighted,beta,-0.03377658941154186,-0.6624788657509784,0.5949256869278947,0.3078444672744987,30,0.9133623842046116,age+sex+eth+marital+PIR_level+edu+alcohol.user,,BPS_ln_U,PCCP_urine.rds,LE8,natural_log_transformed,2425,,,30,4,2013-2014|2015-2016,WTSB2YR,ok,,0.9195337516654536,Personal Care Products,urine,FALSE,FALSE,BPS_ln_U,148,FALSE
survey_weighted,beta,-0.02459575777636816,-0.6761603648793749,0.6269688493266387,0.3190390219936943,30,0.9390612298455114,age+sex+eth+marital+PIR_level+edu+alcohol.user,,BDCPP_ln_U,BFR_urine.rds,LE8,natural_log_transformed,2202,,,30,4,2013-2014|2015-2016,WTSSBI2Y|WTSSCH2Y,ok,,0.9390612298455114,Brominated Flame Retardants,urine,FALSE,FALSE,BDCPP_ln_U,149,FALSE
