Pollutant,n,CVD_events,CVD_nonevents,cycles,weight_variables,bootstrap_valid_reps,mediation_method,status,error,Indirect_Effect,Indirect_Low,Indirect_High,Indirect_P,Direct_Effect,Direct_Low,Direct_High,Direct_P,Total_Effect,Total_Low,Total_High,Total_P,Prop_Mediated,Prop_Mediated_Low,Prop_Mediated_High,Prop_P,ACME_FDR_BH,ACME_FDR_significant,Prop_Mediated_Pct
EO_ln_S,2415,259,2156,2013-2014|2015-2016,WTSA2YR,1000,mediation::mediate weighted nonparametric bootstrap (average effects),ok,,0.003012872631482576,0.00103939412141302,0.00571257608548897,0,0.007924443137568335,5.522147377107807e-4,0.010967896564493138,0.04,0.010937315769050911,0.005031311762567336,0.013077293691440789,0.002,0.2754672805559877,0.09112474371352906,0.8710736726748831,0.002,0,TRUE,27.54672805559877
X25_DMF_binary_S,3581,374,3207,2013-2014|2015-2016,WTSVOC2Y,1000,mediation::mediate weighted nonparametric bootstrap (average effects),ok,,0.020784441313191755,0.010864947250666472,0.03176538201259538,0.002,0.026608450092450067,-0.0033073486151824565,0.058886019623099195,0.078,0.04739289140564182,0.01895846135779116,0.08208392098061795,0.002,0.43855609347180496,0.2137928372060553,1.156636028346947,0.004,0.0034166666666666664,TRUE,43.8556093471805
CEMA_CYM_ln_U,2459,258,2201,2013-2014|2015-2016,WTSA2YR,1000,mediation::mediate weighted nonparametric bootstrap (average effects),ok,,0.002134550698569565,7.696780246499882e-4,0.0037585340788149585,0.006,0.007439719260399737,0.0023151017045145595,0.011986792007828618,0.004,0.009574269958969303,0.004755778762560163,0.01413490083126287,0,0.22294657532294557,0.07435820919815639,0.5446048004913071,0.006,0.0076875,TRUE,22.294657532294558
Furan_binary_S,3586,375,3211,2013-2014|2015-2016,WTSVOC2Y,1000,mediation::mediate weighted nonparametric bootstrap (average effects),ok,,0.02030690486951871,0.010545951408031886,0.03087153258792834,0,0.024919618306978825,-0.007649539072389505,0.057448862002771016,0.14,0.045226523176497536,0.011581822025332438,0.08073823353254775,0,0.44900433292805975,0.21808208935140944,1.533488938612488,0,0,TRUE,44.90043329280597
X2_FL_ln_U,2493,261,2232,2013-2014|2015-2016,WTSA2YR,1000,mediation::mediate weighted nonparametric bootstrap (average effects),ok,,0.002299029220141244,7.817431801614164e-4,0.004368966120761737,0.004,0.00956782082770756,0.004434040480465793,0.012074646126077617,0.004,0.011866850047848803,0.0077466833363666774,0.013667947140419549,0.002,0.19373542354299883,0.06827830719121064,0.44719629781449943,0.006,0.0054666666666666665,TRUE,19.373542354299882
Toluene_ln_S,3512,365,3147,2013-2014|2015-2016,WTSVOC2Y,1000,mediation::mediate weighted nonparametric bootstrap (average effects),ok,,0.006795345680238622,0.0035901360233040326,0.011124710027457928,0,0.0063871583028161484,-0.004321308873791805,0.021779865835325964,0.314,0.01318250398305477,8.189465435943531e-4,0.030727015169482445,0.04,0.5154821640087184,0.17123519414993454,2.545770161823529,0.04,0,TRUE,51.54821640087184
MB3_Cys_ln_U,2427,253,2174,2013-2014|2015-2016,WTSA2YR,1000,mediation::mediate weighted nonparametric bootstrap (average effects),ok,,0.00273263947165638,8.46890749937536e-4,0.004830456943515148,0,0.0107587868507808,0.002198453384105763,0.01618279977297871,0.028,0.013491426322437178,0.0051484762614734,0.018791482643709338,0.008,0.20254637325571803,0.06399379096071581,0.584596649669275,0.008,0,TRUE,20.254637325571803
GAM_Cys_binary_U,2486,259,2227,2013-2014|2015-2016,WTSA2YR,1000,mediation::mediate weighted nonparametric bootstrap (average effects),ok,,0.009767903127271648,0.004268874959572337,0.01602824889205639,0,-1.938626677885356e-4,-0.024678147426169375,0.023566724620512475,0.95,0.009574040459483112,-0.013998407103138164,0.03387380713555665,0.428,1.0202487830095301,-11.726183906253313,8.639350623692941,0.428,0,TRUE,102.02487830095302
Cd_ln_S,3690,394,3296,2013-2014|2015-2016,WTSH2YR,1000,mediation::mediate weighted nonparametric bootstrap (average effects),ok,,0.005501900706866958,0.0029120429691671,0.00832387053660202,0,0.014672590119640696,0.002662715720920744,0.024745361356075066,0.022,0.020174490826507654,0.008456376184473816,0.029225223099910207,0,0.27271571581067633,0.12069063832225636,0.6398307229123216,0,0,TRUE,27.271571581067633
X3_FL_ln_U,2489,261,2228,2013-2014|2015-2016,WTSA2YR,1000,mediation::mediate weighted nonparametric bootstrap (average effects),ok,,0.0024051444979287465,8.302208684103894e-4,0.004241621846342099,0,0.009851213954693332,0.0022502974026788066,0.014487377839442539,0.016,0.01225635845262208,0.005315005392624966,0.016238069367560243,0.002,0.19623646837892528,0.06368928320242656,0.6204900531836252,0.002,0,TRUE,19.62364683789253
X2_NP_ln_U,2453,256,2197,2013-2014|2015-2016,WTSA2YR,1000,mediation::mediate weighted nonparametric bootstrap (average effects),ok,,0.0019376798144709155,6.114538824347404e-4,0.0049962423313570795,0,0.0038508700977834473,-0.0021411184381564287,0.004831986483965158,0.104,0.005788549912254363,0.002227158430265072,0.006569770309452263,0.018,0.3347435616593452,0.13469828551182603,1.44754926121157,0.018,0,TRUE,33.47435616593452
PHE_Cys_binary_U,2428,252,2176,2013-2014|2015-2016,WTSA2YR,1000,mediation::mediate weighted nonparametric bootstrap (average effects),ok,,0.00807736078204645,0.003078701155771587,0.013536104736319965,0,0.006828055337565923,-0.01501500590077909,0.03127495461899209,0.57,0.014905416119612372,-0.007315532744703329,0.03978831757306831,0.208,0.5419077681043976,-3.179422214456136,5.694257266685815,0.208,0,TRUE,54.19077681043976
CEMA_CEM_ln_U,2472,259,2213,2013-2014|2015-2016,WTSA2YR,1000,mediation::mediate weighted nonparametric bootstrap (average effects),ok,,0.0013929591283481555,3.344303548291114e-4,0.0032861702786866564,0.002,0.006015602905275643,0.0026040503800765216,0.007370438308741932,0.01,0.007408562033623799,0.0034077561743568875,0.008796729839821216,0,0.18802017476889615,0.06448426277156899,0.48450522233925414,0.002,0.0034166666666666664,TRUE,18.802017476889617
CYHA_Cys_binary_U,1187,137,1050,2015-2016,WTSA2YR,1000,mediation::mediate weighted nonparametric bootstrap (average effects),ok,,0.014472876097820936,-0.0021288589460651455,0.032892225331199836,0.078,0.04218629876513416,-0.0123104375114683,0.09855377235555599,0.122,0.0566591748629551,0.004781134857650305,0.11465263776835559,0.034,0.25543746679734286,-0.10971089580768435,1.4596599049077306,0.108,0.08415789473684211,FALSE,25.543746679734287
PMM_Cys_ln_U,2458,257,2201,2013-2014|2015-2016,WTSA2YR,1000,mediation::mediate weighted nonparametric bootstrap (average effects),ok,,0.0017914409059489838,4.943482538407991e-4,0.004024043186438542,0,0.004554511793603841,-0.00247677991091026,0.005711685879784517,0.118,0.006345952699552825,0.0011425739879037666,0.007089772849058075,0.038,0.2822966055317777,0.07373870588767914,1.2412391501282964,0.038,0,TRUE,28.229660553177773
X3_HPMA_ln_U,2400,251,2149,2013-2014|2015-2016,WTSA2YR,1000,mediation::mediate weighted nonparametric bootstrap (average effects),ok,,0.001259569425769783,3.7149250399650747e-4,0.002975007138264738,0,0.005125183201617549,4.784886566625157e-4,0.006054031596637747,0.038,0.006384752627387332,0.0026756892972648674,0.007215389173484738,0.012,0.19727771759971918,0.06897208851293418,0.7645538483664247,0.012,0,TRUE,19.72777175997192
A_a_C_binary_U,1278,119,1159,2013-2014,WTSA2YR,1000,mediation::mediate weighted nonparametric bootstrap (average effects),ok,,0.009001446761988857,0.0025617279121735643,0.016403877385296486,0.002,0.013408026507323284,-0.016760586892504818,0.04557614034208281,0.348,0.02240947326931214,-0.009701836546647823,0.055773667343966035,0.144,0.40168042567584883,-1.7869060384853968,3.6304600496428407,0.146,0.0034166666666666664,TRUE,40.168042567584884
Benzene_binary_S,3484,368,3116,2013-2014|2015-2016,WTSVOC2Y,1000,mediation::mediate weighted nonparametric bootstrap (average effects),ok,,0.010503988588880669,0.005804699434125294,0.016145797769273836,0,0.002449324346156529,-0.018832091406254428,0.024095930037461345,0.746,0.012953312935037197,-0.008994140491611888,0.0356654458032331,0.228,0.8109113584732912,-4.958897853237044,5.202910659110742,0.228,0,TRUE,81.09113584732913
HEMA_binary_U,2468,257,2211,2013-2014|2015-2016,WTSA2YR,1000,mediation::mediate weighted nonparametric bootstrap (average effects),ok,,0.006378203636711335,0.002860859169301888,0.0110950361136033,0.002,0.009507386235908827,-0.01639004955776961,0.03295178855754747,0.522,0.015885589872620162,-0.009979451542442862,0.04126014800966456,0.242,0.4015087691332495,-3.3437981981466462,4.6592457426207226,0.244,0.0034166666666666664,TRUE,40.15087691332495
MeA_a_C_binary_U,1279,118,1161,2013-2014,WTSA2YR,1000,mediation::mediate weighted nonparametric bootstrap (average effects),ok,,0.013984176618319907,0.002986015091729824,0.025825514080586223,0.004,0.024613202128401842,-0.01878502479329067,0.06877101291580186,0.288,0.03859737874672175,-0.0060481630939017905,0.08535051121172388,0.096,0.36230897206996593,-1.970030533601731,2.9604902331086502,0.1,0.0054666666666666665,TRUE,36.230897206996595
MBzP_ln_U,2426,263,2163,2013-2014|2015-2016,WTSB2YR,1000,mediation::mediate weighted nonparametric bootstrap (average effects),ok,,0.0032840747073436642,0.0013978146516459959,0.00563967829414265,0,-1.1923748831119969e-4,-0.011380797457583393,0.010655265288706937,0.972,0.0031648372190324642,-0.0075970666370693725,0.013602387515805423,0.55,1.03767570969974,-12.510038280563771,7.006931880759114,0.55,0,TRUE,103.767570969974
Ethylbenzene_binary_S,3491,366,3125,2013-2014|2015-2016,WTSVOC2Y,1000,mediation::mediate weighted nonparametric bootstrap (average effects),ok,,0.011050312627551063,0.005677970378733411,0.017157799850256603,0,0.009273434590491951,-0.011943846887945777,0.0312486176770074,0.43,0.020323747218043014,-0.0017625868627159718,0.04355281669736154,0.074,0.5437143312696202,-2.1997668385541633,3.995494368512783,0.074,0,TRUE,54.37143312696202
IPM3_Cys_ln_U,1185,137,1048,2015-2016,WTSA2YR,1000,mediation::mediate weighted nonparametric bootstrap (average effects),ok,,0.0019451605682329247,-9.190887557216794e-4,0.005509472477575647,0.194,0.016991807345973636,0.006605306015659797,0.02502448982895407,0.002,0.018936967914206564,0.009725843352514052,0.025751500051228882,0,0.1027176355288462,-0.051545121828664525,0.37402709381120164,0.194,0.194,FALSE,10.27176355288462
X1_AN_ln_U,1218,105,1113,2013-2014,WTSA2YR,1000,mediation::mediate weighted nonparametric bootstrap (average effects),ok,,0.0028936796225303273,7.881642236938547e-4,0.0058222738397209145,0.004,0.004395828045942312,-0.006468888837980353,0.015962512349954973,0.434,0.007289507668472639,-0.004103462755914023,0.020003261060517752,0.226,0.3969650289340646,-2.2128620462574475,3.150193612738201,0.23,0.0054666666666666665,TRUE,39.69650289340646
CMAC_ln_U,2461,257,2204,2013-2014|2015-2016,WTSA2YR,1000,mediation::mediate weighted nonparametric bootstrap (average effects),ok,,0.002630863531305384,7.542870289399855e-4,0.005822772631793337,0,0.003045535037705733,-0.01048435669651469,0.00607110300799104,0.536,0.005676398569011118,-0.006155696263827814,0.0075682323656492126,0.228,0.46347406710795946,-4.086237157516778,3.519083386482012,0.228,0,TRUE,46.347406710795944
o_Xylene_binary_S,3575,375,3200,2013-2014|2015-2016,WTSVOC2Y,1000,mediation::mediate weighted nonparametric bootstrap (average effects),ok,,0.00811051011288627,0.004283262837173535,0.012981211627455374,0,0.018809426766683564,-0.002267366608023908,0.03977233068196908,0.074,0.026919936879569836,0.0056872912274760525,0.049326063209089076,0.018,0.3012826571313963,0.12900823851116305,1.0530690603055657,0.018,0,TRUE,30.12826571313963
X23_OH_PH_ln_U,2494,262,2232,2013-2014|2015-2016,WTSA2YR,1000,mediation::mediate weighted nonparametric bootstrap (average effects),ok,,0.0022875704831040403,6.820690649184441e-4,0.004865776934528635,0,0.010911730012171366,0.0012233980338495637,0.015029821223831643,0.026,0.013199300495275408,0.005074348900006753,0.016581235031724994,0,0.17330997835247852,0.049444061755586015,0.7352130929479795,0,0,TRUE,17.330997835247853
Thiocyanate_ln_U,2483,258,2225,2013-2014|2015-2016,WTSA2YR,1000,mediation::mediate weighted nonparametric bootstrap (average effects),ok,,0.0011022362549382065,3.093045664946612e-4,0.002720801980283777,0,0.0038974617882332214,-9.159901476639938e-5,0.004716808617148358,0.056,0.004999698043171428,0.0024313687939313145,0.005553872706832126,0.01,0.22046056490224195,0.07041888165459947,0.9180223865343995,0.01,0,TRUE,22.046056490224196
IPM1_Cys_ln_U,1185,137,1048,2015-2016,WTSA2YR,1000,mediation::mediate weighted nonparametric bootstrap (average effects),ok,,0.002715882678051477,-4.5824768509927343e-4,0.008498666558142885,0.084,0.02880750442778187,0.013940132794167084,0.0375845623229998,0.002,0.03152338710583335,0.018204349185821696,0.039240313081249645,0.002,0.08615453247246098,-0.015417038497971651,0.3283886957176442,0.086,0.08830769230769232,FALSE,8.615453247246098
X1_NP_ln_U,2414,247,2167,2013-2014|2015-2016,WTSA2YR,1000,mediation::mediate weighted nonparametric bootstrap (average effects),ok,,0.0011081640616207506,4.085330771647531e-4,0.002142740619407148,0,0.004680820962690062,2.59353898961375e-4,0.006209818717038646,0.046,0.005788985024310812,0.0016960152138308932,0.007086968114594654,0.018,0.1914263134153952,0.06510950596431259,0.6749198979888793,0.018,0,TRUE,19.14263134153952
PMA_binary_U,2450,258,2192,2013-2014|2015-2016,WTSA2YR,1000,mediation::mediate weighted nonparametric bootstrap (average effects),ok,,0.003844764794813377,0.0011358857815884002,0.007427792456571154,0.004,-0.006451762586066587,-0.028463495788741255,0.016259309999104295,0.618,-0.00260699779125321,-0.025068087228315536,0.021024411929343696,0.836,-1.4747863644967496,-4.0085989540023474,4.260672179789537,0.84,0.0054666666666666665,TRUE,-147.47863644967495
X26_DMA_binary_U,1167,111,1056,2013-2014,WTSA2YR,1000,mediation::mediate weighted nonparametric bootstrap (average effects),ok,,0.0064717837377510825,0.0017041049866622826,0.013297038956436226,0.004,0.0019494838711168103,-0.028844534640739806,0.031909884334426854,0.882,0.008421267608867893,-0.022304721809127414,0.037800093337593176,0.602,0.7685047000449272,-3.9283018293116667,5.351265836781762,0.602,0.0054666666666666665,TRUE,76.85047000449272
X1_PH_ln_U,2494,262,2232,2013-2014|2015-2016,WTSA2YR,1000,mediation::mediate weighted nonparametric bootstrap (average effects),ok,,0.0015554665988553032,2.59905292535128e-4,0.003909285525545775,0.014,0.011271130897763324,-0.002308816084449903,0.01637482323968275,0.09,0.012826597496618627,7.817754684624233e-6,0.017429532485565984,0.05,0.12126883994491588,-0.10372304710801213,0.8286451612746953,0.064,0.017393939393939396,TRUE,12.126883994491589
Mn_ln_S,3690,394,3296,2013-2014|2015-2016,WTSH2YR,1000,mediation::mediate weighted nonparametric bootstrap (average effects),ok,,0.0011946109967419325,1.0300757162565501e-4,0.005254928626165233,0.004,0.005555318062381736,-0.01030846780524191,0.006686997329660751,0.162,0.006749929059123668,-0.006897258475135037,0.007872327676275428,0.1,0.17698126695527477,-0.5728554021067656,1.1145741340060182,0.104,0.0054666666666666665,TRUE,17.698126695527478
X34_MHA_ln_U,2479,258,2221,2013-2014|2015-2016,WTSA2YR,1000,mediation::mediate weighted nonparametric bootstrap (average effects),ok,,0.0011814883926537954,3.4897416413992317e-4,0.0027980593904191,0.002,0.004409075812497277,-0.006210335946093719,0.00639458734535677,0.278,0.0055905642051510725,-0.004693481892739888,0.007161615070381531,0.188,0.21133616381065573,-1.4131528200262211,1.6088334788487237,0.19,0.0034166666666666664,TRUE,21.133616381065572
Mn_binary_U,2504,262,2242,2013-2014|2015-2016,WTSA2YR,1000,mediation::mediate weighted nonparametric bootstrap (average effects),ok,,0.00339558083512554,5.373902666010592e-4,0.0072251019382067365,0.018,0.011620183057702557,-0.014472873640858822,0.038012334638844944,0.428,0.015015763892828098,-0.011388328469946423,0.042935053450065666,0.298,0.22613440510657962,-2.3869768355096053,2.399228298283992,0.308,0.020499999999999997,TRUE,22.613440510657963
MA_ln_U,2437,259,2178,2013-2014|2015-2016,WTSA2YR,1000,mediation::mediate weighted nonparametric bootstrap (average effects),ok,,0.001821914215292083,3.212685542485566e-4,0.0049816598259311215,0.006,0.004634109160569291,-0.0153552018051856,0.007333477622617868,0.488,0.006456023375861375,-0.011786407754983979,0.008310128819564071,0.318,0.2822037823010515,-1.8609433490055605,3.551477815821511,0.312,0.0076875,TRUE,28.220378230105148
X2_AN_ln_U,1225,103,1122,2013-2014,WTSA2YR,1000,mediation::mediate weighted nonparametric bootstrap (average effects),ok,,0.00204477313109789,5.5423648207518234e-5,0.005153669726828,0.036,0.0070980975892895835,-0.008450143196782427,0.026484967485126513,0.422,0.009142870720387474,-0.006677842360222758,0.029488457442797284,0.28,0.22364672908896088,-1.5898555332864779,3.1143136414311337,0.3,0.03989189189189189,TRUE,22.36467290889609
Cd_ln_U,2502,262,2240,2013-2014|2015-2016,WTSA2YR,1000,mediation::mediate weighted nonparametric bootstrap (average effects),ok,,0.0029858037187430343,4.941065130705406e-4,0.006827521547165205,0.018,0.027642347283177278,0.0036921706086996513,0.06060284809534067,0.012,0.030628151001920314,0.006089214565087851,0.06420229200206426,0.006,0.0974856013526847,0.01603189062889572,0.42057098851467534,0.024,0.020499999999999997,TRUE,9.748560135268471
X4_ABP_ln_U,1241,111,1130,2013-2014,WTSA2YR,1000,mediation::mediate weighted nonparametric bootstrap (average effects),ok,,0.00214880299583449,2.234851301919473e-4,0.005243512193321762,0.018,0.014460394285444093,-0.0013198240364988528,0.03474701057885217,0.076,0.016609197281278583,3.951515624338453e-4,0.0367523727004468,0.042,0.12937428338313253,-0.01452574126322809,0.8169430300177583,0.056,0.020499999999999997,TRUE,12.937428338313254
U_ln_U,2502,262,2240,2013-2014|2015-2016,WTSA2YR,1000,mediation::mediate weighted nonparametric bootstrap (average effects),ok,,0.0013149822125235414,-2.2859439372274387e-4,0.00392726596598567,0.116,0.003127932249103703,-0.005767224852526521,0.024667090654965324,0.71,0.004442914461627244,-0.0051475817817293774,0.026282376931043662,0.556,0.2959728853393052,-2.958548506402389,3.5589781024051153,0.592,0.11889999999999999,FALSE,29.59728853393052
