Pollutant,n,CVD_events,CVD_nonevents,cycles,weight_variables,bootstrap_valid_reps,mediation_method,status,error,Indirect_Effect,Indirect_Low,Indirect_High,Indirect_P,Direct_Effect,Direct_Low,Direct_High,Direct_P,Total_Effect,Total_Low,Total_High,Total_P,Prop_Mediated,Prop_Mediated_Low,Prop_Mediated_High,Prop_P,ACME_FDR_BH,ACME_FDR_significant,Prop_Mediated_Pct,Visual_Size,Mediation_Direction,family,Pollutant_Label,Significance,Label_Text
Mn_ln_S,3690,394,3296,2013-2014|2015-2016,WTSH2YR,1000,mediation::mediate weighted nonparametric bootstrap,ok,,0.00102365257482092,5.26711738561149e-5,0.00525571679569851,0.004,0.00538435964046073,-0.01009108463888491,0.00659951844561156,0.162,0.00674992905912366,-0.00689725847513503,0.00787232767627542,0.1,0.15165382715204834,-0.5950883500604421,1.1174018406383188,0.104,0.00546666666666666,TRUE,15.165382715204831,15.165382715204831,Consistent (+),Heavy Metals,Mn_ln_S,Significant (BH-FDR < 0.05),15.2%
Thiocyanate_ln_U,2483,258,2225,2013-2014|2015-2016,WTSA2YR,1000,mediation::mediate weighted nonparametric bootstrap,ok,,0.00103569713771538,2.7472447563095986e-4,0.00271154069904029,0,0.0038309226710104,-8.928084145364683e-5,0.00465984598912581,0.056,0.00499969804317142,0.00243136879393131,0.00555387270683212,0.01,0.20715193773150797,0.06039485324681019,0.9172281459402568,0.01,0,TRUE,20.7151937731508,20.7151937731508,Consistent (+),Inorganic Anions,Thiocyanate_ln_U,Significant (BH-FDR < 0.05),20.7%
X1_NP_ln_U,2414,247,2167,2013-2014|2015-2016,WTSA2YR,1000,mediation::mediate weighted nonparametric bootstrap,ok,,0.00105727711326699,3.814956972724811e-4,0.00209050562687678,0,0.00462993401433631,2.574641262893255e-4,0.00614316264341971,0.046,0.00578898502431081,0.00169601521383089,0.00708696811459465,0.018,0.18263600766403268,0.05939822665498538,0.671855505998264,0.018,0,TRUE,18.26360076640327,18.26360076640327,Consistent (+),Polycyclic Aromatic Hydrocarbons (PAH),1_NP_ln_U,Significant (BH-FDR < 0.05),18.3%
X34_MHA_ln_U,2479,258,2221,2013-2014|2015-2016,WTSA2YR,1000,mediation::mediate weighted nonparametric bootstrap,ok,,0.00113519203318189,3.091343131437746e-4,0.00280110661666113,0.002,0.00436277945302537,-0.00615076748576226,0.00633653376574182,0.278,0.00559056420515107,-0.00469348189273988,0.00716161507038153,0.188,0.20305500331003093,-1.4310809709353232,1.615722335548364,0.19,0.00341666666666666,TRUE,20.305500331003092,20.305500331003092,Consistent (+),Volatile Organic Compounds (VOC),34_MHA_ln_U,Significant (BH-FDR < 0.05),20.3%
X3_HPMA_ln_U,2400,251,2149,2013-2014|2015-2016,WTSA2YR,1000,mediation::mediate weighted nonparametric bootstrap,ok,,0.00115448285797197,3.0959639126873945e-4,0.00296641678791488,0,0.00502009663381973,4.72580396789781e-4,0.00596918982976469,0.038,0.00638475262738733,0.00267568929726486,0.00721538917348473,0.012,0.18081872945552,0.0568225728336645,0.760082804594654,0.012,0,TRUE,18.081872945552,18.081872945552,Consistent (+),Volatile Organic Compounds (VOC),3_HPMA_ln_U,Significant (BH-FDR < 0.05),18.1%
CEMA_CEM_ln_U,2472,259,2213,2013-2014|2015-2016,WTSA2YR,1000,mediation::mediate weighted nonparametric bootstrap,ok,,0.00119608052781172,2.4537370657910535e-4,0.00314797993872388,0.002,0.0058187243047392,0.00247962512530592,0.0072005372116313,0.01,0.00740856203362379,0.00340775617435688,0.00879672983982121,0,0.16144570597955496,0.04866711376659133,0.4679871847067769,0.002,0.00341666666666666,TRUE,16.144570597955497,16.144570597955497,Consistent (+),Volatile Organic Compounds (VOC),CEMA_CEM_ln_U,Significant (BH-FDR < 0.05),16.1%
U_ln_U,2502,262,2240,2013-2014|2015-2016,WTSA2YR,1000,mediation::mediate weighted nonparametric bootstrap,ok,,0.00130079283771901,-2.2529669560199532e-4,0.00382899809739181,0.116,0.00311374287429917,-0.0057440232216856,0.02462454435799704,0.71,0.00444291446162724,-0.00514758178172937,0.02628237693104366,0.556,0.2927791765863965,-2.971563510150044,3.57401471416575,0.592,0.1189,FALSE,29.27791765863965,29.27791765863965,Consistent (+),Heavy Metals,U_ln_U,Non-significant,
X1_PH_ln_U,2494,262,2232,2013-2014|2015-2016,WTSA2YR,1000,mediation::mediate weighted nonparametric bootstrap,ok,,0.0014186087513818,2.3617328851617672e-4,0.00378273007874283,0.014,0.01113427305028982,-0.00227243889019411,0.01628421187422697,0.09,0.01282659749661862,7.817754684624233e-6,0.01742953248556598,0.05,0.1105989918024463,-0.10928067754021437,0.8271894557857294,0.064,0.01739393939393939,TRUE,11.05989918024463,11.05989918024463,Consistent (+),Polycyclic Aromatic Hydrocarbons (PAH),1_PH_ln_U,Significant (BH-FDR < 0.05),11.1%
PMM_Cys_ln_U,2458,257,2201,2013-2014|2015-2016,WTSA2YR,1000,mediation::mediate weighted nonparametric bootstrap,ok,,0.00167698079915263,4.096793222246779e-4,0.00401857799195523,0,0.00444005168680748,-0.0024566981210223,0.00558539438371983,0.118,0.00634595269955282,0.00114257398790376,0.00708977284905807,0.038,0.2642598958026903,0.06205192123445718,1.246464016704827,0.038,0,TRUE,26.425989580269032,26.425989580269032,Consistent (+),Volatile Organic Compounds (VOC),PMM_Cys_ln_U,Significant (BH-FDR < 0.05),26.4%
IPM3_Cys_ln_U,1185,137,1048,2015-2016,WTSA2YR,1000,mediation::mediate weighted nonparametric bootstrap,ok,,0.00170202765501847,-7.798174766442544e-4,0.0051995574071386904,0.194,0.01674867443275919,0.00654512770679669,0.02497092322066439,0.002,0.01893696791420656,0.00972584335251405,0.02575150005122888,0,0.08987857310259337,-0.04174210970934652,0.3593976482044707,0.194,0.194,FALSE,8.987857310259336,8.987857310259336,Consistent (+),Volatile Organic Compounds (VOC),IPM3_Cys_ln_U,Non-significant,
MA_ln_U,2437,259,2178,2013-2014|2015-2016,WTSA2YR,1000,mediation::mediate weighted nonparametric bootstrap,ok,,0.001751546347908,2.7524071653695266e-4,0.00504380612308099,0.006,0.00456374129318521,-0.01520362851489716,0.0072494443848923,0.488,0.00645602337586137,-0.01178640775498397,0.00831012881956407,0.318,0.2713042140548799,-1.9114693267977536,3.5798901861723293,0.312,0.0076875,TRUE,27.130421405487994,27.130421405487994,Consistent (+),Volatile Organic Compounds (VOC),MA_ln_U,Significant (BH-FDR < 0.05),27.1%
X2_NP_ln_U,2453,256,2197,2013-2014|2015-2016,WTSA2YR,1000,mediation::mediate weighted nonparametric bootstrap,ok,,0.00179394400623522,4.945796339457787e-4,0.00504419323812667,0,0.00370713428954776,-0.00209359650311896,0.00473484146472765,0.104,0.00578854991225436,0.00222715843026507,0.00656977030945226,0.018,0.3099125054510539,0.11096192487036446,1.4629515137836164,0.018,0,TRUE,30.99125054510539,30.99125054510539,Consistent (+),Polycyclic Aromatic Hydrocarbons (PAH),2_NP_ln_U,Significant (BH-FDR < 0.05),31.0%
IPM1_Cys_ln_U,1185,137,1048,2015-2016,WTSA2YR,1000,mediation::mediate weighted nonparametric bootstrap,ok,,0.00194110751739678,-3.189210754954712e-4,0.00703599863641283,0.084,0.02803272926712717,0.01297076551759218,0.03724489958146941,0.002,0.03152338710583335,0.01820434918582169,0.03924031308124964,0.002,0.06157674335184566,-0.0101367455838482,0.30546893807718273,0.086,0.08830769230769232,FALSE,6.157674335184566,6.157674335184566,Consistent (+),Volatile Organic Compounds (VOC),IPM1_Cys_ln_U,Non-significant,
X2_AN_ln_U,1225,103,1122,2013-2014,WTSA2YR,1000,mediation::mediate weighted nonparametric bootstrap,ok,,0.00197295373634028,5.2562501512717527e-5,0.00493058977534328,0.036,0.00702627819453198,-0.00840557908496851,0.02610697204906022,0.422,0.00914287072038747,-0.00667784236022275,0.02948845744279728,0.28,0.2157914944527044,-1.618162845156503,3.1299589351719996,0.3,0.03989189189189189,TRUE,21.57914944527044,21.57914944527044,Consistent (+),Aromatic Amines,2_AN_ln_U,Significant (BH-FDR < 0.05),21.6%
X4_ABP_ln_U,1241,111,1130,2013-2014,WTSA2YR,1000,mediation::mediate weighted nonparametric bootstrap,ok,,0.00201326007083918,2.178282511235401e-4,0.00484276338818232,0.018,0.01432485136044878,-0.00130383042937279,0.03423535509084083,0.076,0.01660919728127858,3.951515624338453e-4,0.0367523727004468,0.042,0.12121356840697366,-0.01403329155774315,0.8150992210725408,0.056,0.02049999999999999,TRUE,12.121356840697366,12.121356840697366,Consistent (+),Aromatic Amines,4_ABP_ln_U,Significant (BH-FDR < 0.05),12.1%
X2_FL_ln_U,2493,261,2232,2013-2014|2015-2016,WTSA2YR,1000,mediation::mediate weighted nonparametric bootstrap,ok,,0.00204830526138468,6.491562751237496e-4,0.00412954935678309,0.004,0.00931709686895099,0.00431261529013411,0.01189887487550579,0.004,0.0118668500478488,0.00774668333636667,0.01366794714041954,0.002,0.17260732655469874,0.05506923419671322,0.4365603822324643,0.006,0.00546666666666666,TRUE,17.260732655469873,17.260732655469873,Consistent (+),Polycyclic Aromatic Hydrocarbons (PAH),2_FL_ln_U,Significant (BH-FDR < 0.05),17.3%
CEMA_CYM_ln_U,2459,258,2201,2013-2014|2015-2016,WTSA2YR,1000,mediation::mediate weighted nonparametric bootstrap,ok,,0.0020511237949317,7.371140387471614e-4,0.00361826763519559,0.006,0.0073562923567618704,0.00229021130783476,0.01186651779474399,0.004,0.0095742699589693,0.00475577876256016,0.01413490083126287,0,0.21423291840754735,0.07042165946759446,0.538071325905791,0.006,0.0076875,TRUE,21.42329184075474,21.42329184075474,Consistent (+),Volatile Organic Compounds (VOC),CEMA_CYM_ln_U,Significant (BH-FDR < 0.05),21.4%
X23_OH_PH_ln_U,2494,262,2232,2013-2014|2015-2016,WTSA2YR,1000,mediation::mediate weighted nonparametric bootstrap,ok,,0.00206885540540225,5.886246883297452e-4,0.00466081466811146,0,0.01069301493446957,0.001200475106675,0.01478426657702142,0.026,0.0131993004952754,0.00507434890000675,0.01658123503172499,0,0.15673977618304716,0.04057566804835461,0.7293933478834032,0,0,TRUE,15.673977618304717,15.673977618304717,Consistent (+),Polycyclic Aromatic Hydrocarbons (PAH),23_OH_PH_ln_U,Significant (BH-FDR < 0.05),15.7%
X3_FL_ln_U,2489,261,2228,2013-2014|2015-2016,WTSA2YR,1000,mediation::mediate weighted nonparametric bootstrap,ok,,0.00224320780124015,7.556937315665659e-4,0.00406951239481365,0,0.00968927725800474,0.00222703811133064,0.01432765155604783,0.016,0.01225635845262208,0.00531500539262496,0.01623806936756024,0.002,0.18302400422698584,0.05592767125679992,0.6122917462611855,0.002,0,TRUE,18.302400422698582,18.302400422698582,Consistent (+),Polycyclic Aromatic Hydrocarbons (PAH),3_FL_ln_U,Significant (BH-FDR < 0.05),18.3%
MB3_Cys_ln_U,2427,253,2174,2013-2014|2015-2016,WTSA2YR,1000,mediation::mediate weighted nonparametric bootstrap,ok,,0.0025377469238215,7.903653406974395e-4,0.00463063217228437,0,0.01056389430294592,0.00218559585167765,0.01597471435219737,0.028,0.01349142632243717,0.0051484762614734,0.01879148264370933,0.008,0.1881007139772212,0.05792925566329358,0.5746827805864015,0.008,0,TRUE,18.81007139772212,18.81007139772212,Consistent (+),Volatile Organic Compounds (VOC),MB3_Cys_ln_U,Significant (BH-FDR < 0.05),18.8%
CMAC_ln_U,2461,257,2204,2013-2014|2015-2016,WTSA2YR,1000,mediation::mediate weighted nonparametric bootstrap,ok,,0.00256326319933848,6.559326038311373e-4,0.00596367544608225,0,0.00297793470573883,-0.01033214643544202,0.00597385152570818,0.536,0.00567639856901111,-0.00615569626382781,0.00756823236564921,0.228,0.45156504924301505,-4.187107658616825,3.559686061342042,0.228,0,TRUE,45.15650492430151,45.15650492430151,Consistent (+),Volatile Organic Compounds (VOC),CMAC_ln_U,Significant (BH-FDR < 0.05),45.2%
Cd_ln_U,2502,262,2240,2013-2014|2015-2016,WTSA2YR,1000,mediation::mediate weighted nonparametric bootstrap,ok,,0.00276521736699077,4.5530453212831506e-4,0.00626145918897045,0.018,0.02742176093142501,0.00365495554879133,0.05996841907610134,0.012,0.03062815100192031,0.00608921456508785,0.06420229200206426,0.006,0.09028352272448303,0.01445477160879859,0.40992100659458103,0.024,0.02049999999999999,TRUE,9.028352272448306,9.028352272448306,Consistent (+),Heavy Metals,Cd_ln_U,Significant (BH-FDR < 0.05),9.0%
EO_ln_S,2415,259,2156,2013-2014|2015-2016,WTSA2YR,1000,mediation::mediate weighted nonparametric bootstrap,ok,,0.00278803957776412,9.054314464780076e-4,0.00558931366387679,0,0.00769961008384988,5.485071314251538e-4,0.01079911716563226,0.04,0.01093731576905091,0.00503131176256733,0.01307729369144078,0.002,0.2549107693912778,0.07981770788373681,0.866348612671741,0.002,0,TRUE,25.491076939127783,25.491076939127783,Consistent (+),Gaseous Pollutants,EO_ln_S,Significant (BH-FDR < 0.05),25.5%
X1_AN_ln_U,1218,105,1113,2013-2014,WTSA2YR,1000,mediation::mediate weighted nonparametric bootstrap,ok,,0.00283765665847733,7.976761489909461e-4,0.00564398523075653,0.004,0.00433980508188932,-0.00643930833106012,0.01577643446374877,0.434,0.00728950766847263,-0.00410346275591402,0.02000326106051775,0.226,0.38927960399167905,-2.2640991570218407,3.172517086738554,0.23,0.00546666666666666,TRUE,38.9279603991679,38.9279603991679,Consistent (+),Aromatic Amines,1_AN_ln_U,Significant (BH-FDR < 0.05),38.9%
Mn_binary_U,2504,262,2242,2013-2014|2015-2016,WTSA2YR,1000,mediation::mediate weighted nonparametric bootstrap,ok,,0.00322347017435908,5.409008255189471e-4,0.00701282515030014,0.018,0.0114480723969361,-0.01434659878359517,0.03772595881754215,0.428,0.01501576389282809,-0.01138832846994642,0.04293505345006566,0.298,0.21467240676970817,-2.4498417453283783,2.4221144930528955,0.308,0.02049999999999999,TRUE,21.467240676970818,21.467240676970818,Consistent (+),Heavy Metals,Mn_binary_U,Significant (BH-FDR < 0.05),21.5%
MBzP_ln_U,2426,263,2163,2013-2014|2015-2016,WTSB2YR,1000,mediation::mediate weighted nonparametric bootstrap,ok,,0.00328579172358505,0.00139496126192284,0.00566544230834643,0,-1.1752047206980852e-4,-0.01124228849433575,0.01050181270358518,0.972,0.00316483721903246,-0.00759706663706937,0.01360238751580542,0.55,1.0382182387849852,-12.766898664674466,7.087134609610061,0.55,0,TRUE,103.82182387849852,100,Consistent (+),Phthalates,MBzP_ln_U,Significant (BH-FDR < 0.05),103.8%
PMA_binary_U,2450,258,2192,2013-2014|2015-2016,WTSA2YR,1000,mediation::mediate weighted nonparametric bootstrap,ok,,0.00395643042463264,0.00116206383107476,0.00766065114823914,0.004,-0.00634009695624732,-0.02796081678412196,0.01586330908652856,0.618,-0.00260699779125321,-0.02506808722831553,0.02102441192934369,0.836,-1.517619400333572,-4.118563337013077,4.319952739084313,0.84,0.00546666666666666,TRUE,-151.7619400333572,100,Inconsistent (-),Volatile Organic Compounds (VOC),PMA_binary_U,Significant (BH-FDR < 0.05),
Cd_ln_S,3690,394,3296,2013-2014|2015-2016,WTSH2YR,1000,mediation::mediate weighted nonparametric bootstrap,ok,,0.00504559297991431,0.00258417431525101,0.00789520984182808,0,0.01421628239268805,0.00260013418017132,0.02426739315337676,0.022,0.02017449082650765,0.00845637618447381,0.0292252230999102,0,0.2500976616116039,0.10266446002226082,0.6284563898079473,0,0,TRUE,25.00976616116039,25.00976616116039,Consistent (+),Heavy Metals,Cd_ln_S,Significant (BH-FDR < 0.05),25.0%
HEMA_binary_U,2468,257,2211,2013-2014|2015-2016,WTSA2YR,1000,mediation::mediate weighted nonparametric bootstrap,ok,,0.00610355324081886,0.00271582541110399,0.01089533325514034,0.002,0.00923273584001636,-0.01573150417378405,0.03188403957038474,0.522,0.01588558987262016,-0.00997945154244286,0.04126014800966456,0.242,0.3842194901014495,-3.4428025725791622,4.831000455933339,0.244,0.00341666666666666,TRUE,38.42194901014495,38.42194901014495,Consistent (+),Volatile Organic Compounds (VOC),HEMA_binary_U,Significant (BH-FDR < 0.05),38.4%
X26_DMA_binary_U,1167,111,1056,2013-2014,WTSA2YR,1000,mediation::mediate weighted nonparametric bootstrap,ok,,0.00641275750538577,0.00168623314205431,0.01351370009645393,0.004,0.0018904576387515,-0.02790525431091579,0.03082129135027504,0.882,0.00842126760886789,-0.02230472180912741,0.03780009333759317,0.602,0.7614955138859278,-4.022264746961248,5.4145909979129785,0.602,0.00546666666666666,TRUE,76.14955138859278,76.14955138859278,Consistent (+),Aromatic Amines,26_DMA_binary_U,Significant (BH-FDR < 0.05),76.1%
Toluene_ln_S,3512,365,3147,2013-2014|2015-2016,WTSVOC2Y,1000,mediation::mediate weighted nonparametric bootstrap,ok,,0.00666183365859509,0.0035674816663877,0.0108481290074461,0,0.00625364628117261,-0.0042000671008131,0.02137095206543151,0.314,0.01318250398305477,8.189465435943531e-4,0.03072701516948244,0.04,0.5053541927359503,0.1631308260595818,2.5931973794392205,0.04,0,TRUE,50.535419273595025,50.535419273595025,Consistent (+),Volatile Organic Compounds (VOC),Toluene_ln_S,Significant (BH-FDR < 0.05),50.5%
o_Xylene_binary_S,3575,375,3200,2013-2014|2015-2016,WTSVOC2Y,1000,mediation::mediate weighted nonparametric bootstrap,ok,,0.00745414497804542,0.00397198197676452,0.01189516051207116,0,0.01815306163184272,-0.00216489706218158,0.03841898506021739,0.074,0.02691993687956983,0.00568729122747605,0.04932606320908907,0.018,0.27690053700321077,0.10932123673318378,1.0555518395256387,0.018,0,TRUE,27.690053700321076,27.690053700321076,Consistent (+),Volatile Organic Compounds (VOC),o_Xylene_binary_S,Significant (BH-FDR < 0.05),27.7%
PHE_Cys_binary_U,2428,252,2176,2013-2014|2015-2016,WTSA2YR,1000,mediation::mediate weighted nonparametric bootstrap,ok,,0.00782836416831558,0.00299804758111649,0.01327319588340375,0,0.00657905872383505,-0.01442092602172969,0.03031990250034138,0.57,0.01490541611961237,-0.00731553274470332,0.03978831757306831,0.208,0.5252026582481729,-3.311177390616278,5.8633979737411455,0.208,0,TRUE,52.520265824817294,52.520265824817294,Consistent (+),Volatile Organic Compounds (VOC),PHE_Cys_binary_U,Significant (BH-FDR < 0.05),52.5%
A_a_C_binary_U,1278,119,1159,2013-2014,WTSA2YR,1000,mediation::mediate weighted nonparametric bootstrap,ok,,0.00842665881942947,0.00225692090948044,0.01576900869066051,0.002,0.0128332385647639,-0.01617069669990553,0.04383747131076317,0.348,0.02240947326931214,-0.00970183654664782,0.05577366734396603,0.144,0.37603109712395894,-1.897339912486074,3.726383724664263,0.146,0.00341666666666666,TRUE,37.60310971239589,37.60310971239589,Consistent (+),Aromatic Amines,A_a_C_binary_U,Significant (BH-FDR < 0.05),37.6%
GAM_Cys_binary_U,2486,259,2227,2013-2014|2015-2016,WTSA2YR,1000,mediation::mediate weighted nonparametric bootstrap,ok,,0.00977658235663009,0.00427485959056252,0.01617876375435798,0,-1.8518343843009136e-4,-0.02353880375388005,0.02274635762269284,0.95,0.00957404045948311,-0.01399840710313816,0.03387380713555665,0.428,1.0211553207868849,-12.495574325759408,8.879114638367517,0.428,0,TRUE,102.11553207868847,100,Consistent (+),Volatile Organic Compounds (VOC),GAM_Cys_binary_U,Significant (BH-FDR < 0.05),102.1%
Benzene_binary_S,3484,368,3116,2013-2014|2015-2016,WTSVOC2Y,1000,mediation::mediate weighted nonparametric bootstrap,ok,,0.01039179977328801,0.0057004814929736,0.01614088716192463,0,0.00233713553056387,-0.01783278017544118,0.0230019066717467,0.746,0.01295331293503719,-0.00899414049161188,0.0356654458032331,0.228,0.8022503451745856,-5.1330572381800526,5.3460276894248615,0.228,0,TRUE,80.22503451745855,80.22503451745855,Consistent (+),Volatile Organic Compounds (VOC),Benzene_binary_S,Significant (BH-FDR < 0.05),80.2%
Ethylbenzene_binary_S,3491,366,3125,2013-2014|2015-2016,WTSVOC2Y,1000,mediation::mediate weighted nonparametric bootstrap,ok,,0.01060576415321424,0.00536383199302466,0.01639358059931049,0,0.00882888611615513,-0.01138286056185912,0.02964712464162981,0.43,0.02032374721804301,-0.00176258686271597,0.04355281669736154,0.074,0.5218409793937342,-2.4142929662668897,4.17490717756632,0.074,0,TRUE,52.184097939373416,52.184097939373416,Consistent (+),Volatile Organic Compounds (VOC),Ethylbenzene_binary_S,Significant (BH-FDR < 0.05),52.2%
CYHA_Cys_binary_U,1187,137,1050,2015-2016,WTSA2YR,1000,mediation::mediate weighted nonparametric bootstrap,ok,,0.01222797331784824,-0.00177715488014339,0.03049205982744224,0.078,0.03994139598516146,-0.01139809985864936,0.0949291583831477,0.122,0.0566591748629551,0.0047811348576503,0.1146526377683556,0.034,0.21581629713854397,-0.08740631513795633,1.4937859480517366,0.108,0.08415789473684211,FALSE,21.581629713854397,21.581629713854397,Consistent (+),Volatile Organic Compounds (VOC),CYHA_Cys_binary_U,Non-significant,
MeA_a_C_binary_U,1279,118,1161,2013-2014,WTSA2YR,1000,mediation::mediate weighted nonparametric bootstrap,ok,,0.01254793803321899,0.00290631724142475,0.02350023207915758,0.004,0.02317696354330093,-0.01759217438921766,0.06604097209104394,0.288,0.03859737874672175,-0.00604816309390179,0.08535051121172388,0.096,0.3250981916559489,-2.119638727588528,3.078898919077475,0.1,0.00546666666666666,TRUE,32.50981916559489,32.50981916559489,Consistent (+),Aromatic Amines,MeA_a_C_binary_U,Significant (BH-FDR < 0.05),32.5%
Furan_binary_S,3586,375,3211,2013-2014|2015-2016,WTSVOC2Y,1000,mediation::mediate weighted nonparametric bootstrap,ok,,0.01840243248838905,0.00939065274183154,0.02852871771605371,0,0.02301514592584916,-0.00700400461014441,0.05325397993290703,0.14,0.04522652317649753,0.01158182202533243,0.08073823353254775,0,0.40689469797563566,0.18132577875045988,1.595937430847931,0,0,TRUE,40.68946979756357,40.68946979756357,Consistent (+),Volatile Organic Compounds (VOC),Furan_binary_S,Significant (BH-FDR < 0.05),40.7%
X25_DMF_binary_S,3581,374,3207,2013-2014|2015-2016,WTSVOC2Y,1000,mediation::mediate weighted nonparametric bootstrap,ok,,0.01867121794816353,0.00952376087828396,0.02991442005715037,0.002,0.02449522672742184,-0.00294216734242647,0.05512576498677697,0.078,0.04739289140564182,0.01895846135779116,0.08208392098061795,0.002,0.3939666349612264,0.1691826792406834,1.1705299137203555,0.004,0.00341666666666666,TRUE,39.39666349612264,39.39666349612264,Consistent (+),Volatile Organic Compounds (VOC),25_DMF_binary_S,Significant (BH-FDR < 0.05),39.4%
